TARGET,AMT_INCOME_TOTAL,AMT_CREDIT,AMT_ANNUITY,CNT_CHILDREN,EMPLOYMENT_YEARS,EDU_SCORE,INCOME_TYPE_SCORE,REVOLVING_FLAG
0,90000.0,270000.0,13500.0,1,1.0431211498973305,0.4,0.5,1.0
0,270000.0,1288350.0,37800.0,1,4.70362765229295,0.4,0.5,0.0
1,153000.0,608076.0,23053.5,0,10.584531143052704,0.4,0.5,0.0
0,283500.0,1467612.0,56029.5,2,2.1190965092402463,0.4,0.5,0.0
0,90000.0,360000.0,17509.5,0,2.2477754962354553,0.85,0.5,0.0
0,162000.0,526500.0,28692.0,0,3.682409308692676,0.4,0.5,0.0
1,135000.0,457834.5,33444.0,1,5.166324435318275,0.4,0.5,0.0
1,112500.0,690048.0,22257.0,2,0.29021218343600275,0.4,0.5,0.0
0,90000.0,247500.0,12375.0,0,2.083504449007529,0.85,0.6,1.0
1,202500.0,210456.0,16758.0,0,1.4182067077344285,0.4,0.5,0.0
0,180000.0,281493.0,24079.5,0,2.1409993155373033,0.4,0.6,0.0
0,315000.0,971280.0,97177.5,1,0.6899383983572895,0.4,0.5,0.0
1,144000.0,469152.0,28350.0,2,0.4188911704312115,0.4,0.5,0.0
1,315000.0,472500.0,15372.0,1,8.895277207392198,0.4,0.6,0.0
0,135000.0,526491.0,32337.0,1,0.7474332648870636,0.4,0.5,0.0
0,90000.0,315000.0,15750.0,0,8.851471594798083,0.4,0.5,1.0
0,90000.0,1078200.0,31522.5,0,1.8234086242299794,0.4,0.65,0.0
0,67500.0,607500.0,20205.0,0,6.321697467488022,0.4,0.5,0.0
1,180000.0,855000.0,34821.0,1,2.625598904859685,0.4,0.5,0.0
1,112500.0,197820.0,15664.5,2,5.262149212867898,0.4,0.5,0.0
1,112500.0,490005.0,29740.5,1,3.405886379192334,0.4,0.6,0.0
0,112500.0,814041.0,23931.0,2,0.7364818617385352,0.4,0.5,0.0
0,315000.0,1968529.5,54261.0,2,5.2648870636550305,0.85,0.6,0.0
0,126000.0,207306.0,10714.5,0,2.461327857631759,0.85,0.6,0.0
0,112500.0,264888.0,27945.0,1,0.5147159479808351,0.85,0.6,0.0
0,225000.0,526491.0,33777.0,0,6.937713894592744,0.4,0.5,0.0
0,157500.0,364896.0,25524.0,0,34.39835728952772,0.4,0.5,0.0
0,405000.0,296280.0,13180.5,1,22.102669404517453,0.4,0.65,0.0
0,67500.0,616261.5,20497.5,0,7.293634496919918,0.4,0.5,0.0
0,369000.0,436032.0,20457.0,0,19.61122518822724,0.4,0.6,0.0
0,108000.0,180000.0,9000.0,1,0.31485284052019163,0.4,0.6,1.0
0,135000.0,152820.0,15241.5,1,7.2498288843258045,0.4,0.6,0.0
0,333000.0,1546020.0,45333.0,0,11.123887748117728,0.85,0.65,0.0
0,112500.0,100246.5,7888.5,1,3.693360711841205,0.85,0.5,0.0
0,256500.0,536917.5,28737.0,0,10.04517453798768,0.85,0.6,0.0
1,162000.0,252000.0,7974.0,0,1.3552361396303902,0.85,0.5,0.0
0,495000.0,1035000.0,33516.0,0,8.933607118412047,0.4,0.5,0.0
0,112500.0,315000.0,16132.5,0,7.9808350444900755,0.4,0.5,0.0
0,157500.0,548775.0,52236.0,1,0.5420944558521561,0.4,0.5,0.0
0,153000.0,1006920.0,40063.5,0,6.143737166324435,0.4,0.5,0.0
0,112500.0,675000.0,21906.0,0,5.500342231348392,0.4,0.6,0.0
0,112500.0,312768.0,22756.5,1,8.780287474332649,0.4,0.5,0.0
1,67500.0,135000.0,6750.0,2,5.834360027378508,0.4,0.5,1.0
0,211500.0,450000.0,21780.0,1,21.44284736481862,0.85,0.5,0.0
0,202500.0,900000.0,31887.0,0,3.2580424366872007,0.4,0.5,0.0
0,67500.0,202500.0,10125.0,0,6.206707734428473,0.4,0.6,1.0
0,144000.0,234324.0,24993.0,0,1.9411362080766599,0.6,0.5,0.0
0,405000.0,900000.0,46084.5,1,1.4099931553730323,0.4,0.6,0.0
0,180000.0,134775.0,6880.5,1,11.871321013004792,0.4,0.5,0.0
1,112500.0,640080.0,23121.0,0,5.352498288843258,0.4,0.5,0.0
0,225000.0,497520.0,49338.0,0,9.700205338809035,0.4,0.5,0.0
0,112500.0,88618.5,10647.0,1,3.271731690622861,0.4,0.6,0.0
1,99000.0,545040.0,26640.0,1,1.73305954825462,0.4,0.5,0.0
0,180000.0,675000.0,28728.0,0,3.6413415468856947,0.4,0.6,0.0
0,180000.0,592560.0,32274.0,0,3.375770020533881,0.85,0.5,0.0
0,112500.0,202500.0,10125.0,1,3.02258726899384,0.4,0.5,1.0
0,180000.0,360000.0,18000.0,3,7.701574264202601,0.4,0.5,1.0
0,148500.0,239850.0,25960.5,1,2.521560574948665,0.4,0.5,0.0
0,202500.0,592560.0,32274.0,0,14.18754277891855,0.4,0.6,0.0
0,405000.0,450000.0,47254.5,1,5.1416837782340865,0.4,0.5,0.0
0,157500.0,808650.0,26086.5,1,11.304585900068446,0.85,0.5,0.0
0,112500.0,180000.0,9000.0,0,7.58384668035592,0.4,0.5,1.0
0,234000.0,1035000.0,41175.0,0,8.4435318275154,0.4,0.5,0.0
0,225000.0,286704.0,23116.5,0,6.647501711156742,0.6,0.65,0.0
0,67500.0,242595.0,12699.0,1,2.291581108829569,0.4,0.5,0.0
0,90000.0,188685.0,14944.5,1,5.752224503764545,0.4,0.5,0.0
0,72000.0,180000.0,9000.0,0,0.6899383983572895,0.4,0.5,1.0
0,135000.0,210456.0,9810.0,0,4.024640657084189,0.85,0.6,0.0
0,172800.0,675000.0,19476.0,0,3.2826830937713893,0.4,0.5,0.0
1,112500.0,585000.0,42700.5,2,3.0061601642710474,0.4,0.5,0.0
0,112500.0,180000.0,9000.0,0,3.0937713894592744,0.4,0.5,1.0
0,225000.0,640080.0,31261.5,1,1.809719370294319,0.4,0.5,0.0
0,90000.0,91692.0,9859.5,0,23.044490075290895,0.4,0.5,0.0
0,234000.0,576000.0,24534.0,0,9.566050650239562,0.4,0.5,0.0
0,180000.0,1125000.0,32895.0,2,9.700205338809035,0.4,0.5,0.0
0,225000.0,805536.0,34128.0,1,2.3983572895277208,0.4,0.5,0.0
1,112500.0,1006920.0,44352.0,0,3.4277891854893907,0.4,0.5,0.0
1,112500.0,161730.0,9900.0,0,4.41615331964408,0.85,0.5,0.0
0,99000.0,270000.0,13500.0,1,0.9007529089664613,0.85,0.5,1.0
1,126000.0,137538.0,9085.5,1,0.840520191649555,0.4,0.5,0.0
0,157500.0,567000.0,30339.0,0,1.5085557837097878,0.4,0.6,0.0
0,157500.0,647046.0,19048.5,0,7.931553730321697,0.4,0.6,0.0
0,193500.0,254700.0,20250.0,1,1.78507871321013,0.4,0.6,0.0
1,315000.0,440784.0,32071.5,0,2.105407255304586,0.4,0.5,0.0
1,135000.0,808650.0,26217.0,0,2.184804928131417,0.4,0.5,0.0
0,270000.0,1267735.5,37197.0,0,2.6091718001368926,0.85,0.6,0.0
1,135000.0,199404.0,9828.0,0,4.199863107460644,0.4,0.5,0.0
0,180000.0,916470.0,32467.5,0,9.075975359342916,0.4,0.5,0.0
0,135000.0,1339884.0,39307.5,1,0.44353182751540043,0.4,0.5,0.0
0,405000.0,1096020.0,59458.5,0,0.30390143737166325,0.85,0.6,0.0
0,495000.0,1125000.0,36423.0,0,0.5147159479808351,0.85,0.65,0.0
0,90000.0,454500.0,17608.5,0,10.910335386721425,0.4,0.5,0.0
0,315000.0,1355328.0,57555.0,1,11.600273785078713,0.85,0.6,0.0
1,112500.0,355320.0,38263.5,1,1.2101300479123889,0.4,0.5,0.0
1,90000.0,785250.0,30555.0,0,5.262149212867898,0.85,0.6,0.0
0,180000.0,450000.0,20979.0,0,7.939767282683094,0.4,0.5,0.0
0,157500.0,900000.0,46084.5,0,2.9815195071868583,0.4,0.5,0.0
0,126000.0,558000.0,38965.5,0,6.31895961670089,0.4,0.65,0.0
1,144000.0,306000.0,16600.5,0,8.898015058179329,0.4,0.5,0.0
1,45000.0,314100.0,16573.5,1,0.9253935660506503,0.4,0.5,0.0
0,103500.0,225000.0,9909.0,0,2.704996577686516,0.4,0.5,0.0
0,90000.0,135000.0,6750.0,0,1.3908281998631074,0.4,0.5,1.0
0,225000.0,808650.0,26217.0,0,0.999315537303217,0.4,0.6,0.0
0,180000.0,452385.0,17181.0,2,1.0841889117043122,0.4,0.5,0.0
0,135000.0,545040.0,26640.0,1,7.685147159479809,0.4,0.6,0.0
0,108000.0,835380.0,40320.0,0,9.242984257357975,0.4,0.5,0.0
0,337500.0,997335.0,35464.5,0,3.9479808350444903,0.4,0.5,0.0
0,135000.0,421645.5,45409.5,0,1.4647501711156743,0.6,0.5,0.0
0,112500.0,225000.0,25515.0,0,0.7802874743326489,0.4,0.5,0.0
0,90000.0,166500.0,7888.5,1,1.5359342915811087,0.4,0.5,0.0
0,90000.0,270000.0,32040.0,0,6.9897330595482545,0.4,0.5,0.0
0,108000.0,314100.0,16573.5,1,0.4271047227926078,0.85,0.5,0.0
0,157500.0,675000.0,21906.0,0,1.6399726214921286,0.85,0.5,0.0
0,225000.0,270000.0,13500.0,0,0.7638603696098563,0.85,0.6,1.0
1,90000.0,291384.0,23008.5,1,0.32306639288158795,0.4,0.5,0.0
0,112500.0,327024.0,21982.5,0,8.479123887748118,0.85,0.5,0.0
1,60750.0,405000.0,21204.0,1,1.4784394250513346,0.4,0.5,0.0
1,112500.0,269550.0,14242.5,0,0.944558521560575,0.4,0.5,0.0
0,225000.0,545040.0,26640.0,0,2.7159479808350446,0.4,0.5,0.0
0,377145.0,1971072.0,59760.0,0,1.9575633127994525,0.4,0.6,0.0
0,112500.0,601470.0,30838.5,0,2.3545516769336072,0.4,0.5,0.0
0,90000.0,251091.0,25857.0,0,4.5366187542778915,0.4,0.5,0.0
0,180000.0,301500.0,32467.5,1,3.0171115674195756,0.4,0.5,0.0
0,180000.0,526491.0,22261.5,0,22.46132785763176,0.4,0.5,0.0
0,121500.0,135000.0,6750.0,0,0.3668720054757016,0.85,0.5,1.0
0,67500.0,202500.0,10125.0,0,5.0513347022587265,0.4,0.5,1.0
0,117000.0,497520.0,33246.0,0,4.314852840520191,0.4,0.5,0.0
1,157500.0,1125000.0,32890.5,0,0.6926762491444216,0.85,0.6,0.0
0,90000.0,269550.0,18364.5,0,1.4565366187542779,0.4,0.6,0.0
0,180000.0,1066320.0,38299.5,0,0.4736481861738535,0.4,0.5,0.0
0,87750.0,691020.0,26905.5,0,0.9555099247091033,0.4,0.5,0.0
0,135000.0,679500.0,27076.5,0,0.33401779603011633,0.4,0.6,0.0
0,225000.0,841500.0,24732.0,0,24.008213552361397,0.4,0.5,0.0
0,360000.0,1113399.0,47173.5,1,18.82819986310746,0.4,0.65,0.0
0,225000.0,545040.0,25537.5,2,0.9856262833675564,0.85,0.5,0.0
0,72000.0,254700.0,20250.0,0,5.193702943189596,0.85,0.5,0.0
0,90000.0,199467.0,15790.5,2,10.614647501711156,0.4,0.6,0.0
1,135000.0,755190.0,36459.0,0,4.766598220396989,0.4,0.6,0.0
1,252000.0,468333.0,28782.0,0,3.2087611225188226,0.4,0.5,0.0
0,112500.0,47970.0,4743.0,0,7.652292950034223,0.4,0.5,0.0
0,180000.0,261000.0,22455.0,0,0.3805612594113621,0.85,0.5,0.0
1,90000.0,270000.0,13783.5,0,19.55373032169747,0.4,0.5,0.0
0,126000.0,277969.5,18706.5,0,32.99931553730322,0.2,0.6,0.0
0,247500.0,473760.0,53451.0,1,5.073237508555784,0.85,0.6,0.0
0,180000.0,545040.0,35617.5,1,1.757700205338809,0.4,0.5,0.0
1,202500.0,755190.0,36459.0,0,2.5927446954141,0.4,0.5,0.0
0,112500.0,497520.0,36333.0,0,0.5201916495550992,0.2,0.5,0.0
0,103500.0,675000.0,21906.0,0,1.6454483230663928,0.4,0.5,0.0
1,157500.0,358443.0,13639.5,0,1.9301848049281314,0.4,0.5,0.0
0,270000.0,843934.5,40729.5,0,8.035592060232718,0.85,0.6,0.0
0,112500.0,545040.0,36423.0,0,6.195756331279945,0.4,0.5,0.0
0,180000.0,270000.0,13500.0,0,3.701574264202601,0.6,0.65,1.0
1,202500.0,888840.0,32053.5,0,13.39356605065024,0.4,0.5,0.0
0,180000.0,225000.0,22050.0,0,19.759069130732374,0.4,0.65,0.0
0,76500.0,299772.0,14710.5,0,1.054072553045859,0.4,0.6,0.0
0,189000.0,1190434.5,38533.5,0,6.721423682409308,0.85,0.5,0.0
0,495000.0,521280.0,22959.0,2,11.148528405201917,0.85,0.5,0.0
0,135000.0,188685.0,8122.5,0,8.087611225188228,0.4,0.6,0.0
1,112500.0,1288350.0,37800.0,1,1.0321697467488022,0.4,0.5,0.0
0,202500.0,675000.0,45108.0,0,9.631759069130732,0.85,0.5,0.0
0,67500.0,90000.0,9580.5,2,3.972621492128679,0.4,0.5,0.0
0,202500.0,148500.0,16924.5,0,3.7727583846680357,0.4,0.5,0.0
1,67500.0,544491.0,15916.5,2,3.0444900752908968,0.6,0.5,0.0
0,337500.0,832500.0,29623.5,0,0.9527720739219713,0.4,0.6,0.0
0,135000.0,450000.0,20979.0,0,8.618754277891854,0.4,0.5,0.0
0,193500.0,550980.0,40221.0,0,0.24914442162902123,0.4,0.6,0.0
0,180000.0,662022.0,33930.0,0,7.797399041752224,0.85,0.6,0.0
1,225000.0,436032.0,29268.0,3,1.516769336071184,0.4,0.5,0.0
0,157500.0,508495.5,24592.5,0,4.402464065708419,0.4,0.5,0.0
0,225000.0,270000.0,13500.0,0,2.083504449007529,0.85,0.5,1.0
1,112500.0,180000.0,9000.0,0,3.707049965776865,0.6,0.5,1.0
0,85761.0,225000.0,12811.5,1,2.4531143052703626,0.85,0.6,0.0
1,270000.0,1035000.0,30393.0,0,3.728952772073922,0.4,0.6,0.0
0,270000.0,499500.0,19485.0,1,3.789185489390828,0.4,0.5,0.0
0,279000.0,450000.0,32877.0,0,6.420260095824777,0.4,0.6,0.0
0,225000.0,254700.0,30357.0,0,0.7091033538672142,0.4,0.6,0.0
0,270000.0,805536.0,41260.5,0,10.485968514715948,0.4,0.5,0.0
0,360000.0,315000.0,16083.0,0,3.274469541409993,0.4,0.5,0.0
0,135000.0,207000.0,13608.0,2,0.8761122518822724,0.4,0.5,0.0
0,225000.0,882000.0,29277.0,0,7.3319644079397674,0.85,0.6,0.0
1,247500.0,447768.0,35505.0,0,7.84394250513347,0.4,0.5,0.0
0,90000.0,1125000.0,32895.0,1,3.3155373032169746,0.4,0.6,0.0
0,171000.0,675000.0,21906.0,0,1.215605749486653,0.4,0.5,0.0
0,90000.0,634482.0,18679.5,0,6.844626967830253,0.85,0.5,0.0
0,112500.0,553500.0,20641.5,0,2.811772758384668,0.4,0.5,0.0
0,225000.0,1042560.0,34587.0,0,3.676933607118412,0.2,0.5,0.0
0,157500.0,450000.0,22018.5,0,10.642026009582478,0.4,0.5,0.0
0,68850.0,808650.0,23643.0,0,9.672826830937714,0.4,0.5,0.0
0,292500.0,900000.0,45000.0,0,1.727583846680356,0.4,0.6,1.0
0,126000.0,284400.0,13833.0,2,10.433949349760438,0.4,0.65,0.0
0,157500.0,270000.0,13500.0,1,2.6776180698151952,0.85,0.5,1.0
0,90000.0,539100.0,29376.0,0,3.4195756331279945,0.4,0.5,0.0
0,173502.0,1350000.0,34128.0,0,0.9117043121149897,0.6,0.6,0.0
0,225000.0,562491.0,23962.5,1,9.388090349075975,0.85,0.65,0.0
0,157500.0,270000.0,13500.0,1,1.8535249828884326,0.85,0.5,1.0
0,157500.0,1062027.0,31180.5,0,1.1854893908281998,0.4,0.5,0.0
0,180000.0,202500.0,10125.0,0,5.385352498288843,0.4,0.5,1.0
0,103500.0,135000.0,6750.0,1,0.49555099247091033,0.4,0.5,1.0
0,270000.0,675000.0,53329.5,0,4.720054757015743,0.4,0.5,0.0
0,126000.0,894766.5,29700.0,2,0.9062286105407256,0.85,0.6,0.0
0,112500.0,225000.0,22252.5,0,1.1444216290212184,0.4,0.6,0.0
0,90000.0,648000.0,21033.0,1,8.813141683778234,0.4,0.5,0.0
0,202500.0,1042560.0,62082.0,0,5.073237508555784,0.4,0.5,0.0
0,189000.0,746280.0,54436.5,1,1.3114305270362765,0.4,0.6,0.0
0,180000.0,180000.0,9000.0,0,4.095824777549623,0.4,0.5,1.0
0,225000.0,1006920.0,51543.0,2,0.9089664613278576,0.4,0.5,0.0
0,112500.0,1078200.0,38200.5,3,2.809034907597536,0.4,0.5,0.0
0,180000.0,269550.0,11416.5,0,3.154004106776181,0.4,0.5,0.0
0,135000.0,225000.0,14647.5,0,11.542778918548938,0.85,0.5,0.0
1,135000.0,497520.0,33376.5,1,7.871321013004791,0.6,0.5,0.0
0,90000.0,180000.0,7753.5,0,0.3258042436687201,0.4,0.6,0.0
1,90000.0,592560.0,32274.0,0,3.164955509924709,0.4,0.6,0.0
1,180000.0,495000.0,39240.0,0,1.8726899383983573,0.6,0.6,0.0
0,157500.0,270000.0,16312.5,0,4.832306639288158,0.4,0.65,0.0
0,270000.0,1467612.0,58333.5,0,3.2005475701574264,0.4,0.5,0.0
0,112500.0,312768.0,25204.5,1,7.603011635865846,0.4,0.5,0.0
0,238500.0,592560.0,26230.5,1,8.0,0.4,0.5,0.0
0,180000.0,906228.0,38524.5,0,0.2327173169062286,0.6,0.6,0.0
0,166500.0,545040.0,36553.5,0,5.678302532511978,0.4,0.5,0.0
0,135000.0,781920.0,39924.0,2,9.96851471594798,0.4,0.5,0.0
0,180000.0,728460.0,44694.0,1,11.745379876796715,0.4,0.5,0.0
1,135000.0,601474.5,30838.5,0,1.4811772758384667,0.6,0.6,0.0
0,225000.0,931617.0,44820.0,0,7.712525667351129,0.4,0.65,0.0
0,202500.0,643207.5,46935.0,0,5.111567419575633,0.4,0.6,0.0
0,270000.0,450000.0,22018.5,1,14.223134839151266,0.4,0.5,0.0
0,121500.0,454500.0,19255.5,0,10.22861054072553,0.85,0.5,0.0
0,157500.0,1185282.0,34785.0,0,1.5359342915811087,0.4,0.5,0.0
0,135000.0,1436850.0,42012.0,1,18.42299794661191,0.6,0.6,0.0
0,315000.0,545040.0,26509.5,0,0.5338809034907598,0.4,0.5,0.0
1,112500.0,450000.0,21888.0,2,5.021218343600274,0.85,0.5,0.0
0,112500.0,135000.0,6750.0,1,1.919233401779603,0.85,0.6,1.0
0,270000.0,1824480.0,55444.5,0,16.810403832991103,0.4,0.5,0.0
0,225000.0,1078200.0,31653.0,0,4.39151266255989,0.85,0.5,0.0
0,121500.0,479799.0,23080.5,1,5.801505817932923,0.4,0.5,0.0
1,157500.0,592560.0,23314.5,0,1.0431211498973305,0.85,0.5,0.0
0,189000.0,781920.0,47835.0,0,6.669404517453799,0.4,0.5,0.0
0,157500.0,225000.0,11250.0,0,5.032169746748802,0.4,0.5,1.0
0,180000.0,900000.0,46084.5,1,13.702943189596168,0.4,0.5,0.0
0,157500.0,970380.0,27940.5,1,2.5708418891170433,0.85,0.5,0.0
0,202500.0,130824.0,8869.5,0,1.5249828884325805,0.4,0.5,0.0
0,121500.0,814500.0,33304.5,0,1.5249828884325805,0.4,0.5,0.0
1,103500.0,562500.0,21924.0,0,4.542094455852156,0.4,0.5,0.0
0,225000.0,728460.0,37134.0,1,13.585215605749486,0.6,0.5,0.0
1,112500.0,143910.0,17208.0,0,3.457905544147844,0.4,0.5,0.0
0,112500.0,1303812.0,35982.0,0,6.047912388774812,0.4,0.65,0.0
0,202500.0,532345.5,29722.5,0,2.595482546201232,0.4,0.6,0.0
1,135000.0,1024740.0,52452.0,1,2.529774127310062,0.4,0.6,0.0
0,112500.0,225000.0,8482.5,0,6.590006844626968,0.4,0.5,0.0
0,360000.0,1078200.0,38200.5,0,0.432580424366872,0.4,0.5,0.0
0,202500.0,868797.0,36940.5,0,0.7501711156741958,0.4,0.6,0.0
0,90000.0,247675.5,17743.5,1,12.914442162902121,0.4,0.5,0.0
0,90000.0,808650.0,26217.0,0,7.660506502395619,0.4,0.5,0.0
0,67500.0,226908.0,10705.5,2,8.78302532511978,0.4,0.5,0.0
0,225000.0,260640.0,31059.0,0,0.9527720739219713,0.85,0.5,0.0
0,180000.0,101880.0,10939.5,0,0.9965776865160849,0.6,0.5,0.0
0,135000.0,172021.5,18526.5,1,10.039698836413416,0.4,0.5,0.0
1,144000.0,545040.0,25537.5,1,0.31485284052019163,0.4,0.5,0.0
0,117000.0,180000.0,9000.0,0,34.926762491444215,0.4,0.6,1.0
0,157500.0,225000.0,11250.0,0,2.7926078028747434,0.4,0.6,1.0
0,162000.0,531265.5,24894.0,0,1.5441478439425051,0.4,0.5,0.0
0,180000.0,1078200.0,31653.0,1,0.7720739219712526,0.4,0.5,0.0
0,157500.0,180000.0,9000.0,0,1.1854893908281998,0.85,0.5,1.0
0,130500.0,904500.0,50634.0,0,4.722792607802875,0.4,0.5,0.0
1,112500.0,315666.0,24916.5,2,3.8795345653661877,0.4,0.5,0.0
1,135000.0,835380.0,42840.0,1,6.976043805612594,0.4,0.5,0.0
0,72000.0,284400.0,19134.0,0,6.978781656399726,0.4,0.65,0.0
0,108000.0,1350000.0,39604.5,2,7.540041067761807,0.4,0.6,0.0
0,112500.0,239418.0,19044.0,0,10.026009582477755,0.4,0.5,0.0
0,225000.0,553806.0,23593.5,2,2.2012320328542097,0.4,0.5,0.0
0,135000.0,495000.0,36148.5,2,7.477070499657769,0.4,0.6,0.0
1,540000.0,746280.0,54436.5,1,9.919233401779604,0.4,0.5,0.0
0,76500.0,675000.0,32602.5,1,2.833675564681725,0.4,0.5,0.0
0,157500.0,314100.0,17167.5,0,3.9616700889801506,0.4,0.5,0.0
0,243000.0,521280.0,26743.5,0,0.7255304585900069,0.85,0.6,0.0
1,94500.0,172512.0,9162.0,2,8.971937029431896,0.4,0.5,0.0
0,90000.0,94230.0,4122.0,1,20.514715947980836,0.4,0.65,0.0
0,292500.0,508500.0,37134.0,0,14.105407255304586,0.4,0.6,0.0
1,157500.0,284400.0,22599.0,1,0.6598220396988365,0.4,0.5,0.0
0,315000.0,1440000.0,54976.5,1,2.8528405201916494,0.4,0.6,0.0
1,112500.0,900000.0,38133.0,0,3.0198494182067077,0.4,0.5,0.0
0,63000.0,1078200.0,34911.0,0,6.713210130047912,0.4,0.5,0.0
0,247500.0,405000.0,42970.5,2,6.3408624229979464,0.85,0.6,0.0
0,117000.0,364896.0,23449.5,2,0.9007529089664613,0.4,0.5,0.0
0,180000.0,1350000.0,50031.0,1,18.10814510609172,0.85,0.65,0.0
0,382500.0,720000.0,19120.5,2,6.631074606433949,0.85,0.6,0.0
1,99000.0,225000.0,18171.0,1,1.0622861054072552,0.4,0.5,0.0
0,180000.0,1125000.0,44748.0,0,4.090349075975359,0.4,0.6,0.0
0,175500.0,180000.0,13095.0,0,10.338124572210814,0.4,0.5,0.0
0,171000.0,679500.0,28917.0,2,9.971252566735114,0.4,0.5,0.0
0,180000.0,494550.0,39649.5,0,2.8993839835728954,0.85,0.5,0.0
0,85500.0,468733.5,14845.5,2,0.9144421629021219,0.4,0.5,0.0
0,112500.0,211500.0,10287.0,0,4.292950034223135,0.4,0.5,0.0
1,135000.0,755190.0,36459.0,0,14.737850787132102,0.4,0.5,0.0
0,292500.0,540000.0,27000.0,0,9.35523613963039,0.4,0.6,1.0
0,225000.0,640080.0,31261.5,1,6.699520876112252,0.4,0.5,0.0
0,202500.0,263686.5,28525.5,1,18.811772758384667,0.4,0.6,0.0
0,427500.0,1096020.0,55962.0,2,15.822039698836413,0.85,0.5,0.0
0,262800.0,1620000.0,46426.5,1,1.834360027378508,0.4,0.6,0.0
0,90000.0,545040.0,20547.0,0,13.637234770704996,0.4,0.5,0.0
0,162000.0,754740.0,22198.5,0,5.6974674880219025,0.4,0.5,0.0
0,135000.0,270000.0,13500.0,2,4.180698151950718,0.4,0.5,1.0
0,180000.0,1350000.0,39474.0,1,2.4832306639288158,0.4,0.5,0.0
0,135000.0,270000.0,8919.0,0,25.22381930184805,0.4,0.5,0.0
1,270000.0,225000.0,17905.5,0,7.351129363449692,0.4,0.6,0.0
0,157500.0,781920.0,23836.5,2,1.7713894592744694,0.85,0.5,0.0
0,99000.0,314100.0,16573.5,0,11.759069130732374,0.4,0.65,0.0
0,90000.0,545040.0,19705.5,2,2.1464750171115674,0.4,0.5,0.0
0,225000.0,781920.0,47835.0,1,10.625598904859686,0.85,0.5,0.0
0,220500.0,961146.0,31135.5,2,8.837782340862423,0.4,0.65,0.0
0,202500.0,1678522.5,58473.0,0,16.314852840520192,0.4,0.5,0.0
0,180000.0,539100.0,29245.5,0,4.232717316906228,0.4,0.6,0.0
0,81000.0,432567.0,17055.0,1,3.4743326488706368,0.4,0.6,0.0
0,90000.0,904500.0,29308.5,1,12.61327857631759,0.4,0.6,0.0
1,157500.0,906615.0,30091.5,1,0.28199863107460643,0.85,0.6,0.0
0,126000.0,755190.0,27985.5,2,4.210814510609172,0.85,0.5,0.0
0,135000.0,254700.0,14751.0,0,7.24435318275154,0.4,0.5,0.0
1,225000.0,152820.0,15241.5,0,2.004106776180698,0.85,0.6,0.0
0,135000.0,700830.0,25875.0,1,3.5509924709103355,0.4,0.6,0.0
0,63000.0,239850.0,28593.0,1,2.967830253251198,0.85,0.5,0.0
0,157500.0,691020.0,20335.5,0,7.080082135523614,0.4,0.5,0.0
0,576000.0,900000.0,45000.0,0,1.0869267624914443,0.85,0.6,1.0
0,225000.0,490536.0,17748.0,0,20.73100616016427,0.4,0.6,0.0
0,112500.0,360000.0,24484.5,0,3.2114989733059547,0.4,0.5,0.0
0,202500.0,1125000.0,33025.5,0,6.26694045174538,0.85,0.5,0.0
0,157500.0,1125000.0,39987.0,3,1.2813141683778233,0.6,0.5,0.0
0,112500.0,521280.0,27423.0,0,7.715263518138261,0.4,0.5,0.0
1,225000.0,422235.0,25645.5,0,8.851471594798083,0.6,0.5,0.0
0,108000.0,384048.0,18810.0,0,5.4428473648186175,0.85,0.65,0.0
0,126000.0,298512.0,30717.0,2,28.99110198494182,0.4,0.6,0.0
0,180000.0,722925.0,24021.0,0,7.337440109514032,0.4,0.5,0.0
0,135000.0,225000.0,11074.5,0,4.060232717316906,0.4,0.5,0.0
0,112500.0,808650.0,26217.0,0,3.0390143737166326,0.4,0.5,0.0
0,157500.0,550980.0,30897.0,0,21.27857631759069,0.4,0.6,0.0
0,211500.0,675000.0,26284.5,1,9.103353867214237,0.4,0.65,0.0
0,112500.0,835380.0,34155.0,1,3.3182751540041067,0.4,0.5,0.0
0,112500.0,450000.0,22018.5,1,3.8466803559206024,0.4,0.5,0.0
0,135000.0,1288350.0,37800.0,2,1.7686516084873374,0.4,0.5,0.0
1,117000.0,545040.0,26640.0,0,1.2292950034223136,0.4,0.5,0.0
0,202500.0,797557.5,42624.0,0,3.805612594113621,0.4,0.5,0.0
0,157500.0,545040.0,26640.0,0,1.6317590691307324,0.4,0.6,0.0
1,112500.0,640080.0,29970.0,0,1.9219712525667352,0.4,0.5,0.0
0,270000.0,640080.0,31261.5,0,0.9691991786447639,0.85,0.5,0.0
1,180000.0,1520253.0,44581.5,0,6.737850787132102,0.4,0.6,0.0
1,270000.0,640080.0,29970.0,1,5.820670773442847,0.4,0.5,0.0
0,180000.0,855882.0,34074.0,0,4.48186173853525,0.4,0.6,0.0
0,270000.0,724630.5,48748.5,2,0.459958932238193,0.85,0.65,0.0
0,157500.0,254700.0,17019.0,0,1.6372347707049966,0.4,0.5,0.0
0,90000.0,291915.0,19638.0,0,8.470910335386721,0.6,0.5,0.0
0,202500.0,454500.0,44275.5,0,5.9110198494182065,0.85,0.6,0.0
1,157500.0,904500.0,29308.5,2,4.432580424366872,0.4,0.5,0.0
0,585000.0,1467612.0,58333.5,0,11.720739219712526,0.4,0.6,0.0
0,103500.0,254700.0,17149.5,0,0.34223134839151265,0.4,0.65,0.0
0,81000.0,814041.0,26388.0,2,18.93223819301848,0.4,0.5,0.0
0,67500.0,1006920.0,51543.0,0,5.6974674880219025,0.4,0.5,0.0
0,112500.0,416052.0,20367.0,0,2.0533880903490758,0.4,0.6,0.0
0,180000.0,540000.0,27000.0,0,7.704312114989733,0.4,0.5,1.0
0,292500.0,841500.0,43096.5,0,28.016427104722794,0.4,0.65,0.0
0,67500.0,148365.0,10453.5,0,30.297056810403834,0.4,0.65,0.0
1,202500.0,675000.0,34596.0,0,0.24093086926762491,0.85,0.5,0.0
0,90000.0,524403.0,39339.0,0,6.031485284052019,0.4,0.5,0.0
0,135000.0,239850.0,25830.0,1,2.3408624229979464,0.85,0.6,0.0
0,112500.0,351792.0,18090.0,0,11.247091033538672,0.4,0.5,0.0
0,135000.0,539100.0,22086.0,0,2.428473648186174,0.6,0.5,0.0
0,193500.0,1260000.0,36841.5,1,2.707734428473648,0.4,0.5,0.0
0,85500.0,101880.0,5845.5,0,0.8761122518822724,0.4,0.5,0.0
0,112500.0,360000.0,18000.0,1,9.05407255304586,0.4,0.6,1.0
0,112500.0,176328.0,12960.0,0,12.676249144421629,0.4,0.5,0.0
0,315000.0,898326.0,26397.0,2,5.774127310061601,0.85,0.65,0.0
0,180000.0,837427.5,45427.5,0,8.8870636550308,0.4,0.5,0.0
0,198000.0,517500.0,18715.5,0,12.454483230663929,0.85,0.5,0.0
0,112500.0,675000.0,32602.5,0,6.5160848733744015,0.4,0.5,0.0
0,108000.0,521280.0,26613.0,0,2.5516769336071183,0.4,0.5,0.0
0,90000.0,95940.0,10462.5,1,6.891170431211499,0.85,0.6,0.0
1,180000.0,545040.0,26640.0,0,2.245037645448323,0.4,0.5,0.0
0,225000.0,511920.0,14206.5,1,4.678986995208761,0.4,0.5,0.0
0,315000.0,1436850.0,42142.5,1,7.312799452429843,0.85,0.6,0.0
1,117000.0,592560.0,35806.5,0,1.4976043805612593,0.4,0.5,0.0
0,135000.0,238500.0,24565.5,2,12.145106091718,0.6,0.5,0.0
0,157500.0,315000.0,15750.0,4,7.5893223819301845,0.4,0.6,1.0
0,90000.0,468000.0,15228.0,0,5.544147843942505,0.4,0.5,0.0
0,72000.0,202500.0,10602.0,1,0.4188911704312115,0.4,0.5,0.0
0,247500.0,573408.0,27715.5,2,3.868583162217659,0.4,0.5,0.0
0,90000.0,592560.0,32274.0,3,4.528405201916495,0.4,0.5,0.0
0,180000.0,450000.0,21888.0,1,5.19917864476386,0.4,0.6,0.0
0,270000.0,1886850.0,52015.5,1,4.525667351129363,0.85,0.5,0.0
0,180000.0,900000.0,26446.5,0,1.1772758384668036,0.85,0.5,0.0
0,112500.0,447768.0,22873.5,0,10.822724161533197,0.4,0.5,0.0
1,135000.0,1125000.0,30298.5,0,22.24229979466119,0.4,0.5,0.0
0,202500.0,547344.0,33615.0,1,1.4017796030116358,0.85,0.6,0.0
0,270000.0,691020.0,18355.5,0,8.793976728268309,0.85,0.5,0.0
0,193500.0,1071909.0,31473.0,0,6.119096509240246,0.4,0.5,0.0
0,247500.0,407520.0,26172.0,0,5.04312114989733,0.85,0.6,0.0
0,157500.0,382500.0,19125.0,0,13.672826830937714,0.4,0.5,1.0
0,234000.0,382500.0,19125.0,0,2.0396988364134154,0.4,0.5,1.0
0,180000.0,495000.0,24750.0,1,3.759069130732375,0.85,0.5,1.0
0,126000.0,337500.0,13549.5,0,27.64681724845996,0.4,0.5,0.0
0,157500.0,296280.0,23539.5,2,3.40041067761807,0.4,0.6,0.0
1,157500.0,508495.5,35518.5,0,8.353182751540041,0.4,0.6,0.0
0,180000.0,180000.0,9000.0,0,2.308008213552361,0.4,0.6,1.0
0,54000.0,450000.0,35338.5,1,6.379192334017796,0.4,0.5,0.0
0,90000.0,247500.0,12375.0,0,0.813141683778234,0.4,0.6,1.0
0,225000.0,622188.0,26284.5,0,7.567419575633128,0.4,0.6,0.0
0,112500.0,532494.0,42070.5,1,2.6940451745379876,0.85,0.5,0.0
0,180000.0,170640.0,8428.5,1,0.9664613278576317,0.6,0.6,0.0
0,180000.0,472500.0,44991.0,0,32.09034907597536,0.85,0.6,0.0
0,94500.0,888840.0,32053.5,0,9.883641341546886,0.2,0.6,0.0
0,337500.0,540000.0,27000.0,2,5.618069815195072,0.85,0.6,1.0
0,90000.0,463500.0,22428.0,0,5.864476386036961,0.4,0.5,0.0
0,315000.0,774000.0,28813.5,0,1.8535249828884326,0.4,0.6,0.0
0,157500.0,1442952.0,39811.5,0,8.851471594798083,0.4,0.6,0.0
0,90000.0,337923.0,12870.0,0,17.812457221081452,0.4,0.5,0.0
1,108000.0,521280.0,31630.5,0,2.891170431211499,0.4,0.5,0.0
0,175500.0,652500.0,27427.5,1,2.455852156057495,0.4,0.5,0.0
0,270000.0,1350000.0,67500.0,0,5.262149212867898,0.85,0.6,1.0
0,112500.0,337500.0,16875.0,1,16.355920602327174,0.85,0.5,1.0
0,247500.0,835380.0,36927.0,0,30.704996577686515,0.4,0.65,0.0
0,270000.0,1078200.0,38331.0,0,0.7885010266940452,0.85,0.5,0.0
0,157500.0,675000.0,26770.5,0,24.681724845995895,0.85,0.65,0.0
0,135000.0,202500.0,10125.0,0,1.5441478439425051,0.4,0.5,1.0
0,630000.0,900000.0,26316.0,0,4.6242299794661195,0.85,0.6,0.0
0,202500.0,522000.0,15088.5,0,5.724845995893224,0.4,0.5,0.0
0,58500.0,47970.0,4504.5,0,6.513347022587269,0.4,0.6,0.0
1,112500.0,754740.0,24475.5,0,2.926762491444216,0.4,0.5,0.0
0,67500.0,679500.0,26946.0,1,3.868583162217659,0.4,0.5,0.0
1,144000.0,1288350.0,37800.0,0,3.2114989733059547,0.4,0.5,0.0
0,135000.0,927000.0,27234.0,1,1.7905544147843941,0.4,0.5,0.0
0,180000.0,450000.0,24412.5,0,2.9295003422313486,0.4,0.5,0.0
1,90000.0,247275.0,19134.0,0,3.3648186173853527,0.4,0.5,0.0
0,135000.0,900000.0,29034.0,3,2.102669404517454,0.4,0.5,0.0
0,157500.0,545040.0,26509.5,0,3.3675564681724848,0.85,0.5,0.0
0,225000.0,942300.0,27679.5,0,1.1553730321697468,0.4,0.6,0.0
0,270000.0,675000.0,26284.5,1,6.329911019849418,0.85,0.6,0.0
0,135000.0,830214.0,24403.5,2,3.2005475701574264,0.4,0.5,0.0
0,202500.0,1012500.0,50625.0,0,8.799452429842573,0.4,0.6,1.0
0,135000.0,1078200.0,31653.0,1,4.084873374401095,0.4,0.5,0.0
0,135000.0,284400.0,16456.5,0,5.431895961670089,0.85,0.6,0.0
1,135000.0,1024740.0,52452.0,0,6.48870636550308,0.4,0.5,0.0
0,256500.0,1125000.0,47794.5,0,15.40041067761807,0.85,0.6,0.0
1,247500.0,320922.0,33826.5,0,3.6878850102669403,0.4,0.5,0.0
0,177750.0,733315.5,39069.0,0,44.79123887748118,0.4,0.6,0.0
1,180000.0,755190.0,35122.5,0,1.0266940451745379,0.4,0.6,0.0
0,90000.0,454500.0,21865.5,0,1.9301848049281314,0.85,0.5,0.0
0,103500.0,454500.0,23206.5,0,3.3073237508555784,0.4,0.5,0.0
0,247500.0,835380.0,33259.5,1,0.6516084873374401,0.85,0.6,0.0
0,198000.0,765261.0,32553.0,0,8.317590691307323,0.4,0.5,0.0
0,112500.0,332473.5,18180.0,2,2.7734428473648185,0.4,0.5,0.0
1,108000.0,886500.0,25254.0,0,4.049281314168378,0.4,0.5,0.0
0,112500.0,414792.0,15768.0,0,8.292950034223136,0.4,0.65,0.0
0,157500.0,86598.0,9315.0,0,1.3908281998631074,0.4,0.5,0.0
0,121500.0,684657.0,22216.5,0,1.4510609171800137,0.85,0.6,0.0
0,135000.0,67500.0,7398.0,0,18.43394934976044,0.4,0.5,0.0
0,135000.0,284400.0,22599.0,0,9.286789869952088,0.4,0.6,0.0
0,135000.0,562500.0,28849.5,0,2.1492128678986995,0.4,0.5,0.0
0,202500.0,490495.5,25047.0,1,0.5995893223819302,0.4,0.6,0.0
0,180000.0,761872.5,61213.5,0,3.3073237508555784,0.4,0.5,0.0
0,90000.0,188685.0,14728.5,0,1.730321697467488,0.85,0.6,0.0
1,157500.0,539100.0,29376.0,2,5.075975359342916,0.4,0.5,0.0
0,112500.0,302206.5,12933.0,0,14.680355920602327,0.4,0.65,0.0
0,180000.0,544491.0,17694.0,0,0.32854209445585214,0.4,0.5,0.0
1,67500.0,284400.0,13257.0,1,2.1683778234086244,0.4,0.5,0.0
1,225000.0,545040.0,26640.0,0,9.650924024640657,0.4,0.5,0.0
1,105750.0,814041.0,23931.0,0,6.784394250513347,0.2,0.5,0.0
0,225000.0,484789.5,24880.5,0,16.249144421629023,0.4,0.5,0.0
1,81000.0,283419.0,19071.0,1,0.8295687885010267,0.4,0.6,0.0
0,225000.0,1350000.0,42390.0,0,29.462012320328544,0.85,0.5,0.0
0,225000.0,314100.0,12091.5,1,3.277207392197125,0.4,0.6,0.0
0,270000.0,965020.5,34794.0,0,12.503764544832306,0.85,0.5,0.0
0,225000.0,315000.0,17086.5,0,5.1827515400410675,0.4,0.5,0.0
0,270000.0,540000.0,27000.0,2,3.0718685831622174,0.85,0.6,1.0
0,292500.0,1417077.0,56331.0,3,0.3723477070499658,0.4,0.5,0.0
0,81000.0,295668.0,13914.0,0,5.49760438056126,0.4,0.5,0.0
0,157500.0,691020.0,18355.5,1,9.232032854209445,0.4,0.5,0.0
0,180000.0,509922.0,31324.5,2,13.869952087611225,0.85,0.5,0.0
0,270000.0,594081.0,28710.0,0,1.4483230663928817,0.85,0.5,0.0
0,45000.0,71955.0,7137.0,0,30.171115674195757,0.2,0.5,0.0
0,108000.0,269550.0,16416.0,0,3.260780287474333,0.4,0.5,0.0
0,216000.0,1195101.0,62010.0,0,1.1882272416153319,0.4,0.5,0.0
0,157500.0,450000.0,22500.0,0,3.5044490075290895,0.85,0.5,1.0
0,135000.0,83133.0,10341.0,0,1.163586584531143,0.4,0.5,0.0
0,135000.0,312768.0,22887.0,2,3.589322381930185,0.4,0.5,0.0
0,315000.0,921330.0,61821.0,1,2.617385352498289,0.4,0.5,0.0
0,45000.0,135000.0,13482.0,2,1.7248459958932238,0.4,0.5,0.0
0,189000.0,1024290.0,31293.0,0,3.917864476386037,0.4,0.6,0.0
0,157500.0,1067940.0,31356.0,2,4.090349075975359,0.4,0.5,0.0
0,135000.0,668304.0,27346.5,0,1.51129363449692,0.4,0.5,0.0
0,74250.0,661500.0,21469.5,0,13.776865160848734,0.4,0.5,0.0
0,405000.0,1030680.0,65866.5,0,5.776865160848733,0.85,0.6,0.0
0,90000.0,585000.0,29997.0,1,0.8213552361396304,0.4,0.6,0.0
0,198000.0,904500.0,26577.0,0,3.1731690622861053,0.4,0.5,0.0
1,135000.0,1772181.0,48735.0,0,8.28747433264887,0.4,0.5,0.0
0,135000.0,640080.0,19534.5,1,4.522929500342231,0.4,0.5,0.0
1,90000.0,450000.0,27193.5,0,2.9924709103353866,0.4,0.5,0.0
0,135000.0,225000.0,20821.5,0,0.5284052019164955,0.85,0.5,0.0
0,94500.0,675000.0,26284.5,0,3.8521560574948666,0.4,0.5,0.0
0,72000.0,192528.0,7384.5,0,6.510609171800137,0.4,0.5,0.0
0,112500.0,139500.0,11151.0,0,2.0588637919233403,0.85,0.5,0.0
0,225000.0,450000.0,22018.5,0,4.438056125941136,0.6,0.6,0.0
0,135000.0,808650.0,26217.0,0,5.66735112936345,0.85,0.5,0.0
1,135000.0,755190.0,36459.0,1,0.6625598904859685,0.4,0.5,0.0
0,202500.0,1546020.0,42642.0,0,2.086242299794661,0.4,0.6,0.0
0,67500.0,202500.0,18702.0,1,2.116358658453114,0.4,0.5,0.0
0,256500.0,562500.0,39280.5,1,1.7987679671457906,0.4,0.5,0.0
0,180000.0,1185120.0,46251.0,1,2.3627652292950034,0.4,0.6,0.0
0,135000.0,675000.0,22306.5,3,9.56331279945243,0.4,0.5,0.0
0,180000.0,1006920.0,54751.5,1,3.0855578370978782,0.85,0.5,0.0
1,103500.0,67500.0,8140.5,0,3.4113620807665983,0.4,0.5,0.0
0,67500.0,454500.0,27805.5,0,11.080082135523615,0.4,0.5,0.0
0,270000.0,259794.0,27409.5,0,15.408624229979466,0.4,0.65,0.0
0,90000.0,675000.0,21906.0,0,5.943874058863792,0.4,0.6,0.0
1,103500.0,254700.0,17019.0,0,5.722108145106092,0.85,0.5,0.0
0,90000.0,381528.0,17914.5,0,2.242299794661191,0.4,0.5,0.0
1,90000.0,867951.0,25375.5,0,0.3723477070499658,0.4,0.6,0.0
0,675000.0,1350000.0,67500.0,0,2.1574264202600957,0.85,0.6,1.0
0,121500.0,1022022.0,43429.5,0,25.83436002737851,0.4,0.5,0.0
0,90000.0,663093.0,21388.5,1,10.715947980835045,0.4,0.5,0.0
0,225000.0,284400.0,16011.0,0,6.151950718685832,0.4,0.65,0.0
0,360000.0,1575000.0,41548.5,0,4.783025325119781,0.85,0.65,0.0
0,180000.0,640080.0,31131.0,0,34.07529089664613,0.4,0.6,0.0
0,270000.0,1546020.0,45333.0,0,9.215605749486652,0.4,0.5,0.0
0,139500.0,1078200.0,31653.0,1,11.071868583162217,0.4,0.5,0.0
0,270000.0,328405.5,23485.5,2,4.095824777549623,0.4,0.5,0.0
0,112500.0,601470.0,30838.5,0,10.72416153319644,0.4,0.5,0.0
1,171000.0,122256.0,8298.0,0,1.4647501711156743,0.4,0.5,0.0
0,112500.0,254700.0,16713.0,2,4.114989733059549,0.4,0.5,0.0
0,67500.0,646920.0,20997.0,2,5.169062286105407,0.4,0.5,0.0
0,292500.0,787500.0,40207.5,0,7.321013004791239,0.4,0.5,0.0
1,67500.0,275040.0,13504.5,0,1.6098562628336757,0.4,0.5,0.0
1,135000.0,781920.0,28084.5,1,1.702943189596167,0.4,0.5,0.0
0,67500.0,438493.5,17856.0,1,0.917180013689254,0.4,0.5,0.0
0,157500.0,312840.0,20124.0,0,9.284052019164955,0.4,0.5,0.0
1,94500.0,157500.0,17091.0,1,4.799452429842574,0.4,0.5,0.0
1,180000.0,1107981.0,32395.5,0,1.4976043805612593,0.4,0.5,0.0
0,112500.0,490495.5,27517.5,1,4.914442162902122,0.4,0.6,0.0
1,315000.0,1515415.5,44437.5,2,4.766598220396989,0.85,0.6,0.0
0,76500.0,547344.0,19791.0,0,1.2895277207392197,0.4,0.5,0.0
0,85500.0,535500.0,17401.5,0,2.8227241615331966,0.4,0.5,0.0
0,90000.0,335092.5,26995.5,0,1.8726899383983573,0.4,0.5,0.0
0,247500.0,1346089.5,44617.5,0,16.95003422313484,0.4,0.5,0.0
0,135000.0,502497.0,30739.5,0,0.5557837097878165,0.4,0.5,0.0
0,112500.0,296280.0,21690.0,0,1.6591375770020533,0.4,0.5,0.0
0,270000.0,382500.0,19125.0,0,4.933607118412047,0.85,0.5,1.0
0,225000.0,1057266.0,44923.5,0,0.4079397672826831,0.4,0.6,0.0
0,405000.0,1480500.0,40842.0,0,3.9507186858316223,0.85,0.6,0.0
1,175500.0,312768.0,21285.0,0,2.455852156057495,0.85,0.65,0.0
0,99000.0,202500.0,10125.0,0,3.800136892539357,0.4,0.5,1.0
0,540000.0,1053000.0,44743.5,0,5.8288843258042435,0.4,0.6,0.0
0,72000.0,166500.0,17667.0,0,0.5612594113620808,0.85,0.5,0.0
0,112500.0,270000.0,13500.0,0,0.7392197125256673,0.4,0.6,1.0
0,675000.0,1096020.0,56092.5,1,3.4989733059548254,0.85,0.6,0.0
0,225000.0,582768.0,59845.5,1,0.7227926078028748,0.85,0.5,0.0
0,270000.0,976077.0,52132.5,0,4.531143052703627,0.85,0.6,0.0
1,180000.0,808650.0,29709.0,0,8.290212183436003,0.4,0.5,0.0
0,202500.0,180000.0,9000.0,0,0.8980150581793293,0.6,0.6,1.0
0,112500.0,270000.0,13500.0,1,12.635181382614647,0.4,0.5,1.0
0,135000.0,855000.0,45684.0,1,2.617385352498289,0.85,0.5,0.0
0,135000.0,239850.0,25830.0,0,1.7796030116358659,0.85,0.5,0.0
0,225000.0,1350000.0,51552.0,0,4.610540725530458,0.85,0.6,0.0
0,135000.0,1082214.0,31770.0,0,3.6577686516084875,0.4,0.5,0.0
0,247500.0,972441.0,92331.0,0,10.518822724161533,0.4,0.5,0.0
0,126000.0,301500.0,22068.0,2,5.634496919917864,0.85,0.5,0.0
0,180000.0,540000.0,27000.0,0,7.520876112251882,0.4,0.5,1.0
0,540000.0,675000.0,33750.0,0,4.503764544832307,0.85,0.6,1.0
0,202500.0,1096020.0,46566.0,1,1.0595482546201231,0.85,0.5,0.0
0,81000.0,270000.0,13500.0,0,0.013689253935660506,0.85,0.5,1.0
0,90000.0,233784.0,11497.5,2,2.3353867214236823,0.4,0.5,0.0
0,112500.0,640080.0,29970.0,1,10.47501711156742,0.85,0.5,0.0
0,270000.0,824823.0,29353.5,2,5.642710472279261,0.4,0.6,0.0
0,135000.0,314100.0,21375.0,0,2.6858316221765914,0.4,0.5,0.0
0,202500.0,343377.0,22072.5,0,2.652977412731006,0.85,0.65,0.0
1,157500.0,521280.0,31630.5,0,9.541409993155373,0.4,0.6,0.0
0,225000.0,450000.0,22860.0,0,1.6180698151950719,0.85,0.5,0.0
1,135000.0,271066.5,16380.0,1,0.216290212183436,0.4,0.5,0.0
0,103500.0,521280.0,35262.0,1,3.6358658453114305,0.4,0.5,0.0
0,90000.0,207396.0,13990.5,0,6.245037645448323,0.4,0.5,0.0
1,180000.0,346500.0,27504.0,1,2.9568788501026693,0.4,0.5,0.0
1,180000.0,371245.5,17307.0,1,2.861054072553046,0.4,0.5,0.0
0,135000.0,431280.0,22018.5,0,4.643394934976044,0.4,0.5,0.0
0,157500.0,938034.0,27558.0,0,3.789185489390828,0.4,0.5,0.0
0,135000.0,299772.0,11299.5,0,7.0718685831622174,0.4,0.5,0.0
0,157500.0,700830.0,20619.0,0,7.2908966461327855,0.4,0.6,0.0
0,81000.0,225000.0,8082.0,0,1.7932922655715264,0.4,0.5,0.0
0,180000.0,284400.0,16011.0,1,15.143052703627653,0.4,0.5,0.0
0,157500.0,1154362.5,33880.5,1,1.8069815195071868,0.4,0.5,0.0
0,180000.0,531706.5,28993.5,0,1.0130047912388775,0.85,0.6,0.0
1,72000.0,197820.0,15534.0,0,14.655715263518138,0.4,0.5,0.0
0,67500.0,700830.0,22738.5,0,0.34496919917864477,0.4,0.5,0.0
0,360000.0,790434.0,31477.5,0,9.806981519507186,0.4,0.65,0.0
0,144000.0,67500.0,2542.5,0,0.9089664613278576,0.4,0.5,0.0
0,288000.0,1350000.0,52254.0,0,3.4414784394250515,0.85,0.65,0.0
0,270000.0,1686591.0,44622.0,4,6.606433949349761,0.85,0.6,0.0
0,135000.0,244584.0,16474.5,0,3.619438740588638,0.4,0.5,0.0
0,315000.0,270000.0,13500.0,0,21.530458590006845,0.4,0.5,1.0
0,74250.0,112500.0,6282.0,0,21.67008898015058,0.6,0.5,0.0
0,162000.0,760225.5,30280.5,0,3.7180013689253935,0.4,0.5,0.0
0,90000.0,382500.0,27963.0,0,5.637234770704997,0.4,0.5,0.0
0,202500.0,1515415.5,62671.5,0,3.2279260780287475,0.4,0.5,0.0
0,76500.0,755190.0,30078.0,0,4.323066392881588,0.4,0.5,0.0
0,112500.0,814041.0,23931.0,0,20.550308008213552,0.2,0.5,0.0
0,90000.0,760122.0,24651.0,2,2.7652292950034223,0.85,0.6,0.0
0,76500.0,148365.0,11479.5,1,5.382614647501711,0.4,0.5,0.0
1,135000.0,536917.5,25830.0,0,11.786447638603697,0.4,0.5,0.0
0,90000.0,828000.0,32224.5,0,3.6331279945242985,0.4,0.5,0.0
0,405000.0,1024740.0,52452.0,0,12.594113620807667,0.85,0.65,0.0
0,124713.0,1078200.0,28570.5,1,10.425735797399042,0.4,0.6,0.0
0,90000.0,135000.0,14175.0,0,4.555783709787817,0.85,0.5,0.0
0,270000.0,1319269.5,36409.5,0,14.82819986310746,0.4,0.5,0.0
0,67500.0,808650.0,26217.0,0,4.744695414099931,0.4,0.5,0.0
0,112500.0,407965.5,23548.5,0,2.001368925393566,0.4,0.6,0.0
0,202500.0,675000.0,49117.5,2,7.811088295687885,0.85,0.5,0.0
0,157500.0,188478.0,22495.5,4,1.73305954825462,0.4,0.5,0.0
1,135000.0,922500.0,29758.5,0,0.5448323066392882,0.85,0.6,0.0
0,167242.5,135000.0,12622.5,0,4.328542094455853,0.4,0.5,0.0
0,157500.0,539100.0,27522.0,0,3.6276522929500343,0.4,0.6,0.0
1,157500.0,576072.0,28147.5,1,10.299794661190965,0.6,0.6,0.0
0,81000.0,640080.0,29970.0,1,2.308008213552361,0.4,0.5,0.0
0,279000.0,180000.0,9000.0,0,4.5338809034907595,0.4,0.5,1.0
0,81000.0,508495.5,20295.0,0,5.8699520876112254,0.4,0.5,0.0
0,114435.0,135000.0,6750.0,0,0.6789869952087612,0.85,0.6,1.0
0,90000.0,180000.0,9000.0,0,1.2101300479123889,0.4,0.5,1.0
0,135000.0,1082214.0,31770.0,2,6.138261464750171,0.4,0.6,0.0
0,157500.0,942300.0,27135.0,1,14.559890485968515,0.6,0.6,0.0
0,360000.0,450000.0,22500.0,0,11.720739219712526,0.85,0.6,1.0
0,112500.0,273636.0,18414.0,0,0.9527720739219713,0.4,0.5,0.0
0,81000.0,545040.0,25537.5,0,2.0752908966461328,0.4,0.5,0.0
0,180000.0,1057266.0,44923.5,1,25.100616016427104,0.85,0.5,0.0
0,180000.0,781920.0,24682.5,0,5.207392197125257,0.4,0.65,0.0
1,180000.0,315000.0,29020.5,0,3.1266255989048597,0.4,0.5,0.0
0,337500.0,400392.0,43249.5,0,15.394934976043805,0.6,0.5,0.0
1,112500.0,452385.0,29583.0,1,2.841889117043121,0.4,0.5,0.0
0,90000.0,74628.0,7776.0,0,0.487337440109514,0.6,0.5,0.0
0,157500.0,536917.5,25960.5,1,2.537987679671458,0.4,0.6,0.0
1,247500.0,225000.0,10489.5,0,2.7104722792607805,0.4,0.6,0.0
0,54000.0,199080.0,11556.0,0,7.676933607118412,0.4,0.5,0.0
0,337500.0,510853.5,19588.5,0,9.66735112936345,0.6,0.6,0.0
1,202500.0,882000.0,45162.0,0,11.893223819301848,0.85,0.6,0.0
1,90000.0,247275.0,21280.5,0,0.6324435318275154,0.4,0.5,0.0
0,225000.0,180000.0,9000.0,0,1.4455852156057496,0.4,0.6,1.0
0,126000.0,270000.0,13500.0,1,21.32511978097194,0.4,0.5,1.0
0,180000.0,248760.0,29650.5,2,3.3648186173853527,0.4,0.5,0.0
1,112500.0,157914.0,17136.0,0,8.681724845995893,0.4,0.5,0.0
0,112500.0,270000.0,13801.5,0,27.57015742642026,0.4,0.5,0.0
0,315000.0,463500.0,36621.0,0,9.872689938398358,0.85,0.6,0.0
0,112500.0,882000.0,25789.5,0,10.3709787816564,0.4,0.5,0.0
0,103500.0,197820.0,15309.0,0,0.6516084873374401,0.4,0.5,0.0
0,360000.0,924394.5,30681.0,0,3.293634496919918,0.85,0.5,0.0
0,270000.0,495000.0,21933.0,0,2.6009582477754964,0.4,0.5,0.0
1,225000.0,1298911.5,42030.0,0,12.49555099247091,0.4,0.6,0.0
0,135000.0,1223010.0,48631.5,1,2.4750171115674195,0.85,0.65,0.0
0,145350.0,1078200.0,31653.0,1,2.9021218343600275,0.2,0.5,0.0
0,121500.0,405000.0,19008.0,0,1.6700889801505818,0.4,0.5,0.0
0,225000.0,1502941.5,47322.0,0,4.079397672826831,0.4,0.5,0.0
0,252000.0,490495.5,50391.0,0,6.083504449007529,0.4,0.5,0.0
0,180000.0,888840.0,35815.5,2,6.414784394250513,0.4,0.5,0.0
0,225000.0,1451047.5,55399.5,2,16.517453798767967,0.85,0.65,0.0
0,93600.0,202500.0,10125.0,1,7.488021902806297,0.4,0.6,1.0
0,180000.0,835380.0,40320.0,0,5.2265571526351815,0.4,0.5,0.0
0,135000.0,558000.0,18130.5,0,0.24914442162902123,0.4,0.5,0.0
0,67500.0,254700.0,17019.0,1,3.2908966461327855,0.4,0.5,0.0
0,180000.0,497520.0,53712.0,0,3.460643394934976,0.4,0.5,0.0
0,270000.0,1223010.0,48631.5,0,5.549623545516769,0.4,0.5,0.0
0,247500.0,728460.0,44694.0,0,3.9890485968514717,0.6,0.6,0.0
0,225000.0,1325475.0,56290.5,1,7.455167693360712,0.4,0.5,0.0
0,225000.0,996849.0,39663.0,0,5.240246406570842,0.85,0.65,0.0
0,360000.0,677664.0,29979.0,0,5.371663244353183,0.4,0.5,0.0
0,166500.0,755190.0,38686.5,1,20.58590006844627,0.4,0.5,0.0
1,225000.0,161730.0,12645.0,0,1.3661875427789185,0.85,0.6,0.0
0,99000.0,900000.0,26316.0,1,0.5338809034907598,0.4,0.5,0.0
0,202500.0,270000.0,13500.0,1,6.050650239561944,0.85,0.5,1.0
0,135000.0,592560.0,35937.0,0,0.6570841889117043,0.4,0.5,0.0
1,135000.0,900000.0,43299.0,0,0.36413415468856947,0.4,0.5,0.0
1,112500.0,180000.0,9000.0,0,2.190280629705681,0.4,0.5,1.0
0,67500.0,450000.0,24412.5,0,16.54483230663929,0.4,0.5,0.0
0,180000.0,696528.0,39987.0,1,5.7412731006160165,0.4,0.5,0.0
0,135000.0,327024.0,12325.5,0,32.43258042436687,0.4,0.5,0.0
0,193500.0,1288350.0,37800.0,0,3.488021902806297,0.4,0.5,0.0
1,315000.0,536917.5,30109.5,1,4.58590006844627,0.4,0.6,0.0
1,112500.0,180000.0,9000.0,0,2.521560574948665,0.4,0.5,1.0
0,180000.0,840951.0,38133.0,0,4.84599589322382,0.4,0.6,0.0
0,270000.0,497520.0,53712.0,0,4.908966461327857,0.4,0.65,0.0
0,247500.0,1035072.0,28593.0,2,0.5722108145106092,0.4,0.6,0.0
0,202500.0,1039702.5,34492.5,0,38.743326488706366,0.4,0.6,0.0
1,135000.0,1287418.5,35532.0,0,0.4407939767282683,0.4,0.5,0.0
0,270000.0,675000.0,53329.5,2,1.431895961670089,0.4,0.6,0.0
0,225000.0,942300.0,36643.5,0,2.8720054757015743,0.85,0.6,0.0
0,243000.0,355536.0,16605.0,3,11.759069130732374,0.4,0.65,0.0
1,135000.0,119893.5,13041.0,3,4.566735112936345,0.4,0.5,0.0
0,157500.0,953460.0,64107.0,1,8.279260780287474,0.4,0.5,0.0
0,99000.0,313438.5,20160.0,0,3.2881587953456535,0.85,0.5,0.0
0,180000.0,450000.0,27193.5,1,4.071184120465435,0.85,0.5,0.0
0,157500.0,239850.0,27189.0,0,1.730321697467488,0.4,0.5,0.0
1,157500.0,592560.0,31153.5,0,13.360711841204655,0.4,0.6,0.0
0,126000.0,495000.0,13185.0,2,6.981519507186858,0.85,0.65,0.0
0,112500.0,539100.0,27522.0,2,4.555783709787817,0.85,0.65,0.0
0,202500.0,539100.0,26064.0,0,3.359342915811088,0.4,0.6,0.0
0,180000.0,239850.0,28462.5,0,2.7186858316221767,0.4,0.5,0.0
0,112500.0,251091.0,26496.0,0,16.0684462696783,0.4,0.5,0.0
0,391500.0,1223010.0,51948.0,0,20.744695414099933,0.85,0.5,0.0
0,90000.0,284400.0,22599.0,0,0.4380561259411362,0.4,0.5,0.0
0,270000.0,1007352.0,33421.5,1,6.105407255304586,0.4,0.5,0.0
0,180000.0,931617.0,47695.5,2,15.151266255989048,0.4,0.5,0.0
0,157500.0,538704.0,23859.0,0,8.213552361396303,0.4,0.6,0.0
0,315000.0,270000.0,13500.0,0,1.4483230663928817,0.85,0.6,1.0
0,90000.0,900000.0,38263.5,0,9.727583846680355,0.4,0.6,0.0
0,126000.0,225000.0,11074.5,2,2.3545516769336072,0.4,0.5,0.0
1,157500.0,640080.0,29839.5,1,0.7419575633127995,0.4,0.6,0.0
1,202500.0,203760.0,13747.5,0,10.373716632443532,0.4,0.5,0.0
0,225000.0,1078200.0,34911.0,2,10.47501711156742,0.6,0.6,0.0
0,180000.0,284256.0,30613.5,0,6.910335386721424,0.4,0.5,0.0
0,360000.0,1575000.0,43312.5,0,0.7802874743326489,0.4,0.6,0.0
1,90000.0,74628.0,8437.5,0,0.5338809034907598,0.85,0.5,0.0
0,81000.0,288873.0,16713.0,2,2.108145106091718,0.85,0.5,0.0
1,157500.0,781920.0,40054.5,2,6.453114305270363,0.4,0.5,0.0
0,247500.0,538704.0,40405.5,0,21.05407255304586,0.4,0.5,0.0
0,144000.0,113760.0,6480.0,1,6.143737166324435,0.85,0.65,0.0
1,135000.0,450000.0,24412.5,1,8.714579055441478,0.4,0.5,0.0
0,157500.0,254700.0,24808.5,0,4.418891170431212,0.4,0.5,0.0
0,360000.0,270000.0,10282.5,0,1.7193702943189597,0.6,0.5,0.0
0,360000.0,1125000.0,62950.5,0,12.243668720054757,0.4,0.5,0.0
0,112500.0,512064.0,25033.5,2,8.744695414099931,0.4,0.5,0.0
0,90000.0,314100.0,17167.5,1,11.247091033538672,0.85,0.5,0.0
0,157500.0,1170000.0,32175.0,1,18.012320328542096,0.85,0.65,0.0
0,90000.0,1133748.0,33277.5,2,2.614647501711157,0.4,0.5,0.0
0,180000.0,474183.0,22234.5,0,0.5366187542778919,0.85,0.5,0.0
0,270000.0,1467612.0,59773.5,0,13.475701574264203,0.4,0.5,0.0
1,99000.0,172692.0,18454.5,1,1.0951403148528405,0.4,0.5,0.0
0,207000.0,855000.0,22684.5,2,4.714579055441479,0.85,0.6,0.0
0,216000.0,900000.0,46084.5,0,21.711156741957563,0.4,0.5,0.0
1,225000.0,247275.0,19264.5,0,4.314852840520191,0.6,0.6,0.0
0,360000.0,965340.0,101497.5,0,2.1546885694729636,0.85,0.6,0.0
0,112500.0,276277.5,19777.5,0,7.055441478439425,0.85,0.6,0.0
0,117000.0,585000.0,28143.0,1,0.9062286105407256,0.4,0.5,0.0
0,112500.0,549882.0,17869.5,0,13.650924024640657,0.4,0.5,0.0
0,225000.0,792162.0,43101.0,0,7.8028747433264884,0.85,0.5,0.0
0,103500.0,906660.0,32697.0,1,23.64681724845996,0.4,0.6,0.0
0,112500.0,260640.0,26838.0,0,0.6242299794661191,0.4,0.5,0.0
0,90000.0,1078200.0,31653.0,1,11.1129363449692,0.4,0.5,0.0
0,675000.0,900000.0,85585.5,1,12.7419575633128,0.85,0.5,0.0
0,157500.0,215865.0,25749.0,2,1.2895277207392197,0.4,0.5,0.0
0,85500.0,314055.0,19215.0,0,10.726899383983573,0.85,0.6,0.0
0,157500.0,239850.0,25326.0,2,0.2245037645448323,0.4,0.5,0.0
0,108000.0,450000.0,21109.5,1,6.910335386721424,0.4,0.5,0.0
0,90000.0,135000.0,9148.5,1,5.04312114989733,0.4,0.5,0.0
1,157500.0,810000.0,23814.0,2,6.119096509240246,0.4,0.5,0.0
0,247500.0,760225.5,30280.5,0,13.426420260095824,0.4,0.6,0.0
0,135000.0,485190.0,24903.0,0,3.7316906228610542,0.85,0.6,0.0
1,135000.0,291915.0,15966.0,0,14.798083504449007,0.4,0.6,0.0
0,112500.0,900000.0,28615.5,0,1.6454483230663928,0.85,0.6,0.0
0,135000.0,568800.0,15642.0,0,1.9603011635865846,0.6,0.5,0.0
0,292500.0,495000.0,34582.5,0,1.1225188227241616,0.85,0.6,0.0
0,171000.0,526500.0,16983.0,1,1.9110198494182067,0.4,0.5,0.0
0,108000.0,239850.0,23719.5,0,1.919233401779603,0.4,0.65,0.0
0,112500.0,432567.0,22779.0,0,3.1184120465434635,0.85,0.5,0.0
0,67500.0,1125000.0,32895.0,0,3.9452429842573578,0.85,0.5,0.0
1,67500.0,450000.0,27193.5,2,3.2279260780287475,0.4,0.5,0.0
0,112500.0,521280.0,27423.0,0,3.4223134839151266,0.4,0.5,0.0
0,135000.0,1345500.0,37129.5,1,23.09924709103354,0.4,0.5,0.0
0,135000.0,238500.0,10233.0,0,2.023271731690623,0.4,0.5,0.0
0,112500.0,454500.0,16321.5,1,5.319644079397673,0.4,0.6,0.0
0,157500.0,1006069.5,33381.0,1,5.544147843942505,0.4,0.5,0.0
0,135000.0,808650.0,26217.0,0,0.5366187542778919,0.4,0.65,0.0
0,135000.0,237024.0,18855.0,0,0.7912388774811773,0.85,0.5,0.0
0,112500.0,161730.0,13095.0,0,3.3374401095140316,0.85,0.5,0.0
0,112500.0,534204.0,29956.5,1,5.234770704996578,0.4,0.5,0.0
0,112500.0,752742.0,40234.5,1,5.02943189596167,0.4,0.5,0.0
0,157500.0,278613.0,31563.0,0,0.5804243668720055,0.4,0.5,0.0
0,103500.0,225000.0,11763.0,0,6.562628336755647,0.85,0.5,0.0
0,112500.0,882000.0,25920.0,0,14.195756331279945,0.85,0.65,0.0
1,189000.0,180000.0,9000.0,0,1.5249828884325805,0.4,0.5,1.0
0,67500.0,824823.0,24246.0,0,7.865845311430527,0.4,0.5,0.0
0,495000.0,1113840.0,57001.5,0,10.28062970568104,0.4,0.6,0.0
1,67500.0,339241.5,12919.5,0,30.349075975359344,0.4,0.5,0.0
0,126000.0,178290.0,17761.5,0,13.971252566735114,0.4,0.65,0.0
0,135000.0,1288350.0,37800.0,0,4.257357973990418,0.4,0.5,0.0
0,180000.0,497520.0,32521.5,1,1.672826830937714,0.4,0.5,0.0
0,397867.5,135000.0,6750.0,0,1.1225188227241616,0.85,0.6,1.0
0,90000.0,508495.5,21672.0,1,11.145790554414784,0.4,0.5,0.0
1,153000.0,545040.0,25537.5,0,6.020533880903491,0.4,0.5,0.0
0,405000.0,1125000.0,62820.0,0,5.262149212867898,0.85,0.6,0.0
0,90000.0,840996.0,24718.5,1,5.492128678986996,0.4,0.6,0.0
0,121500.0,238500.0,18972.0,1,0.971937029431896,0.4,0.5,0.0
0,135000.0,390960.0,17352.0,0,6.365503080082136,0.4,0.5,0.0
0,180000.0,679500.0,24534.0,0,5.549623545516769,0.85,0.5,0.0
0,270000.0,225000.0,12915.0,0,9.73305954825462,0.85,0.6,0.0
0,112500.0,545040.0,26509.5,0,6.3025325119780975,0.4,0.5,0.0
0,225000.0,381528.0,24511.5,2,1.7631759069130732,0.85,0.5,0.0
0,67500.0,269550.0,14242.5,0,6.872005475701574,0.4,0.5,0.0
0,202500.0,1350000.0,53671.5,0,13.741273100616016,0.4,0.5,0.0
0,180000.0,555273.0,17910.0,1,6.277891854893908,0.4,0.5,0.0
0,58243.5,135000.0,6750.0,1,0.7939767282683093,0.4,0.5,1.0
0,85500.0,531000.0,25542.0,0,4.930869267624915,0.4,0.5,0.0
0,67500.0,219870.0,11511.0,1,3.266255989048597,0.4,0.6,0.0
0,126000.0,841500.0,29943.0,2,0.8049281314168378,0.4,0.5,0.0
0,135000.0,850500.0,30262.5,1,4.476386036960986,0.4,0.5,0.0
0,81000.0,544491.0,17563.5,0,3.969883641341547,0.4,0.5,0.0
1,135000.0,436032.0,34578.0,1,0.5804243668720055,0.4,0.5,0.0
0,270000.0,1212700.5,35586.0,0,10.924024640657084,0.4,0.5,0.0
0,315000.0,599472.0,43753.5,2,9.242984257357975,0.4,0.6,0.0
0,112500.0,90000.0,9679.5,1,8.032854209445585,0.4,0.5,0.0
1,67500.0,450000.0,17095.5,2,2.754277891854894,0.4,0.5,0.0
0,202500.0,1288350.0,34114.5,1,4.41615331964408,0.4,0.6,0.0
1,157500.0,715095.0,49770.0,0,16.372347707049965,0.4,0.5,0.0
0,202500.0,1293502.5,41724.0,1,2.8227241615331966,0.85,0.5,0.0
1,112500.0,490495.5,27387.0,0,0.4161533196440794,0.4,0.5,0.0
0,166500.0,491031.0,36711.0,2,7.383983572895278,0.4,0.5,0.0
0,450000.0,260640.0,27499.5,0,5.308692676249144,0.85,0.6,0.0
1,180000.0,450000.0,27324.0,3,6.121834360027378,0.4,0.5,0.0
0,202500.0,1560726.0,59575.5,1,1.7385352498288844,0.4,0.5,0.0
1,135000.0,1125000.0,36423.0,0,3.540041067761807,0.4,0.5,0.0
0,135000.0,787131.0,26014.5,0,6.3436002737850785,0.4,0.5,0.0
0,157500.0,284400.0,22599.0,0,1.0677618069815196,0.2,0.5,0.0
0,67500.0,127350.0,12532.5,0,8.514715947980836,0.4,0.5,0.0
0,135000.0,405000.0,23377.5,3,0.8295687885010267,0.4,0.5,0.0
0,83250.0,270000.0,14778.0,2,14.880219028062971,0.4,0.5,0.0
0,180000.0,808650.0,31464.0,1,14.108145106091717,0.6,0.65,0.0
0,112500.0,161730.0,10741.5,0,2.0698151950718686,0.2,0.5,0.0
0,112500.0,162000.0,18405.0,0,0.7282683093771389,0.4,0.5,0.0
0,135000.0,860634.0,27891.0,0,2.2559890485968515,0.4,0.5,0.0
0,112500.0,450000.0,25258.5,1,1.8261464750171115,0.4,0.5,0.0
0,112500.0,254700.0,25321.5,0,3.7946611909650922,0.4,0.5,0.0
0,157500.0,320922.0,33012.0,2,6.261464750171116,0.4,0.6,0.0
0,157500.0,472500.0,26514.0,0,6.965092402464066,0.4,0.5,0.0
0,72000.0,135000.0,6750.0,1,1.4948665297741273,0.4,0.5,1.0
1,157500.0,640080.0,31261.5,0,1.5030800821355237,0.4,0.6,0.0
0,360000.0,1024740.0,52452.0,0,10.735112936344969,0.4,0.6,0.0
0,202500.0,450000.0,22500.0,0,3.216974674880219,0.4,0.5,1.0
0,225000.0,298467.0,33804.0,0,1.3333333333333333,0.4,0.5,0.0
0,135000.0,840951.0,35761.5,0,16.347707049965777,0.4,0.5,0.0
0,225000.0,269550.0,14242.5,0,10.08350444900753,0.4,0.5,0.0
0,67500.0,134775.0,9508.5,0,10.351813826146476,0.4,0.5,0.0
0,112500.0,327024.0,21982.5,2,1.949349760438056,0.4,0.5,0.0
0,112500.0,1040985.0,30568.5,2,4.4490075290896645,0.4,0.5,0.0
0,108000.0,202500.0,10125.0,0,19.958932238193018,0.4,0.5,1.0
0,225000.0,1024740.0,52452.0,0,34.47227926078029,0.4,0.5,0.0
1,180000.0,640080.0,31131.0,0,5.347022587268994,0.4,0.5,0.0
0,180000.0,835380.0,40320.0,2,4.914442162902122,0.4,0.5,0.0
0,157500.0,450000.0,22500.0,0,4.539356605065024,0.85,0.5,1.0
0,90000.0,76410.0,8226.0,1,1.6673511293634498,0.4,0.5,0.0
0,121500.0,539100.0,27522.0,1,0.3203285420944558,0.6,0.5,0.0
1,67500.0,66222.0,7987.5,0,7.4661190965092405,0.4,0.5,0.0
1,135000.0,634482.0,20466.0,0,2.439425051334702,0.4,0.5,0.0
0,202500.0,1345500.0,53491.5,1,0.7091033538672142,0.4,0.5,0.0
0,202500.0,364896.0,19233.0,1,15.485284052019164,0.4,0.5,0.0
0,202500.0,760225.5,34483.5,0,10.483230663928817,0.4,0.5,0.0
0,67500.0,101880.0,10809.0,0,0.944558521560575,0.4,0.5,0.0
0,283500.0,180000.0,9000.0,0,4.8405201916495555,0.4,0.6,1.0
1,135000.0,369720.0,27031.5,2,8.19712525667351,0.85,0.5,0.0
1,90000.0,284400.0,10849.5,1,0.7885010266940452,0.4,0.5,0.0
0,225000.0,592560.0,26230.5,0,7.4195756331279945,0.4,0.5,0.0
1,112500.0,593010.0,19260.0,0,3.249828884325804,0.4,0.5,0.0
1,148500.0,518562.0,25078.5,0,5.316906228610541,0.4,0.5,0.0
0,351000.0,1024740.0,49428.0,0,5.108829568788501,0.4,0.6,0.0
0,99000.0,233208.0,13518.0,0,11.937029431895962,0.85,0.5,0.0
1,225000.0,254700.0,15295.5,2,1.8124572210814511,0.4,0.6,0.0
0,112500.0,805882.5,25434.0,0,4.558521560574949,0.4,0.5,0.0
0,112500.0,314100.0,14553.0,0,1.9520876112251881,0.85,0.5,0.0
0,180000.0,540000.0,27702.0,0,1.2484599589322383,0.85,0.5,0.0
0,135000.0,1350000.0,39474.0,0,4.506502395619439,0.4,0.5,0.0
1,94500.0,450000.0,22018.5,0,6.225872689938399,0.4,0.5,0.0
0,450000.0,900000.0,45000.0,0,0.27104722792607805,0.4,0.5,1.0
1,157500.0,539100.0,29376.0,2,5.604380561259411,0.4,0.65,0.0
0,99000.0,545040.0,16524.0,3,9.505817932922655,0.85,0.5,0.0
1,103500.0,225000.0,11488.5,0,13.363449691991786,0.4,0.5,0.0
0,180000.0,398016.0,36958.5,0,2.565366187542779,0.4,0.6,0.0
0,135000.0,647046.0,21001.5,0,1.9603011635865846,0.4,0.6,0.0
0,360000.0,202500.0,10125.0,0,16.27104722792608,0.85,0.5,1.0
0,202500.0,473760.0,50269.5,1,1.1964407939767283,0.4,0.65,0.0
0,270000.0,1540588.5,42493.5,0,0.7364818617385352,0.4,0.5,0.0
0,112500.0,573628.5,22878.0,0,6.702258726899384,0.4,0.5,0.0
0,180000.0,1585224.0,42507.0,2,7.62217659137577,0.4,0.5,0.0
0,135000.0,1288350.0,37669.5,0,9.618069815195073,0.4,0.5,0.0
0,157500.0,675000.0,32602.5,0,1.596167008898015,0.4,0.5,0.0
0,112500.0,180000.0,9000.0,0,1.163586584531143,0.85,0.5,1.0
0,121500.0,270000.0,13500.0,1,2.5489390828199863,0.4,0.6,1.0
0,306000.0,711000.0,36432.0,0,20.577686516084874,0.4,0.65,0.0
1,90000.0,269550.0,24853.5,2,4.312114989733059,0.6,0.5,0.0
0,179100.0,942300.0,30528.0,0,14.956878850102669,0.4,0.5,0.0
0,171000.0,1082214.0,31770.0,1,2.6967830253251197,0.4,0.5,0.0
0,94500.0,242595.0,10408.5,0,18.38193018480493,0.4,0.5,0.0
0,90000.0,132444.0,15070.5,1,6.006844626967831,0.4,0.5,0.0
0,180000.0,625536.0,30222.0,0,1.6071184120465434,0.4,0.6,0.0
0,315000.0,755190.0,38556.0,0,3.40041067761807,0.4,0.5,0.0
0,225000.0,450000.0,22500.0,0,32.525667351129364,0.4,0.5,1.0
0,157500.0,455040.0,12640.5,2,3.345653661875428,0.4,0.6,0.0
0,90000.0,473760.0,46858.5,0,14.119096509240247,0.85,0.6,0.0
0,144000.0,604152.0,30978.0,2,2.3134839151266258,0.85,0.5,0.0
1,180000.0,927252.0,27112.5,0,2.0917180013689256,0.4,0.6,0.0
0,67500.0,450000.0,12001.5,0,5.579739904175223,0.6,0.5,0.0
0,180000.0,355536.0,18742.5,0,15.271731690622861,0.4,0.5,0.0
0,180000.0,599472.0,30739.5,2,0.33401779603011633,0.85,0.5,0.0
0,225000.0,904608.0,35181.0,1,2.510609171800137,0.4,0.6,0.0
0,135000.0,182983.5,16911.0,2,0.813141683778234,0.4,0.6,0.0
0,193500.0,781920.0,28215.0,2,6.833675564681725,0.4,0.5,0.0
0,135000.0,490495.5,47781.0,0,8.375085557837098,0.4,0.5,0.0
0,180000.0,1157670.0,112909.5,1,3.252566735112936,0.85,0.6,0.0
0,121500.0,808650.0,31464.0,2,5.404517453798768,0.4,0.5,0.0
0,135000.0,273636.0,27193.5,0,4.802190280629706,0.4,0.5,0.0
0,157500.0,824823.0,22810.5,0,4.917180013689254,0.4,0.5,0.0
0,292500.0,585000.0,29250.0,0,10.82819986310746,0.85,0.6,1.0
0,180000.0,540000.0,27571.5,0,3.482546201232033,0.4,0.5,0.0
1,67500.0,90000.0,7110.0,0,11.90965092402464,0.2,0.6,0.0
0,157500.0,67500.0,7632.0,0,5.1854893908282,0.4,0.5,0.0
0,225000.0,1125000.0,33025.5,1,5.94113620807666,0.85,0.5,0.0
0,292500.0,675000.0,28728.0,0,6.743326488706366,0.85,0.5,0.0
0,108000.0,808650.0,26217.0,1,4.298425735797399,0.4,0.5,0.0
0,157500.0,277969.5,10606.5,1,17.0403832991102,0.4,0.5,0.0
0,157500.0,857169.0,22608.0,0,7.3757700205338805,0.4,0.5,0.0
0,135000.0,315000.0,16623.0,1,8.05201916495551,0.4,0.5,0.0
0,157500.0,1096020.0,46566.0,1,9.711156741957563,0.85,0.5,0.0
1,225000.0,1237500.0,36184.5,0,3.164955509924709,0.4,0.5,0.0
0,126000.0,689742.0,30510.0,0,2.108145106091718,0.4,0.5,0.0
0,90000.0,180000.0,9000.0,0,1.0704996577686516,0.4,0.6,1.0
0,225000.0,675000.0,21775.5,0,0.48186173853524983,0.85,0.5,0.0
1,270000.0,640080.0,31261.5,2,6.422997946611909,0.4,0.6,0.0
0,157500.0,900000.0,27418.5,0,26.680355920602327,0.4,0.5,0.0
0,202500.0,2254500.0,56992.5,0,2.0944558521560577,0.85,0.6,0.0
0,202500.0,1078200.0,31653.0,0,10.373716632443532,0.4,0.5,0.0
1,135000.0,265500.0,21105.0,1,0.5831622176591376,0.4,0.5,0.0
0,90000.0,1350000.0,39474.0,0,7.258042436687201,0.4,0.5,0.0
0,112500.0,675000.0,26284.5,2,2.5900068446269677,0.4,0.5,0.0
1,117000.0,270000.0,21330.0,0,4.991101984941821,0.4,0.5,0.0
0,247500.0,808650.0,23773.5,0,9.442847364818617,0.4,0.6,0.0
0,157500.0,675000.0,32602.5,0,6.050650239561944,0.4,0.5,0.0
0,225000.0,971316.0,51880.5,0,5.69472963723477,0.4,0.6,0.0
0,112500.0,283419.0,20668.5,0,1.0924024640657084,0.85,0.5,0.0
1,40500.0,312768.0,19134.0,1,9.64271047227926,0.4,0.5,0.0
1,315000.0,900000.0,46084.5,0,19.052703627652292,0.85,0.6,0.0
1,315000.0,521280.0,41926.5,2,1.0431211498973305,0.4,0.5,0.0
0,63000.0,301464.0,8419.5,0,3.137577002053388,0.4,0.5,0.0
0,495000.0,728460.0,73651.5,0,41.1854893908282,0.85,0.5,0.0
0,270000.0,1546020.0,45333.0,0,1.002053388090349,0.4,0.5,0.0
0,157500.0,497520.0,33376.5,0,9.308692676249144,0.4,0.6,0.0
1,112500.0,180000.0,9000.0,0,1.9712525667351128,0.4,0.5,1.0
0,135000.0,256500.0,19849.5,1,4.002737850787132,0.85,0.5,0.0
0,90000.0,269550.0,11871.0,0,12.323066392881588,0.4,0.5,0.0
0,126000.0,568800.0,17307.0,1,3.2251882272416155,0.4,0.65,0.0
0,157500.0,900000.0,26316.0,0,0.4216290212183436,0.85,0.6,0.0
0,135000.0,592560.0,30384.0,0,2.529774127310062,0.85,0.5,0.0
0,216000.0,1032093.0,43857.0,2,2.1820670773442847,0.4,0.5,0.0
0,360000.0,275040.0,13504.5,0,0.9527720739219713,0.4,0.5,0.0
0,180000.0,728460.0,46728.0,1,14.973305954825461,0.4,0.6,0.0
0,270000.0,415408.5,49428.0,1,1.0130047912388775,0.4,0.65,0.0
0,180000.0,855000.0,42750.0,0,1.6125941136208077,0.85,0.6,1.0
0,315000.0,1027327.5,40873.5,1,0.33675564681724846,0.4,0.6,0.0
0,225000.0,765000.0,22365.0,0,11.003422313483915,0.4,0.5,0.0
0,117000.0,123768.0,4572.0,0,10.557152635181383,0.4,0.6,0.0
0,112500.0,755190.0,36459.0,1,5.401779603011636,0.6,0.65,0.0
1,202500.0,781920.0,25969.5,0,7.1649555099247095,0.85,0.6,0.0
0,112500.0,378000.0,18513.0,2,2.2532511978097194,0.4,0.5,0.0
1,103500.0,585000.0,22797.0,0,12.232717316906228,0.4,0.5,0.0
0,112500.0,521280.0,27423.0,1,3.6577686516084875,0.4,0.5,0.0
0,67500.0,675000.0,19737.0,0,7.586584531143052,0.4,0.5,0.0
0,157500.0,790434.0,31477.5,0,3.619438740588638,0.4,0.5,0.0
0,157500.0,1288350.0,37800.0,0,3.186858316221766,0.4,0.5,0.0
0,126000.0,254700.0,20250.0,3,3.134839151266256,0.4,0.5,0.0
0,90000.0,139230.0,10030.5,1,5.393566050650239,0.4,0.6,0.0
0,261000.0,900000.0,26442.0,0,0.35592060232717315,0.85,0.5,0.0
0,67500.0,900000.0,26446.5,2,2.7433264887063653,0.4,0.5,0.0
0,112500.0,640080.0,29970.0,0,6.083504449007529,0.4,0.5,0.0
0,112500.0,1078200.0,31653.0,0,7.143052703627652,0.4,0.5,0.0
0,157500.0,900000.0,31887.0,3,3.488021902806297,0.4,0.65,0.0
0,72000.0,459000.0,16614.0,0,4.517453798767967,0.4,0.5,0.0
0,67500.0,454500.0,21996.0,0,2.510609171800137,0.4,0.5,0.0
0,112500.0,337500.0,16875.0,1,1.0787132101300478,0.4,0.5,1.0
0,90000.0,225000.0,11488.5,0,5.130732375085558,0.4,0.5,0.0
0,112500.0,814041.0,28971.0,1,2.0588637919233403,0.4,0.5,0.0
0,360000.0,715095.0,53595.0,0,0.6844626967830253,0.4,0.5,0.0
0,90000.0,227520.0,14049.0,2,2.7624914442162902,0.4,0.6,0.0
0,121500.0,567000.0,20493.0,0,3.783709787816564,0.4,0.5,0.0
0,315000.0,568800.0,16429.5,1,1.3278576317590691,0.4,0.65,0.0
0,108000.0,450000.0,21888.0,1,11.263518138261464,0.4,0.6,0.0
0,315000.0,792162.0,40576.5,1,4.317590691307323,0.4,0.6,0.0
0,450000.0,1208335.5,51327.0,1,11.29637234770705,0.4,0.5,0.0
0,225000.0,270000.0,13500.0,2,13.201916495550993,0.4,0.6,1.0
0,135000.0,948582.0,27864.0,1,18.67214236824093,0.4,0.6,0.0
0,121500.0,1036530.0,29835.0,0,3.3100616016427105,0.4,0.6,0.0
1,157500.0,521280.0,35392.5,1,2.5489390828199863,0.4,0.5,0.0
0,247500.0,1247472.0,46359.0,1,5.409993155373032,0.4,0.6,0.0
0,112500.0,299772.0,14710.5,0,2.6995208761122518,0.4,0.5,0.0
0,337500.0,544068.0,25492.5,0,0.9007529089664613,0.85,0.6,0.0
0,67500.0,448056.0,21919.5,1,3.753593429158111,0.2,0.5,0.0
0,117000.0,346500.0,12573.0,0,4.3203285420944555,0.4,0.5,0.0
0,112500.0,180000.0,9000.0,0,2.650239561943874,0.4,0.6,1.0
0,225000.0,413235.0,25411.5,0,7.304585900068446,0.4,0.6,0.0
0,225000.0,1269738.0,71032.5,4,2.272416153319644,0.4,0.6,0.0
0,135000.0,156384.0,18688.5,0,2.0698151950718686,0.85,0.5,0.0
1,225000.0,746280.0,58963.5,0,4.506502395619439,0.85,0.5,0.0
0,162000.0,1129500.0,31059.0,0,2.861054072553046,0.4,0.5,0.0
0,90000.0,450000.0,21109.5,2,1.9110198494182067,0.4,0.5,0.0
1,180000.0,284400.0,13963.5,0,9.697467488021903,0.4,0.6,0.0
0,225000.0,1575000.0,41679.0,0,0.3750855578370979,0.85,0.5,0.0
0,135000.0,302076.0,20695.5,0,1.056810403832991,0.85,0.5,0.0
0,333000.0,1058148.0,54027.0,1,7.299110198494182,0.85,0.65,0.0
0,112500.0,647046.0,25069.5,1,5.779603011635865,0.4,0.5,0.0
0,135000.0,360000.0,28269.0,0,10.904859685147159,0.4,0.6,0.0
1,112500.0,545040.0,36553.5,0,3.047227926078029,0.4,0.6,0.0
0,157500.0,490536.0,28161.0,1,7.40041067761807,0.4,0.5,0.0
0,112500.0,119448.0,6313.5,0,22.986995208761122,0.4,0.5,0.0
1,126000.0,239850.0,25447.5,0,0.5968514715947981,0.4,0.5,0.0
0,121500.0,808650.0,26217.0,2,6.95687885010267,0.85,0.6,0.0
0,202500.0,561901.5,66816.0,0,1.8507871321013005,0.6,0.65,0.0
0,450000.0,1546020.0,45333.0,1,2.869267624914442,0.4,0.6,0.0
0,306000.0,450000.0,19066.5,0,15.34839151266256,0.4,0.5,0.0
0,202500.0,312768.0,15966.0,2,6.288843258042436,0.4,0.6,0.0
0,247500.0,1144737.0,45526.5,0,6.354551676933607,0.4,0.5,0.0
0,114300.0,640080.0,31261.5,3,0.5913757700205339,0.4,0.5,0.0
0,157500.0,254700.0,20250.0,1,3.36208076659822,0.85,0.5,0.0
0,135000.0,675000.0,21906.0,0,0.6105407255304586,0.4,0.5,0.0
0,202500.0,808650.0,26217.0,0,2.6913073237508556,0.4,0.6,0.0
0,157500.0,1288350.0,37800.0,0,11.679671457905544,0.85,0.5,0.0
0,76500.0,755190.0,32125.5,0,2.625598904859685,0.4,0.5,0.0
0,270000.0,533668.5,25803.0,1,5.341546885694729,0.4,0.65,0.0
0,63000.0,135000.0,6750.0,1,0.4216290212183436,0.4,0.5,1.0
0,135000.0,263844.0,13941.0,0,1.672826830937714,0.4,0.6,0.0
0,292500.0,1201207.5,35253.0,0,9.618069815195073,0.85,0.6,0.0
0,112500.0,187704.0,12348.0,1,5.431895961670089,0.4,0.5,0.0
0,90000.0,630000.0,20452.5,0,2.102669404517454,0.4,0.5,0.0
0,117000.0,585000.0,28273.5,2,5.379876796714579,0.4,0.5,0.0
0,67500.0,202500.0,10125.0,0,2.4695414099931554,0.4,0.5,1.0
0,67500.0,348264.0,34443.0,0,7.197809719370294,0.4,0.5,0.0
0,81000.0,450000.0,30442.5,0,7.293634496919918,0.4,0.5,0.0
0,135000.0,296280.0,21690.0,0,7.822039698836414,0.4,0.5,0.0
0,112500.0,562491.0,27189.0,1,3.2306639288158796,0.4,0.5,0.0
0,144000.0,787131.0,26145.0,0,16.098562628336754,0.4,0.5,0.0
1,121500.0,219870.0,13491.0,1,5.2265571526351815,0.4,0.5,0.0
0,135000.0,183384.0,19876.5,0,4.799452429842574,0.4,0.6,0.0
0,67500.0,246357.0,24493.5,0,0.7255304585900069,0.4,0.5,0.0
0,202500.0,135000.0,9261.0,2,13.100616016427105,0.4,0.5,0.0
1,112500.0,558855.0,35842.5,0,4.290212183436003,0.4,0.6,0.0
1,157500.0,416943.0,32940.0,2,5.790554414784395,0.4,0.6,0.0
0,135000.0,270000.0,13500.0,0,1.7631759069130732,0.85,0.6,1.0
1,135000.0,276408.0,15124.5,0,6.11088295687885,0.85,0.5,0.0
0,135000.0,254700.0,14620.5,1,2.3353867214236823,0.85,0.5,0.0
0,112500.0,225000.0,8482.5,1,4.402464065708419,0.4,0.6,0.0
0,225000.0,299772.0,19287.0,0,0.3915126625598905,0.4,0.6,0.0
0,135000.0,585000.0,21141.0,0,1.4757015742642026,0.6,0.6,0.0
1,112500.0,310500.0,22212.0,2,21.251197809719372,0.85,0.5,0.0
0,135000.0,237024.0,12231.0,1,11.02258726899384,0.6,0.5,0.0
0,270000.0,993082.5,38857.5,0,8.172484599589323,0.85,0.5,0.0
1,292500.0,540000.0,36085.5,0,6.715947980835044,0.85,0.6,0.0
0,135000.0,538704.0,26046.0,1,1.267624914442163,0.4,0.5,0.0
0,90000.0,526491.0,22261.5,1,18.198494182067076,0.4,0.5,0.0
0,112500.0,392427.0,25677.0,2,16.073921971252567,0.4,0.5,0.0
0,180000.0,450000.0,23692.5,1,2.294318959616701,0.4,0.6,0.0
1,81000.0,244998.0,10507.5,0,8.878850102669405,0.4,0.65,0.0
0,180234.0,990000.0,42498.0,0,17.218343600273784,0.4,0.6,0.0
0,49500.0,90000.0,7344.0,0,3.460643394934976,0.4,0.5,0.0
0,270000.0,840780.0,43060.5,0,16.34223134839151,0.4,0.6,0.0
0,157500.0,598486.5,19908.0,1,11.7015742642026,0.4,0.5,0.0
0,180000.0,814041.0,23800.5,1,8.205338809034908,0.4,0.5,0.0
0,90000.0,1125000.0,33025.5,0,0.49555099247091033,0.4,0.5,0.0
0,315000.0,900000.0,87808.5,0,5.637234770704997,0.85,0.6,0.0
0,67500.0,900000.0,45954.0,0,14.231348391512663,0.4,0.65,0.0
0,121500.0,225000.0,8469.0,1,0.5859000684462696,0.4,0.6,0.0
0,112500.0,1125000.0,33025.5,0,9.533196440793978,0.4,0.5,0.0
0,270000.0,474048.0,24331.5,0,7.427789185489391,0.85,0.6,0.0
0,202500.0,78192.0,9409.5,0,4.862422997946612,0.6,0.6,0.0
1,103500.0,308133.0,16263.0,0,2.187542778918549,0.4,0.5,0.0
0,112500.0,518562.0,24948.0,0,4.577686516084873,0.4,0.5,0.0
0,90000.0,942300.0,30528.0,1,5.0130047912388775,0.4,0.5,0.0
0,135000.0,808650.0,23773.5,0,10.989733059548255,0.4,0.5,0.0
0,90000.0,147888.0,11812.5,0,4.640657084188912,0.4,0.5,0.0
0,112500.0,808650.0,23643.0,0,6.362765229295003,0.4,0.5,0.0
0,202500.0,180000.0,9000.0,1,3.028062970568104,0.4,0.5,1.0
0,202500.0,1515415.5,40104.0,0,28.095824777549623,0.4,0.65,0.0
0,157500.0,790830.0,57676.5,0,12.229979466119097,0.85,0.65,0.0
0,90000.0,101880.0,10939.5,0,0.49555099247091033,0.4,0.5,0.0
1,157500.0,301464.0,19395.0,0,3.7371663244353184,0.4,0.5,0.0
1,90000.0,252022.5,23112.0,1,2.2313483915126624,0.4,0.5,0.0
1,76500.0,275040.0,12951.0,0,3.4496919917864477,0.4,0.5,0.0
1,67500.0,657000.0,25587.0,0,4.988364134154689,0.4,0.5,0.0
0,405000.0,1308964.5,42354.0,0,0.8459958932238193,0.85,0.6,0.0
0,225000.0,270000.0,13500.0,2,23.797399041752225,0.4,0.5,1.0
0,112500.0,225000.0,22383.0,0,6.310746064339494,0.85,0.5,0.0
0,112500.0,229500.0,12145.5,2,17.848049281314168,0.4,0.5,0.0
0,540000.0,1113840.0,47322.0,0,1.1307323750855578,0.4,0.6,0.0
0,72000.0,247275.0,19953.0,0,0.8158795345653662,0.6,0.6,0.0
0,135000.0,921330.0,36666.0,0,9.530458590006845,0.4,0.65,0.0
1,112500.0,728460.0,39676.5,0,8.821355236139631,0.4,0.5,0.0
0,112500.0,454500.0,25506.0,0,15.236139630390143,0.4,0.5,0.0
1,180000.0,298512.0,21852.0,0,8.336755646817249,0.4,0.5,0.0
0,189000.0,468648.0,30078.0,0,4.3203285420944555,0.85,0.5,0.0
0,180000.0,270000.0,13500.0,1,2.976043805612594,0.4,0.6,1.0
0,225000.0,1078200.0,31653.0,0,3.252566735112936,0.85,0.6,0.0
0,180000.0,562491.0,27189.0,0,2.9103353867214237,0.85,0.5,0.0
0,135000.0,180000.0,9000.0,0,0.27104722792607805,0.85,0.6,1.0
1,81000.0,284400.0,13387.5,0,1.626283367556468,0.4,0.6,0.0
0,405000.0,2013840.0,55507.5,0,22.99247091033539,0.85,0.65,0.0
0,427500.0,781920.0,57028.5,0,2.9349760438056127,0.4,0.6,0.0
0,112500.0,67500.0,3411.0,2,3.0992470910335386,0.4,0.6,0.0
0,157500.0,1350000.0,47056.5,0,10.499657768651609,0.4,0.5,0.0
0,405000.0,1800000.0,49500.0,1,4.687200547570157,0.85,0.5,0.0
0,157500.0,593010.0,23107.5,0,2.937713894592745,0.4,0.5,0.0
0,72000.0,247500.0,12375.0,0,6.505133470225872,0.4,0.65,1.0
0,90000.0,180000.0,10332.0,1,3.271731690622861,0.85,0.5,0.0
0,450000.0,298512.0,29209.5,0,16.61327857631759,0.4,0.6,0.0
0,450000.0,870984.0,38493.0,0,17.900068446269678,0.4,0.6,0.0
0,90000.0,225000.0,11074.5,0,1.2347707049965777,0.4,0.5,0.0
0,90000.0,477000.0,46597.5,1,13.593429158110883,0.4,0.6,0.0
0,135000.0,900000.0,46084.5,1,1.6344969199178645,0.4,0.5,0.0
0,135000.0,206271.0,22212.0,0,1.7138945927446954,0.4,0.6,0.0
0,90000.0,250272.0,19903.5,2,12.372347707049967,0.4,0.65,0.0
0,315000.0,835380.0,40320.0,0,3.802874743326489,0.4,0.5,0.0
1,157500.0,225000.0,17905.5,0,0.9144421629021219,0.85,0.5,0.0
0,81000.0,276277.5,22279.5,0,8.208076659822039,0.4,0.5,0.0
0,112500.0,272520.0,19957.5,0,4.2217659137577,0.4,0.5,0.0
0,72000.0,152820.0,15016.5,0,4.7118412046543465,0.4,0.5,0.0
1,315000.0,86256.0,8041.5,1,9.095140314852841,0.4,0.5,0.0
0,103500.0,755190.0,32125.5,1,3.4442162902121836,0.4,0.5,0.0
0,67500.0,177768.0,9774.0,0,2.0533880903490758,0.4,0.6,0.0
1,135000.0,946503.0,37665.0,1,1.9575633127994525,0.4,0.5,0.0
0,90000.0,900000.0,26316.0,0,4.057494866529774,0.4,0.6,0.0
0,135000.0,640080.0,31261.5,1,0.3887748117727584,0.4,0.5,0.0
0,202500.0,868797.0,36940.5,0,25.29226557152635,0.4,0.5,0.0
0,184500.0,584014.5,29947.5,0,5.568788501026694,0.4,0.5,0.0
0,90000.0,269550.0,20857.5,0,7.526351813826146,0.4,0.5,0.0
0,112500.0,225000.0,11250.0,0,33.54688569472964,0.4,0.5,1.0
0,225000.0,720000.0,28683.0,1,16.933607118412045,0.4,0.5,0.0
0,126000.0,472500.0,30195.0,0,11.471594798083505,0.4,0.5,0.0
0,112500.0,180000.0,11632.5,1,1.1252566735112937,0.85,0.5,0.0
0,81000.0,508495.5,26091.0,0,0.3066392881587953,0.4,0.5,0.0
1,157500.0,135000.0,6750.0,0,0.3942505133470226,0.4,0.5,1.0
0,90000.0,180000.0,13095.0,0,9.59069130732375,0.4,0.5,0.0
0,247500.0,720000.0,55849.5,0,18.67488021902806,0.4,0.6,0.0
0,135000.0,473661.0,17986.5,0,3.2060232717316905,0.4,0.6,0.0
0,180000.0,675000.0,28507.5,1,6.072553045859,0.4,0.5,0.0
0,225000.0,280170.0,28705.5,1,6.9021218343600275,0.85,0.5,0.0
0,270000.0,863226.0,31990.5,1,0.7063655030800822,0.85,0.5,0.0
0,112500.0,180000.0,9000.0,1,5.689253935660506,0.6,0.5,1.0
0,135000.0,402048.0,20655.0,0,2.8145106091718,0.4,0.6,0.0
0,135000.0,270000.0,13500.0,0,3.060917180013689,0.4,0.5,1.0
1,180000.0,824823.0,24115.5,0,4.673511293634497,0.4,0.5,0.0
0,157500.0,485640.0,38133.0,3,1.5249828884325805,0.4,0.5,0.0
1,90000.0,298512.0,17266.5,0,3.589322381930185,0.4,0.6,0.0
0,112500.0,1256400.0,36864.0,0,6.31895961670089,0.4,0.5,0.0
0,112500.0,253737.0,26775.0,1,0.731006160164271,0.6,0.5,0.0
0,135000.0,450000.0,16294.5,0,25.07049965776865,0.4,0.5,0.0
0,157500.0,587619.0,18954.0,1,3.863107460643395,0.4,0.5,0.0
1,90000.0,1078200.0,38331.0,1,14.811772758384668,0.4,0.6,0.0
0,112500.0,400500.0,21726.0,0,5.073237508555784,0.85,0.6,0.0
0,112500.0,675000.0,21775.5,0,4.388774811772758,0.85,0.6,0.0
0,180000.0,472500.0,44991.0,1,5.924709103353867,0.4,0.5,0.0
1,112500.0,286704.0,13414.5,0,7.613963039014374,0.4,0.5,0.0
0,218461.5,1575000.0,56907.0,0,2.737850787132101,0.6,0.6,0.0
1,135000.0,225000.0,13594.5,0,4.810403832991102,0.4,0.5,0.0
0,49500.0,135000.0,6750.0,0,1.7905544147843941,0.4,0.5,1.0
0,180000.0,1354500.0,55296.0,0,4.736481861738535,0.4,0.6,0.0
1,202500.0,204858.0,17653.5,3,7.775496235455168,0.4,0.5,0.0
1,225000.0,854896.5,43780.5,1,8.183436002737851,0.4,0.6,0.0
0,202500.0,1575000.0,41679.0,1,12.451745379876797,0.4,0.5,0.0
0,135000.0,808650.0,26217.0,3,3.3867214236824092,0.85,0.5,0.0
0,90000.0,337500.0,16875.0,3,10.888432580424366,0.4,0.5,1.0
1,180000.0,1256400.0,36864.0,0,0.3860369609856263,0.4,0.5,0.0
0,135000.0,646920.0,25065.0,0,2.6611909650924024,0.2,0.6,0.0
0,112500.0,824823.0,22810.5,0,0.5530458590006845,0.85,0.5,0.0
0,166500.0,1066608.0,38439.0,1,3.7371663244353184,0.85,0.5,0.0
0,112500.0,755190.0,38686.5,0,31.904175222450377,0.4,0.65,0.0
0,54000.0,101880.0,10939.5,1,1.5879534565366187,0.4,0.5,0.0
0,112500.0,781920.0,41787.0,0,0.7419575633127995,0.4,0.6,0.0
0,99000.0,234369.0,17185.5,0,39.460643394934976,0.4,0.5,0.0
0,225000.0,472500.0,46863.0,0,5.552361396303901,0.4,0.5,0.0
1,67500.0,474183.0,34636.5,2,5.188227241615332,0.4,0.5,0.0
0,81000.0,517500.0,28093.5,0,15.613963039014374,0.4,0.5,0.0
0,180000.0,135000.0,9018.0,0,0.9226557152635181,0.4,0.5,0.0
0,162000.0,1006920.0,39933.0,2,2.7405886379192332,0.85,0.5,0.0
1,139500.0,675000.0,32472.0,0,2.0917180013689256,0.4,0.5,0.0
0,225000.0,454500.0,21865.5,0,13.52498288843258,0.4,0.5,0.0
0,283500.0,1762110.0,46611.0,0,0.621492128678987,0.4,0.6,0.0
0,189000.0,225000.0,10489.5,0,0.676249144421629,0.4,0.5,0.0
0,126000.0,1011955.5,43006.5,0,5.886379192334018,0.4,0.5,0.0
0,157500.0,733315.5,39199.5,1,5.71937029431896,0.4,0.5,0.0
0,90000.0,177768.0,12010.5,1,14.20123203285421,0.4,0.5,0.0
0,180000.0,288873.0,19435.5,0,5.9986310746064335,0.85,0.5,0.0
0,90000.0,521280.0,31630.5,0,4.991101984941821,0.4,0.6,0.0
0,578835.0,1215000.0,36837.0,1,9.973990417522245,0.85,0.6,0.0
0,180000.0,942300.0,27679.5,0,1.9164955509924708,0.4,0.6,0.0
0,157500.0,1256400.0,44644.5,0,0.2655715263518138,0.4,0.6,0.0
0,202500.0,886383.0,49626.0,0,7.96167008898015,0.4,0.5,0.0
0,144000.0,512446.5,40617.0,0,4.240930869267625,0.4,0.5,0.0
0,180000.0,1035832.5,27454.5,0,1.0704996577686516,0.4,0.5,0.0
0,225000.0,1129500.0,43150.5,0,2.16290212183436,0.4,0.6,0.0
0,180000.0,810000.0,23814.0,0,5.607118412046543,0.4,0.6,0.0
0,247500.0,535500.0,20749.5,0,11.794661190965092,0.85,0.6,0.0
0,81000.0,584766.0,28260.0,0,3.159479808350445,0.4,0.6,0.0
0,211500.0,454500.0,25506.0,1,6.297056810403833,0.4,0.5,0.0
0,225000.0,1732500.0,45702.0,1,16.12046543463381,0.85,0.65,0.0
1,112500.0,227520.0,15331.5,1,4.292950034223135,0.4,0.6,0.0
0,90000.0,157914.0,16713.0,0,11.408624229979466,0.85,0.5,0.0
0,225000.0,1022436.0,43317.0,0,9.544147843942506,0.85,0.5,0.0
0,180000.0,808650.0,26217.0,0,5.760438056125941,0.85,0.5,0.0
0,270000.0,526491.0,27009.0,0,7.690622861054073,0.4,0.65,0.0
0,225000.0,101880.0,10206.0,0,7.12662559890486,0.4,0.5,0.0
0,135000.0,848745.0,37386.0,0,24.87337440109514,0.4,0.5,0.0
0,166500.0,640080.0,31131.0,3,5.144421629021219,0.4,0.5,0.0
0,180000.0,688500.0,44131.5,1,10.822724161533197,0.85,0.6,0.0
0,270000.0,283585.5,16884.0,0,4.180698151950718,0.4,0.5,0.0
0,270000.0,1305000.0,38155.5,0,9.316906228610542,0.4,0.5,0.0
0,315000.0,1123164.0,44671.5,1,7.696098562628337,0.4,0.5,0.0
0,58500.0,135000.0,6750.0,0,2.0314852840520192,0.4,0.5,1.0
0,103500.0,247500.0,12375.0,1,2.297056810403833,0.4,0.6,1.0
0,243000.0,170640.0,11106.0,1,4.960985626283367,0.85,0.6,0.0
0,180000.0,1339884.0,39177.0,0,6.844626967830253,0.4,0.5,0.0
0,81000.0,101880.0,10939.5,2,2.329911019849418,0.4,0.5,0.0
0,112500.0,1125000.0,33025.5,0,11.274469541409994,0.4,0.5,0.0
0,135000.0,360000.0,18000.0,1,1.0869267624914443,0.4,0.6,1.0
0,225000.0,1006920.0,42660.0,0,11.638603696098563,0.4,0.5,0.0
0,225000.0,1256400.0,40527.0,0,1.6180698151950719,0.4,0.5,0.0
0,180000.0,1317357.0,52375.5,1,8.695414099931554,0.4,0.6,0.0
0,135000.0,942300.0,36643.5,0,14.056125941136209,0.4,0.5,0.0
1,135000.0,450000.0,16164.0,0,18.65845311430527,0.85,0.65,0.0
0,72000.0,337761.0,15781.5,0,4.4517453798767965,0.4,0.5,0.0
0,112500.0,490495.5,46701.0,0,36.114989733059545,0.4,0.65,0.0
1,225000.0,1078200.0,38331.0,1,4.05201916495551,0.4,0.5,0.0
1,67500.0,59301.0,4783.5,1,6.69678302532512,0.4,0.6,0.0
0,148500.0,1078200.0,31522.5,0,0.3613963039014374,0.85,0.5,0.0
0,315000.0,1442952.0,38191.5,1,6.7734428473648185,0.85,0.6,0.0
0,144000.0,1262583.0,40729.5,0,12.180698151950718,0.85,0.65,0.0
0,450000.0,540000.0,23787.0,0,7.811088295687885,0.85,0.5,0.0
0,247500.0,983299.5,41661.0,0,28.22450376454483,0.4,0.65,0.0
0,112500.0,270000.0,16312.5,0,2.5708418891170433,0.6,0.6,0.0
0,31500.0,180000.0,9000.0,1,3.2580424366872007,0.4,0.5,1.0
0,189000.0,640080.0,31261.5,0,6.1711156741957565,0.4,0.6,0.0
0,292500.0,539100.0,29245.5,2,2.7871321013004793,0.4,0.5,0.0
0,216000.0,159264.0,9270.0,0,38.945927446954144,0.4,0.5,0.0
0,450000.0,877500.0,25785.0,1,11.24435318275154,0.85,0.65,0.0
0,157500.0,95940.0,10071.0,0,5.68104038329911,0.4,0.5,0.0
0,126000.0,203760.0,13747.5,0,1.056810403832991,0.4,0.6,0.0
0,382500.0,814041.0,23931.0,1,17.65639972621492,0.4,0.6,0.0
1,157500.0,318528.0,25294.5,1,2.8528405201916494,0.4,0.65,0.0
0,180000.0,601470.0,29065.5,0,16.301163586584533,0.4,0.6,0.0
0,180000.0,341280.0,24961.5,0,4.837782340862423,0.85,0.5,0.0
0,117000.0,787131.0,42066.0,0,6.2121834360027375,0.4,0.6,0.0
0,126000.0,840780.0,35622.0,0,2.4722792607802875,0.4,0.5,0.0
1,225000.0,1029681.0,30235.5,0,0.5256673511293635,0.4,0.6,0.0
0,225000.0,180000.0,9000.0,0,9.990417522245037,0.85,0.65,1.0
0,90000.0,225000.0,10620.0,0,0.6379192334017796,0.4,0.5,0.0
0,135000.0,755190.0,36459.0,0,6.365503080082136,0.4,0.6,0.0
0,112500.0,677664.0,24471.0,2,5.193702943189596,0.85,0.65,0.0
0,247500.0,1308964.5,35392.5,0,22.253251197809718,0.85,0.5,0.0
0,135000.0,135000.0,16150.5,1,2.54072553045859,0.4,0.6,0.0
0,112500.0,107820.0,7798.5,1,2.9322381930184807,0.4,0.6,0.0
0,225000.0,1152000.0,41508.0,1,22.639288158795345,0.4,0.5,0.0
0,180000.0,754740.0,24475.5,0,0.9965776865160849,0.4,0.6,0.0
0,153000.0,555273.0,16366.5,1,11.28268309377139,0.85,0.6,0.0
1,135000.0,112500.0,12721.5,0,0.2792607802874743,0.4,0.6,0.0
1,270000.0,545040.0,26509.5,0,2.9979466119096507,0.4,0.5,0.0
0,270000.0,675000.0,53329.5,0,2.8884325804243667,0.85,0.6,0.0
0,180000.0,326664.0,17851.5,2,9.935660506502396,0.4,0.6,0.0
0,162000.0,113746.5,9247.5,1,6.915811088295688,0.4,0.6,0.0
0,225000.0,630000.0,31500.0,1,6.72416153319644,0.85,0.6,1.0
0,315000.0,1546020.0,40783.5,0,6.398357289527721,0.85,0.5,0.0
0,270000.0,423000.0,21726.0,1,7.241615331964408,0.4,0.6,0.0
1,180000.0,545040.0,25407.0,0,9.675564681724847,0.4,0.5,0.0
0,180000.0,1255500.0,36706.5,2,1.5003422313483916,0.4,0.5,0.0
0,112500.0,808650.0,23773.5,0,8.511978097193703,0.4,0.5,0.0
0,135000.0,90000.0,9549.0,1,1.0239561943874058,0.4,0.5,0.0
0,225000.0,225000.0,11250.0,2,6.5598904859685145,0.85,0.5,1.0
0,121500.0,297130.5,13216.5,0,0.3394934976043806,0.4,0.5,0.0
0,270000.0,1256400.0,33273.0,0,1.45927446954141,0.85,0.6,0.0
1,135000.0,450000.0,35554.5,0,7.5564681724846,0.4,0.6,0.0
0,112500.0,296280.0,21559.5,1,5.796030116358659,0.4,0.5,0.0
0,135000.0,830214.0,24273.0,2,9.426420260095824,0.85,0.5,0.0
0,112500.0,481495.5,34240.5,0,24.906228610540726,0.4,0.6,0.0
0,149850.0,359725.5,13050.0,0,2.5051334702258727,0.4,0.6,0.0
0,202500.0,161730.0,12645.0,3,2.631074606433949,0.6,0.5,0.0
0,180000.0,765000.0,44856.0,0,3.1813826146475015,0.85,0.6,0.0
1,112500.0,450000.0,21888.0,0,3.980835044490075,0.4,0.5,0.0
0,315000.0,545040.0,36553.5,1,5.494866529774128,0.4,0.65,0.0
0,54000.0,648000.0,23404.5,1,29.322381930184804,0.4,0.65,0.0
1,126000.0,269550.0,20988.0,0,7.786447638603696,0.2,0.5,0.0
1,180000.0,1798605.0,62649.0,0,15.7015742642026,0.4,0.65,0.0
0,270000.0,270000.0,13500.0,0,2.1574264202600957,0.4,0.6,1.0
0,180000.0,1293502.5,41854.5,0,8.375085557837098,0.4,0.6,0.0
0,202500.0,870984.0,34078.5,0,28.01095140314853,0.4,0.5,0.0
0,90000.0,270000.0,13500.0,0,1.6536618754277892,0.4,0.6,1.0
0,157500.0,808650.0,26217.0,2,4.4490075290896645,0.4,0.6,0.0
0,106096.5,593460.0,25830.0,0,10.72142368240931,0.85,0.6,0.0
0,180000.0,948816.0,25159.5,0,10.231348391512663,0.4,0.6,0.0
0,135000.0,284400.0,22599.0,1,10.324435318275153,0.4,0.6,0.0
0,112500.0,318528.0,9256.5,0,14.412046543463381,0.4,0.5,0.0
0,202500.0,254700.0,27153.0,0,0.9226557152635181,0.85,0.5,0.0
0,202500.0,263686.5,25038.0,0,9.713894592744696,0.6,0.65,0.0
1,135000.0,633681.0,30820.5,0,5.108829568788501,0.4,0.5,0.0
0,112500.0,824823.0,22810.5,1,11.041752224503764,0.85,0.5,0.0
0,112500.0,211500.0,20731.5,0,27.041752224503764,0.4,0.65,0.0
0,157500.0,1056447.0,27999.0,0,0.49555099247091033,0.4,0.6,0.0
1,225000.0,195543.0,15579.0,1,1.1854893908281998,0.4,0.6,0.0
0,135000.0,1546020.0,50004.0,1,15.457905544147843,0.4,0.5,0.0
0,85500.0,1019614.5,45040.5,0,15.132101300479125,0.4,0.5,0.0
0,90000.0,536917.5,17874.0,0,31.32101300479124,0.4,0.5,0.0
0,157500.0,723996.0,32022.0,0,3.1731690622861053,0.4,0.5,0.0
0,135000.0,152820.0,15016.5,0,14.751540041067761,0.4,0.5,0.0
0,288000.0,792162.0,43101.0,0,1.946611909650924,0.85,0.65,0.0
0,337500.0,522396.0,41404.5,0,3.1457905544147846,0.4,0.5,0.0
0,90000.0,315000.0,15750.0,1,4.243668720054757,0.85,0.2,1.0
0,157500.0,450000.0,21109.5,0,3.4250513347022586,0.85,0.5,0.0
0,135000.0,675000.0,19867.5,0,3.40041067761807,0.4,0.5,0.0
0,112500.0,417024.0,27094.5,0,8.700889801505818,0.4,0.5,0.0
0,157500.0,522000.0,26779.5,2,1.106091718001369,0.4,0.5,0.0
0,99000.0,445500.0,20898.0,0,1.111567419575633,0.85,0.65,0.0
0,900000.0,247500.0,12375.0,2,8.164271047227926,0.85,0.5,1.0
1,202500.0,553806.0,26640.0,0,14.896646132785763,0.4,0.65,0.0
0,180000.0,835380.0,40189.5,0,4.766598220396989,0.4,0.6,0.0
0,135000.0,592560.0,40216.5,0,19.345653661875428,0.4,0.5,0.0
0,81000.0,90000.0,10152.0,0,8.095824777549623,0.4,0.5,0.0
0,112500.0,808650.0,26086.5,1,4.947296372347707,0.4,0.5,0.0
0,135000.0,545040.0,36553.5,0,5.437371663244353,0.4,0.6,0.0
0,94500.0,545040.0,25537.5,0,3.0691307323750854,0.4,0.5,0.0
0,292500.0,1256548.5,53370.0,0,0.917180013689254,0.4,0.6,0.0
0,180000.0,333337.5,35131.5,0,6.9048596851471595,0.4,0.5,0.0
0,443250.0,1600330.5,55755.0,0,0.4134154688569473,0.4,0.5,0.0
0,189000.0,599472.0,19480.5,0,3.756331279945243,0.85,0.5,0.0
0,247500.0,1506816.0,49927.5,1,11.290896646132786,0.4,0.5,0.0
0,117000.0,1305909.0,39721.5,0,0.35592060232717315,0.85,0.5,0.0
0,202500.0,781920.0,47965.5,0,4.813141683778234,0.4,0.6,0.0
0,90000.0,161730.0,13963.5,0,2.0314852840520192,0.4,0.5,0.0
1,157500.0,269550.0,13891.5,1,12.837782340862423,0.4,0.5,0.0
1,225000.0,675000.0,33750.0,1,3.7399041752224504,0.4,0.6,1.0
0,301500.0,824823.0,21888.0,1,1.322381930184805,0.4,0.5,0.0
0,270000.0,544491.0,16047.0,1,28.577686516084874,0.4,0.5,0.0
1,157500.0,440784.0,32202.0,0,1.9356605065023955,0.6,0.5,0.0
0,94500.0,216000.0,17194.5,1,1.8261464750171115,0.4,0.5,0.0
1,94500.0,215640.0,17064.0,0,3.676933607118412,0.4,0.5,0.0
0,405000.0,1157049.0,44068.5,0,0.6844626967830253,0.85,0.5,0.0
1,180000.0,450000.0,30442.5,1,1.215605749486653,0.4,0.5,0.0
0,225000.0,1113840.0,44302.5,0,7.279945242984257,0.4,0.5,0.0
0,270000.0,781920.0,61906.5,0,6.590006844626968,0.85,0.6,0.0
0,135000.0,545040.0,36553.5,0,1.3607118412046544,0.85,0.65,0.0
1,67500.0,135000.0,6750.0,2,2.8501026694045173,0.4,0.5,1.0
0,315000.0,267102.0,28894.5,1,2.8802190280629705,0.4,0.5,0.0
0,315000.0,408780.0,15538.5,0,4.865160848733744,0.4,0.5,0.0
0,180000.0,1113840.0,57001.5,0,4.528405201916495,0.85,0.5,0.0
0,171000.0,450000.0,20979.0,0,7.364818617385352,0.6,0.5,0.0
0,202500.0,1426500.0,37759.5,1,9.77138945927447,0.4,0.5,0.0
0,360000.0,945000.0,39127.5,0,11.364818617385353,0.4,0.5,0.0
0,202500.0,900000.0,26316.0,3,4.353182751540041,0.85,0.5,0.0
0,157500.0,373140.0,37035.0,0,13.757700205338809,0.4,0.5,0.0
0,144000.0,309420.0,11794.5,0,11.31006160164271,0.4,0.5,0.0
0,126000.0,296280.0,21559.5,2,8.621492128678987,0.4,0.6,0.0
0,180000.0,900000.0,26316.0,0,8.4435318275154,0.4,0.5,0.0
0,90000.0,135000.0,6750.0,0,1.8590006844626967,0.4,0.5,1.0
0,148500.0,1078200.0,31653.0,2,7.917864476386037,0.85,0.6,0.0
0,109800.0,526491.0,18909.0,1,5.174537987679671,0.4,0.5,0.0
0,135000.0,276277.5,12168.0,1,14.373716632443532,0.4,0.65,0.0
0,157500.0,835380.0,42781.5,0,4.569472963723477,0.4,0.5,0.0
0,67500.0,207000.0,7933.5,0,17.590691307323752,0.4,0.5,0.0
1,121500.0,666000.0,25938.0,0,0.46269678302532513,0.4,0.5,0.0
0,225000.0,1288350.0,37669.5,0,5.987679671457905,0.4,0.5,0.0
0,67500.0,640080.0,24259.5,1,2.0506502395619437,0.4,0.5,0.0
0,247500.0,364896.0,18760.5,0,3.671457905544148,0.4,0.5,0.0
0,112500.0,158256.0,12816.0,0,6.535249828884326,0.4,0.5,0.0
0,202500.0,1022022.0,43429.5,0,27.59479808350445,0.4,0.5,0.0
0,175500.0,49752.0,5350.5,0,2.0698151950718686,0.4,0.6,0.0
0,225000.0,675000.0,32602.5,0,3.8576317590691307,0.85,0.5,0.0
0,135000.0,1024740.0,43546.5,3,0.38329911019849416,0.4,0.6,0.0
1,157500.0,232434.0,15853.5,0,2.026009582477755,0.4,0.5,0.0
1,157500.0,741276.0,23913.0,0,1.700205338809035,0.4,0.6,0.0
1,225000.0,755460.0,58594.5,2,4.117727583846681,0.85,0.6,0.0
0,180000.0,45000.0,4855.5,0,7.258042436687201,0.4,0.6,0.0
1,225000.0,746280.0,59094.0,1,5.193702943189596,0.4,0.5,0.0
0,247500.0,315000.0,25015.5,0,2.428473648186174,0.4,0.5,0.0
0,157500.0,148500.0,11232.0,0,11.759069130732374,0.85,0.6,0.0
0,202500.0,753840.0,22171.5,1,18.324435318275153,0.4,0.65,0.0
0,153000.0,148365.0,11223.0,0,11.72621492128679,0.4,0.5,0.0
0,157500.0,808650.0,26086.5,1,13.048596851471595,0.4,0.5,0.0
0,243000.0,495216.0,21942.0,0,9.229295003422314,0.4,0.6,0.0
0,112500.0,900000.0,26446.5,1,2.937713894592745,0.4,0.5,0.0
0,112500.0,267102.0,31828.5,0,4.610540725530458,0.4,0.5,0.0
0,225000.0,675000.0,33750.0,0,6.888432580424367,0.85,0.65,1.0
0,45000.0,135000.0,6750.0,0,2.2806297056810405,0.4,0.5,1.0
0,135000.0,472500.0,18616.5,1,1.9630390143737166,0.4,0.5,0.0
0,135000.0,545040.0,25537.5,1,2.836413415468857,0.4,0.5,0.0
1,90000.0,118602.0,9441.0,1,29.87542778918549,0.4,0.5,0.0
0,135000.0,204768.0,14967.0,0,13.415468856947296,0.4,0.5,0.0
0,450000.0,1698165.0,46696.5,0,20.112251882272417,0.4,0.6,0.0
0,382500.0,1546020.0,40914.0,0,4.435318275154004,0.85,0.6,0.0
1,126000.0,501363.0,25726.5,0,0.9418206707734429,0.4,0.5,0.0
0,90000.0,834048.0,27693.0,1,10.740588637919233,0.6,0.5,0.0
0,202500.0,612612.0,29470.5,1,0.2080766598220397,0.4,0.6,0.0
0,49500.0,389844.0,20034.0,3,4.290212183436003,0.4,0.5,0.0
0,72000.0,852088.5,38632.5,1,8.744695414099931,0.4,0.5,0.0
1,135000.0,177903.0,16447.5,1,0.5886379192334018,0.4,0.6,0.0
0,121500.0,239850.0,23719.5,0,19.904175222450377,0.4,0.6,0.0
0,135000.0,71955.0,8536.5,0,9.494866529774127,0.4,0.65,0.0
0,85500.0,296280.0,15277.5,2,7.055441478439425,0.4,0.65,0.0
0,135000.0,900000.0,23872.5,0,3.6413415468856947,0.85,0.5,0.0
0,270000.0,1233000.0,34038.0,0,17.04312114989733,0.85,0.65,0.0
0,135000.0,108000.0,4198.5,0,18.90759753593429,0.4,0.5,0.0
0,157500.0,360000.0,18000.0,0,0.6242299794661191,0.4,0.5,1.0
0,157500.0,157500.0,7875.0,0,1.0321697467488022,0.4,0.5,1.0
0,135000.0,1125000.0,47794.5,0,4.761122518822724,0.4,0.5,0.0
0,315000.0,1236816.0,40027.5,1,10.250513347022586,0.4,0.6,0.0
0,202500.0,1570500.0,41427.0,0,5.856262833675565,0.4,0.6,0.0
0,81000.0,490495.5,27387.0,0,12.91170431211499,0.4,0.5,0.0
1,180000.0,584014.5,28224.0,1,2.4476386036960984,0.4,0.5,0.0
0,157500.0,675000.0,29862.0,1,4.005475701574264,0.4,0.5,0.0
0,67500.0,284400.0,10849.5,0,7.967145790554415,0.4,0.5,0.0
0,112500.0,225000.0,8482.5,0,30.119096509240247,0.4,0.5,0.0
0,135000.0,679500.0,26946.0,0,1.1279945242984257,0.85,0.5,0.0
0,360000.0,640080.0,29970.0,0,0.8843258042436687,0.85,0.5,0.0
0,157500.0,691020.0,26905.5,1,3.6167008898015056,0.4,0.5,0.0
1,360000.0,819792.0,44473.5,0,2.3737166324435317,0.4,0.5,0.0
0,157500.0,297000.0,13842.0,2,1.9520876112251881,0.4,0.5,0.0
0,135000.0,328500.0,34987.5,0,8.106776180698152,0.4,0.5,0.0
0,450000.0,1350000.0,67500.0,1,14.050650239561945,0.4,0.5,1.0
0,315000.0,900000.0,45000.0,1,1.8179329226557153,0.4,0.6,1.0
0,90000.0,291384.0,19251.0,1,4.851471594798084,0.4,0.5,0.0
0,157500.0,450000.0,22500.0,1,2.458590006844627,0.85,0.65,1.0
1,67500.0,450000.0,36081.0,1,1.9657768651608487,0.4,0.5,0.0
1,135000.0,1078200.0,31522.5,0,2.206707734428474,0.4,0.5,0.0
0,315000.0,1035000.0,57924.0,0,30.302532511978097,0.4,0.5,0.0
0,225000.0,508495.5,21541.5,0,13.437371663244353,0.4,0.5,0.0
0,157500.0,314100.0,13963.5,2,9.040383299110198,0.4,0.5,0.0
0,126000.0,359725.5,23548.5,1,3.9288158795345653,0.4,0.5,0.0
0,342000.0,724500.0,56196.0,0,42.46132785763176,0.85,0.65,0.0
1,112500.0,180000.0,9000.0,3,4.720054757015743,0.4,0.6,1.0
0,108000.0,900000.0,26446.5,0,6.652977412731006,0.4,0.5,0.0
0,112500.0,152820.0,18135.0,0,9.872689938398358,0.85,0.5,0.0
0,54000.0,161730.0,8257.5,0,3.5537303216974676,0.4,0.5,0.0
1,112500.0,342823.5,40684.5,0,2.7104722792607805,0.4,0.6,0.0
0,157500.0,700830.0,25875.0,0,6.168377823408624,0.4,0.5,0.0
1,117000.0,202500.0,10125.0,0,0.4134154688569473,0.4,0.6,1.0
0,157500.0,276277.5,21379.5,1,4.75564681724846,0.85,0.6,0.0
0,180000.0,271066.5,10876.5,0,7.392197125256674,0.4,0.6,0.0
0,202500.0,325908.0,16767.0,0,8.821355236139631,0.4,0.5,0.0
0,157500.0,270000.0,21460.5,2,2.1711156741957565,0.4,0.5,0.0
0,157500.0,225000.0,11781.0,1,3.704312114989733,0.4,0.6,0.0
0,193500.0,1067940.0,29367.0,1,1.754962354551677,0.4,0.5,0.0
0,67500.0,135000.0,13482.0,0,0.3942505133470226,0.85,0.6,0.0
0,135000.0,1535553.0,40635.0,0,13.943874058863791,0.4,0.5,0.0
0,180000.0,848308.5,59170.5,0,7.1594798083504445,0.85,0.6,0.0
0,427500.0,900000.0,62770.5,0,2.735112936344969,0.4,0.6,0.0
0,135000.0,1078200.0,34780.5,2,1.9931553730321698,0.4,0.5,0.0
1,135000.0,755190.0,36459.0,2,4.435318275154004,0.4,0.5,0.0
0,81000.0,314100.0,11767.5,1,4.503764544832307,0.4,0.5,0.0
0,252000.0,459000.0,12105.0,1,4.659822039698836,0.4,0.5,0.0
1,180000.0,592560.0,31153.5,0,7.797399041752224,0.4,0.5,0.0
0,180000.0,495882.0,33268.5,1,2.0396988364134154,0.85,0.5,0.0
0,135000.0,436032.0,20457.0,1,0.6023271731690623,0.4,0.5,0.0
0,157500.0,521280.0,28408.5,0,6.910335386721424,0.4,0.5,0.0
0,135000.0,294322.5,23382.0,0,10.182067077344286,0.4,0.5,0.0
0,315000.0,573943.5,27742.5,0,12.394250513347023,0.85,0.5,0.0
1,135000.0,270000.0,13500.0,0,4.402464065708419,0.4,0.6,1.0
0,144000.0,381528.0,18684.0,2,4.955509924709103,0.4,0.5,0.0
0,180000.0,254700.0,16276.5,0,2.839151266255989,0.4,0.65,0.0
1,108000.0,180000.0,9000.0,0,1.5304585900068446,0.4,0.5,1.0
0,315000.0,1762110.0,48456.0,1,4.262833675564682,0.4,0.5,0.0
0,135000.0,545040.0,35617.5,1,4.476386036960986,0.85,0.5,0.0
1,315000.0,755190.0,31995.0,0,2.4996577686516086,0.85,0.5,0.0
0,180000.0,755190.0,36459.0,3,1.7467488021902806,0.85,0.5,0.0
0,90000.0,226422.0,9972.0,1,21.527720739219713,0.4,0.5,0.0
0,247500.0,254700.0,25321.5,0,22.12457221081451,0.85,0.5,0.0
0,202500.0,225000.0,20767.5,0,3.260780287474333,0.4,0.5,0.0
0,202500.0,595453.5,30532.5,0,1.0130047912388775,0.4,0.5,0.0
0,99000.0,163512.0,10134.0,0,4.876112251882272,0.4,0.6,0.0
0,81000.0,378180.0,10102.5,0,4.539356605065024,0.4,0.5,0.0
1,157500.0,327024.0,21982.5,0,1.730321697467488,0.4,0.5,0.0
0,90000.0,359725.5,11034.0,0,3.0636550308008212,0.85,0.5,0.0
0,126000.0,945000.0,27760.5,1,4.172484599589322,0.2,0.5,0.0
0,180000.0,308133.0,20974.5,0,7.08829568788501,0.4,0.5,0.0
1,112500.0,225000.0,9162.0,0,2.1245722108145104,0.4,0.6,0.0
0,225000.0,2250000.0,59355.0,0,9.593429158110883,0.4,0.6,0.0
1,81000.0,76500.0,7146.0,0,1.5824777549623545,0.4,0.5,0.0
1,135000.0,139230.0,10030.5,1,3.9397672826830936,0.4,0.5,0.0
0,292500.0,544491.0,21226.5,0,4.59958932238193,0.85,0.5,0.0
0,191250.0,552555.0,29569.5,0,4.167008898015058,0.4,0.65,0.0
0,90000.0,254700.0,16713.0,2,1.0787132101300478,0.85,0.5,0.0
0,157500.0,675000.0,21775.5,1,8.175222450376454,0.4,0.5,0.0
0,270000.0,1054935.0,44824.5,1,3.3127994524298425,0.4,0.6,0.0
1,180000.0,855000.0,42750.0,0,6.453114305270363,0.85,0.6,1.0
0,112500.0,178290.0,17761.5,0,12.301163586584531,0.85,0.65,0.0
1,103500.0,284400.0,22468.5,0,5.503080082135524,0.4,0.5,0.0
1,162000.0,448056.0,21919.5,0,2.9568788501026693,0.4,0.5,0.0
0,283500.0,521280.0,26613.0,3,11.143052703627653,0.85,0.6,0.0
0,112500.0,276277.5,19777.5,0,3.2279260780287475,0.4,0.6,0.0
0,157500.0,1288350.0,37800.0,0,1.0431211498973305,0.4,0.5,0.0
1,112500.0,594000.0,19291.5,0,18.04791238877481,0.4,0.5,0.0
0,112500.0,135000.0,8788.5,19,2.4531143052703626,0.85,0.5,0.0
0,157500.0,490536.0,23989.5,0,5.9958932238193015,0.4,0.5,0.0
0,139500.0,562981.5,34573.5,0,9.891854893908283,0.4,0.5,0.0
0,81000.0,675000.0,28597.5,0,20.59958932238193,0.4,0.5,0.0
1,69300.0,808650.0,23175.0,0,9.78507871321013,0.4,0.5,0.0
0,189000.0,315000.0,17217.0,0,2.6584531143052703,0.4,0.5,0.0
0,99000.0,202500.0,15898.5,3,3.3429158110882957,0.4,0.5,0.0
0,360000.0,728460.0,57685.5,2,3.7234770704996576,0.4,0.6,0.0
0,180000.0,1350000.0,36333.0,0,4.402464065708419,0.85,0.5,0.0
0,157500.0,265500.0,28008.0,0,3.0143737166324436,0.4,0.6,0.0
1,135000.0,755190.0,41098.5,2,11.926078028747433,0.4,0.5,0.0
1,135000.0,942300.0,30528.0,2,9.845311430527037,0.4,0.6,0.0
0,157500.0,398016.0,42363.0,1,6.272416153319644,0.85,0.5,0.0
0,90000.0,393543.0,20223.0,0,0.30116358658453113,0.4,0.5,0.0
0,45000.0,177903.0,8685.0,0,0.4024640657084189,0.4,0.5,0.0
0,337500.0,238500.0,24565.5,1,3.2361396303901437,0.4,0.5,0.0
0,180000.0,333621.0,21699.0,0,2.6119096509240247,0.4,0.6,0.0
0,270000.0,675000.0,21906.0,0,3.7727583846680357,0.4,0.5,0.0
0,427500.0,1546020.0,45202.5,0,9.204654346338124,0.4,0.5,0.0
0,202500.0,526491.0,32337.0,0,4.372347707049966,0.6,0.5,0.0
0,135000.0,292500.0,14625.0,1,5.19917864476386,0.85,0.5,1.0
0,270000.0,180000.0,9000.0,1,0.5147159479808351,0.85,0.6,1.0
0,225000.0,605439.0,31041.0,0,6.674880219028063,0.4,0.65,0.0
0,135000.0,545040.0,35617.5,0,4.284736481861739,0.4,0.5,0.0
0,135000.0,562491.0,22437.0,0,28.65160848733744,0.4,0.5,0.0
0,54000.0,76410.0,7573.5,0,3.698836413415469,0.4,0.5,0.0
0,135000.0,269550.0,13891.5,0,10.291581108829568,0.4,0.6,0.0
0,135000.0,157050.0,7047.0,0,1.9630390143737166,0.4,0.5,0.0
0,135000.0,363190.5,36049.5,0,8.276522929500342,0.4,0.5,0.0
0,315000.0,1350000.0,67500.0,0,2.023271731690623,0.4,0.6,1.0
0,292500.0,380533.5,29578.5,2,1.4811772758384667,0.4,0.5,0.0
0,148500.0,337500.0,16875.0,1,29.117043121149898,0.4,0.6,1.0
0,360000.0,810000.0,30015.0,1,5.763175906913073,0.85,0.6,0.0
0,90000.0,352044.0,16411.5,1,11.006160164271048,0.4,0.65,0.0
0,112500.0,270000.0,13500.0,2,2.3545516769336072,0.4,0.5,1.0
0,225000.0,765000.0,20308.5,0,1.3689253935660506,0.85,0.5,0.0
0,112500.0,196677.0,23472.0,0,1.1225188227241616,0.4,0.5,0.0
0,225000.0,485640.0,39069.0,0,1.6947296372347707,0.85,0.5,0.0
0,135000.0,450000.0,27324.0,0,2.403832991101985,0.85,0.5,0.0
0,202500.0,675000.0,19737.0,0,10.819986310746064,0.4,0.5,0.0
0,121500.0,382500.0,19125.0,0,3.646817248459959,0.4,0.5,1.0
0,90000.0,202500.0,10125.0,0,5.130732375085558,0.4,0.5,1.0
0,99000.0,526491.0,18909.0,1,17.308692676249144,0.85,0.5,0.0
0,135000.0,337500.0,16875.0,0,14.77618069815195,0.85,0.6,1.0
0,90000.0,521280.0,26779.5,1,10.642026009582478,0.85,0.5,0.0
0,270000.0,1750500.0,60975.0,0,14.77344284736482,0.85,0.5,0.0
0,225000.0,545040.0,26640.0,0,0.37782340862423,0.4,0.5,0.0
1,135000.0,1024740.0,43546.5,0,0.2518822724161533,0.85,0.5,0.0
0,360000.0,1535553.0,40635.0,0,7.017111567419575,0.4,0.6,0.0
0,67500.0,210456.0,12208.5,1,4.695414099931554,0.4,0.5,0.0
1,90000.0,900000.0,26316.0,0,14.781656399726215,0.4,0.6,0.0
0,90000.0,450000.0,22018.5,2,5.790554414784395,0.4,0.5,0.0
0,180000.0,985221.0,35518.5,1,20.366872005475702,0.4,0.5,0.0
0,126000.0,808650.0,31464.0,0,5.971252566735113,0.4,0.5,0.0
0,112500.0,401386.5,17005.5,0,8.465434633812457,0.4,0.6,0.0
0,202500.0,531706.5,29817.0,0,2.132785763175907,0.4,0.5,0.0
0,114750.0,540000.0,23917.5,0,11.534565366187543,0.4,0.5,0.0
0,225000.0,1223010.0,51948.0,0,3.9041752224503763,0.4,0.6,0.0
1,112500.0,180000.0,9000.0,4,4.4435318275154,0.4,0.5,1.0
0,157500.0,816660.0,30132.0,0,0.9226557152635181,0.4,0.5,0.0
0,216000.0,1354500.0,53716.5,2,13.379876796714578,0.85,0.5,0.0
0,112500.0,450000.0,20983.5,0,3.241615331964408,0.4,0.5,0.0
0,315000.0,1515415.5,39973.5,0,11.279945242984258,0.85,0.5,0.0
1,157500.0,663093.0,19134.0,0,11.46611909650924,0.4,0.5,0.0
1,112500.0,348264.0,22801.5,0,3.266255989048597,0.4,0.5,0.0
0,157500.0,270000.0,18171.0,0,6.264202600958248,0.85,0.65,0.0
0,135000.0,539100.0,25933.5,0,2.620123203285421,0.4,0.5,0.0
0,90000.0,808650.0,26086.5,0,1.4017796030116358,0.4,0.5,0.0
0,238500.0,942300.0,36513.0,0,2.198494182067077,0.4,0.5,0.0
0,355050.0,900000.0,57519.0,1,7.156741957563312,0.4,0.5,0.0
0,112500.0,343800.0,12478.5,0,12.514715947980836,0.4,0.5,0.0
0,135000.0,675000.0,22306.5,0,0.7091033538672142,0.85,0.5,0.0
0,90000.0,545040.0,26640.0,1,2.4531143052703626,0.4,0.5,0.0
0,180000.0,381528.0,20263.5,0,5.423682409308693,0.85,0.6,0.0
0,202500.0,1350000.0,42520.5,1,11.849418206707734,0.4,0.6,0.0
0,67500.0,675000.0,20668.5,0,4.591375770020534,0.4,0.5,0.0
0,99000.0,288873.0,16258.5,1,0.5694729637234771,0.4,0.5,0.0
0,180000.0,684706.5,29137.5,3,6.647501711156742,0.4,0.5,0.0
0,252000.0,755190.0,32125.5,0,2.1738535249828885,0.4,0.5,0.0
0,148500.0,545040.0,26640.0,1,2.9623545516769334,0.4,0.5,0.0
0,157500.0,862560.0,25348.5,2,9.180013689253936,0.4,0.5,0.0
0,270000.0,528633.0,25560.0,1,1.998631074606434,0.4,0.5,0.0
0,247500.0,270000.0,13500.0,1,2.3353867214236823,0.85,0.5,1.0
0,180000.0,1056447.0,34209.0,1,0.5338809034907598,0.4,0.5,0.0
1,135000.0,270000.0,13500.0,2,2.2039698836413417,0.4,0.5,1.0
0,180000.0,592560.0,36139.5,2,0.6461327857631759,0.4,0.5,0.0
0,324000.0,284256.0,29979.0,0,6.412046543463381,0.85,0.6,0.0
0,166500.0,436032.0,28516.5,2,1.8863791923340179,0.4,0.5,0.0
0,126000.0,225000.0,6579.0,0,6.880219028062971,0.4,0.6,0.0
0,112500.0,208512.0,23710.5,0,8.654346338124572,1.0,0.5,0.0
0,315000.0,1228500.0,33912.0,0,39.148528405201915,0.4,0.5,0.0
0,216000.0,900000.0,32017.5,2,13.95482546201232,0.85,0.5,0.0
0,450000.0,835380.0,40189.5,0,4.076659822039699,0.85,0.5,0.0
0,121500.0,202500.0,10125.0,0,1.1307323750855578,0.4,0.5,1.0
0,225000.0,1800000.0,62568.0,1,12.2217659137577,0.4,0.6,0.0
0,270000.0,1327500.0,35149.5,0,1.5852156057494866,0.85,0.5,0.0
0,157500.0,225000.0,22158.0,0,0.5831622176591376,0.6,0.6,0.0
0,315000.0,900000.0,29164.5,0,1.8206707734428473,0.85,0.5,0.0
0,135000.0,1467612.0,58333.5,1,2.3709787816563996,0.85,0.5,0.0
1,180000.0,129519.0,15367.5,1,5.297741273100616,0.4,0.5,0.0
0,135000.0,276277.5,21510.0,0,4.043805612594114,0.4,0.5,0.0
1,157500.0,315000.0,24885.0,0,8.76933607118412,0.4,0.5,0.0
0,360000.0,592560.0,35937.0,2,7.906913073237509,0.85,0.6,0.0
1,112500.0,318528.0,23305.5,0,0.39698836413415467,0.4,0.5,0.0
0,166500.0,1436850.0,42142.5,0,5.385352498288843,0.4,0.5,0.0
0,234000.0,770328.0,23485.5,0,1.108829568788501,0.4,0.6,0.0
0,157500.0,1125000.0,29808.0,1,1.702943189596167,0.4,0.6,0.0
0,144000.0,675000.0,28377.0,0,6.354551676933607,0.4,0.5,0.0
0,405000.0,1078200.0,31653.0,0,5.201916495550993,0.4,0.5,0.0
1,135000.0,270000.0,13500.0,1,1.8069815195071868,0.85,0.5,1.0
0,90000.0,284400.0,13833.0,0,0.31759069130732376,0.4,0.5,0.0
0,238500.0,1515415.5,41800.5,0,4.80766598220397,0.85,0.6,0.0
0,171000.0,1762110.0,51651.0,0,11.433264887063656,0.4,0.5,0.0
0,180000.0,1042560.0,34587.0,0,2.209445585215606,0.85,0.5,0.0
0,112500.0,675000.0,37692.0,0,12.0,0.85,0.65,0.0
0,157500.0,1078200.0,31522.5,1,3.7125256673511293,0.4,0.5,0.0
1,157500.0,1264428.0,37098.0,0,6.699520876112252,0.4,0.5,0.0
0,225000.0,1350000.0,67500.0,0,13.377138945927447,0.4,0.6,1.0
0,135000.0,1125000.0,43722.0,0,1.842573579739904,0.4,0.5,0.0
0,270000.0,108000.0,5251.5,0,4.583162217659138,0.85,0.5,0.0
0,157500.0,675000.0,21775.5,0,7.630390143737166,0.4,0.5,0.0
0,180000.0,755190.0,38686.5,1,10.688569472963723,0.4,0.5,0.0
0,202500.0,163008.0,16830.0,2,7.676933607118412,0.4,0.5,0.0
0,189000.0,654048.0,23620.5,0,9.897330595482547,0.4,0.5,0.0
1,225000.0,651600.0,21663.0,0,22.143737166324435,0.85,0.5,0.0
0,90000.0,270000.0,16645.5,0,12.616016427104723,0.4,0.5,0.0
0,144000.0,446931.0,16978.5,0,30.083504449007528,0.4,0.6,0.0
0,382500.0,835380.0,42781.5,1,5.319644079397673,0.85,0.6,0.0
0,270000.0,942300.0,27679.5,0,16.177960301163587,0.4,0.65,0.0
0,126000.0,612612.0,25078.5,0,6.269678302532512,0.4,0.5,0.0
0,225000.0,1530558.0,44883.0,0,10.362765229295004,0.4,0.6,0.0
0,360000.0,1471608.0,52987.5,1,0.3860369609856263,0.85,0.65,0.0
0,157500.0,808650.0,21460.5,0,6.959616700889802,0.4,0.65,0.0
1,225000.0,497520.0,53712.0,0,6.863791923340178,0.4,0.5,0.0
0,90000.0,270000.0,13500.0,2,14.680355920602327,0.4,0.5,1.0
0,103500.0,153000.0,7132.5,1,2.4202600958247777,0.4,0.5,0.0
0,90000.0,74182.5,6075.0,1,0.5037645448323066,0.4,0.5,0.0
0,157500.0,781920.0,34573.5,0,10.765229295003422,0.4,0.5,0.0
0,135000.0,254700.0,17149.5,1,2.0479123887748116,0.4,0.6,0.0
0,135000.0,225000.0,15034.5,0,13.990417522245037,0.4,0.6,0.0
0,247500.0,292500.0,22765.5,0,8.635181382614647,0.4,0.5,0.0
0,157500.0,123993.0,10737.0,0,2.0971937029431897,0.4,0.6,0.0
0,135000.0,545040.0,25407.0,0,7.676933607118412,0.4,0.5,0.0
0,315000.0,848745.0,37386.0,0,8.158795345653662,0.85,0.6,0.0
0,180000.0,1000417.5,55993.5,0,9.86447638603696,0.4,0.6,0.0
0,315000.0,254700.0,25834.5,0,3.2224503764544834,0.4,0.6,0.0
0,157500.0,497749.5,30208.5,0,0.432580424366872,0.85,0.6,0.0
1,90000.0,458460.0,36351.0,1,4.876112251882272,0.4,0.5,0.0
0,202500.0,180000.0,9000.0,0,2.135523613963039,0.6,0.65,1.0
0,157500.0,239850.0,23364.0,1,1.5085557837097878,0.4,0.65,0.0
1,225000.0,171900.0,8491.5,0,0.9144421629021219,0.4,0.5,0.0
0,202500.0,755190.0,36459.0,1,1.4976043805612593,0.4,0.6,0.0
0,90000.0,180000.0,9000.0,0,0.1806981519507187,0.4,0.6,1.0
0,157500.0,848745.0,43465.5,2,0.4544832306639288,0.4,0.6,0.0
0,135000.0,148500.0,16884.0,1,5.489390828199863,0.4,0.5,0.0
0,202500.0,738108.0,47299.5,0,0.5065023956194388,0.4,0.6,0.0
1,135000.0,134775.0,10710.0,1,3.299110198494182,0.4,0.5,0.0
0,67500.0,540000.0,15786.0,0,6.86652977412731,0.4,0.5,0.0
0,189000.0,808650.0,26217.0,2,1.6919917864476386,0.4,0.5,0.0
1,90000.0,337923.0,15880.5,0,15.143052703627653,0.4,0.6,0.0
1,108000.0,697500.0,25978.5,0,2.7652292950034223,0.4,0.6,0.0
0,112500.0,147726.0,16038.0,1,2.7679671457905544,0.6,0.6,0.0
0,112500.0,1078200.0,34911.0,0,6.981519507186858,0.4,0.5,0.0
1,90000.0,244584.0,11529.0,0,10.335386721423683,0.4,0.5,0.0
0,193500.0,1042560.0,34456.5,0,35.1047227926078,0.85,0.65,0.0
0,135000.0,521280.0,27292.5,0,4.20807665982204,0.4,0.5,0.0
0,135000.0,405000.0,20250.0,0,9.158110882956878,0.4,0.65,1.0
0,90000.0,134775.0,9715.5,0,2.5735797399041753,0.4,0.5,0.0
1,225000.0,495000.0,25272.0,2,7.641341546885695,0.2,0.5,0.0
0,292500.0,500490.0,59526.0,0,3.2142368240930868,0.6,0.6,0.0
0,225000.0,450000.0,22018.5,1,2.206707734428474,0.85,0.5,0.0
0,126000.0,270000.0,13500.0,0,2.21492128678987,0.4,0.5,1.0
0,211500.0,497520.0,31923.0,1,6.95687885010267,0.4,0.5,0.0
1,72000.0,98910.0,8059.5,0,4.476386036960986,0.4,0.6,0.0
0,126000.0,942300.0,30528.0,1,27.10198494182067,0.4,0.65,0.0
0,157500.0,904500.0,48321.0,0,9.95482546201232,0.4,0.5,0.0
0,135000.0,601470.0,30838.5,0,7.381245722108145,0.4,0.65,0.0
1,153000.0,540000.0,21055.5,2,0.7091033538672142,0.4,0.5,0.0
0,36000.0,314100.0,16573.5,1,2.9021218343600275,0.4,0.5,0.0
0,135000.0,315000.0,13873.5,0,2.294318959616701,0.85,0.5,0.0
0,99000.0,215640.0,13158.0,0,6.885694729637235,0.4,0.5,0.0
1,67500.0,675000.0,29731.5,1,2.0342231348391513,0.4,0.5,0.0
0,90000.0,254700.0,20250.0,0,5.675564681724846,0.4,0.5,0.0
0,234000.0,545040.0,20547.0,0,23.88501026694045,0.85,0.5,0.0
0,180000.0,669568.5,53032.5,2,11.698836413415469,0.4,0.6,0.0
0,157500.0,545040.0,26509.5,0,7.3730321697467485,0.4,0.5,0.0
0,189000.0,1078200.0,31653.0,0,1.6509240246406571,0.4,0.5,0.0
0,225000.0,1006920.0,39933.0,2,4.05201916495551,0.4,0.5,0.0
1,135000.0,545040.0,26509.5,0,2.0177960301163584,0.4,0.5,0.0
0,450000.0,1350000.0,36202.5,0,2.406570841889117,0.85,0.6,0.0
0,121500.0,824823.0,21888.0,0,8.936344969199178,0.4,0.6,0.0
0,112500.0,679500.0,36333.0,0,6.056125941136208,0.4,0.5,0.0
0,292500.0,582768.0,56902.5,1,3.5564681724845997,0.85,0.5,0.0
0,112500.0,254700.0,27558.0,0,3.143052703627652,0.4,0.5,0.0
0,90000.0,180000.0,9000.0,1,3.378507871321013,0.4,0.65,1.0
1,180000.0,592560.0,32274.0,0,1.0130047912388775,0.4,0.6,0.0
0,247500.0,490495.5,29335.5,0,6.880219028062971,0.85,0.5,0.0
0,180000.0,337761.0,22977.0,1,4.878850102669404,0.4,0.5,0.0
0,135000.0,474048.0,28773.0,1,0.9281314168377823,0.4,0.5,0.0
0,157500.0,225000.0,24363.0,0,2.6885694729637235,0.85,0.5,0.0
0,135000.0,412942.5,26883.0,0,0.8459958932238193,0.4,0.5,0.0
0,157500.0,241618.5,24025.5,1,8.501026694045175,0.85,0.5,0.0
0,157500.0,450000.0,22018.5,1,1.6618754277891854,0.85,0.5,0.0
0,135000.0,202500.0,10125.0,0,4.306639288158795,0.85,0.5,1.0
0,135000.0,814041.0,23931.0,0,1.486652977412731,0.4,0.5,0.0
0,112500.0,270000.0,13500.0,0,0.5804243668720055,0.4,0.5,1.0
0,202500.0,1006069.5,58954.5,0,0.8569472963723477,0.4,0.6,0.0
1,90000.0,1125000.0,37309.5,2,0.2929500342231348,0.4,0.5,0.0
0,112500.0,163098.0,17563.5,0,4.284736481861739,0.4,0.5,0.0
0,81000.0,432567.0,17055.0,1,0.7419575633127995,0.85,0.6,0.0
0,225000.0,1255680.0,38200.5,0,1.3607118412046544,0.4,0.6,0.0
0,157500.0,585000.0,22666.5,0,3.923340177960301,0.4,0.5,0.0
0,85500.0,540000.0,17419.5,0,16.689938398357288,0.4,0.65,0.0
0,112500.0,545040.0,25407.0,1,2.5270362765229293,0.4,0.5,0.0
1,94500.0,320382.0,17509.5,0,1.431895961670089,0.4,0.5,0.0
0,135000.0,188460.0,10350.0,0,5.0513347022587265,0.4,0.65,0.0
1,112500.0,900000.0,29745.0,0,5.765913757700205,0.85,0.65,0.0
0,157500.0,808650.0,26086.5,0,5.423682409308693,0.6,0.5,0.0
0,112500.0,225000.0,11250.0,1,0.5147159479808351,0.85,0.5,1.0
0,90000.0,1044724.5,34654.5,0,5.111567419575633,0.4,0.5,0.0
0,103500.0,180000.0,9000.0,0,3.3401779603011637,0.6,0.5,1.0
0,112500.0,573628.5,27724.5,0,0.6324435318275154,0.4,0.5,0.0
0,157500.0,292500.0,12393.0,0,0.5119780971937029,0.85,0.6,0.0
0,79078.5,742500.0,30370.5,2,0.7255304585900069,0.4,0.6,0.0
0,292500.0,834048.0,44568.0,0,27.085557837097877,0.4,0.65,0.0
1,112500.0,144000.0,9450.0,0,3.0006844626967832,0.4,0.6,0.0
0,337500.0,908190.0,70411.5,1,2.5598904859685145,1.0,0.6,0.0
0,202500.0,545040.0,25537.5,1,1.9110198494182067,0.4,0.5,0.0
1,76500.0,195543.0,14359.5,0,2.1190965092402463,0.85,0.5,0.0
0,112500.0,283419.0,15952.5,0,4.572210814510609,0.4,0.6,0.0
0,112500.0,270000.0,13500.0,1,1.864476386036961,0.4,0.5,1.0
0,135000.0,343800.0,10921.5,1,0.42984257357973993,0.4,0.6,0.0
0,225000.0,135000.0,6750.0,0,10.787132101300479,0.4,0.5,1.0
0,202500.0,1056447.0,34209.0,0,4.517453798767967,0.4,0.5,0.0
0,184500.0,585000.0,29250.0,0,2.48870636550308,0.4,0.6,1.0
1,90000.0,781920.0,40054.5,0,0.2245037645448323,0.4,0.5,0.0
0,157500.0,521280.0,31500.0,1,0.9062286105407256,0.4,0.5,0.0
1,130500.0,405000.0,27526.5,0,0.9390828199863107,0.4,0.5,0.0
1,216000.0,180000.0,9000.0,1,2.113620807665982,0.4,0.5,1.0
0,135000.0,675000.0,32472.0,0,11.189596167008897,0.4,0.5,0.0
0,270000.0,450000.0,24412.5,2,7.753593429158111,0.85,0.65,0.0
0,157500.0,297130.5,27382.5,1,4.974674880219028,0.4,0.6,0.0
0,202500.0,180000.0,13041.0,0,4.093086926762491,0.4,0.6,0.0
0,157500.0,1481701.5,48969.0,0,3.4387405886379194,0.4,0.6,0.0
0,112500.0,405000.0,32472.0,0,4.498288843258043,0.2,0.5,0.0
0,112500.0,450000.0,21888.0,1,4.049281314168378,0.4,0.5,0.0
1,67500.0,545040.0,26640.0,0,0.6570841889117043,0.4,0.5,0.0
0,126000.0,450000.0,36211.5,0,5.2648870636550305,0.85,0.65,0.0
0,90000.0,675000.0,24376.5,0,7.800136892539356,0.4,0.5,0.0
1,405000.0,1339884.0,39307.5,0,0.31485284052019163,0.4,0.6,0.0
1,90000.0,112500.0,7317.0,0,1.0978781656399725,0.4,0.5,0.0
0,315000.0,1963494.0,54126.0,0,1.6098562628336757,0.4,0.5,0.0
0,225000.0,253737.0,25227.0,1,3.1238877481177276,0.85,0.5,0.0
0,202500.0,585000.0,29250.0,0,1.700205338809035,0.4,0.5,1.0
0,270000.0,640080.0,29839.5,2,6.297056810403833,0.85,0.5,0.0
0,225000.0,254700.0,27153.0,2,3.0061601642710474,0.6,0.5,0.0
1,112500.0,180000.0,9000.0,0,0.6707734428473648,0.4,0.5,1.0
0,270000.0,1002856.5,48375.0,1,0.2929500342231348,0.4,0.6,0.0
1,162000.0,945000.0,37471.5,0,10.294318959616701,0.4,0.5,0.0
0,90000.0,704844.0,32791.5,0,9.998631074606434,0.4,0.5,0.0
0,148500.0,648000.0,30154.5,0,3.780971937029432,0.4,0.5,0.0
1,67500.0,247275.0,21280.5,2,4.80766598220397,0.4,0.5,0.0
0,90000.0,495000.0,50719.5,2,7.438740588637919,0.85,0.6,0.0
0,540000.0,495000.0,24750.0,0,6.362765229295003,0.85,0.65,1.0
0,81000.0,538704.0,20515.5,1,7.60848733744011,0.4,0.5,0.0
0,247500.0,720000.0,36891.0,1,6.661190965092403,0.4,0.5,0.0
0,103500.0,273024.0,17905.5,2,5.163586584531143,0.4,0.65,0.0
0,202500.0,521280.0,41926.5,1,4.183436002737851,0.85,0.5,0.0
0,130500.0,269550.0,13891.5,2,11.890485968514716,0.85,0.65,0.0
0,99000.0,568800.0,15133.5,1,0.8596851471594799,0.4,0.5,0.0
0,225000.0,350581.5,41737.5,1,5.519507186858316,0.85,0.5,0.0
0,225000.0,1006920.0,51543.0,0,0.4079397672826831,0.4,0.5,0.0
0,135000.0,1067418.0,31338.0,0,2.1601642710472277,0.4,0.6,0.0
0,225000.0,983160.0,62964.0,1,3.8740588637919235,0.4,0.6,0.0
0,157500.0,276277.5,15115.5,0,0.31759069130732376,0.4,0.6,0.0
0,81000.0,252000.0,16839.0,0,2.4640657084188913,0.4,0.5,0.0
0,135000.0,270000.0,13500.0,2,8.09034907597536,0.4,0.6,1.0
0,202500.0,219042.0,14260.5,2,0.5201916495550992,0.4,0.6,0.0
1,157500.0,497520.0,33246.0,1,23.38672142368241,0.4,0.5,0.0
0,292500.0,1042560.0,61087.5,0,6.201232032854209,0.4,0.6,0.0
0,180000.0,727785.0,23476.5,0,1.6290212183436004,0.4,0.5,0.0
1,135000.0,284400.0,16456.5,0,5.834360027378508,0.4,0.5,0.0
1,99000.0,269550.0,16416.0,0,1.3470225872689938,0.85,0.5,0.0
0,135000.0,152820.0,16587.0,1,0.6954140999315537,0.4,0.6,0.0
1,112500.0,1078200.0,31522.5,0,1.1444216290212184,0.4,0.5,0.0
0,135000.0,697500.0,20524.5,0,0.9801505817932923,0.4,0.5,0.0
0,117000.0,63000.0,6358.5,0,5.9110198494182065,0.4,0.5,0.0
0,225000.0,726381.0,57519.0,0,1.5523613963039014,0.4,0.5,0.0
0,247500.0,675000.0,24930.0,1,4.2354551676933605,0.4,0.6,0.0
0,247500.0,1134954.0,45009.0,0,14.822724161533197,0.4,0.6,0.0
0,112500.0,221031.0,17851.5,0,5.0130047912388775,0.4,0.6,0.0
1,135000.0,273636.0,29164.5,1,4.01368925393566,0.4,0.5,0.0
1,81000.0,254700.0,16582.5,0,9.96851471594798,0.4,0.5,0.0
0,382500.0,941580.0,91728.0,0,1.2539356605065024,0.85,0.5,0.0
0,225000.0,254700.0,25321.5,0,4.659822039698836,0.85,0.5,0.0
0,112500.0,723996.0,34960.5,1,7.60848733744011,0.85,0.6,0.0
0,315000.0,454500.0,31630.5,0,4.862422997946612,0.4,0.65,0.0
0,135000.0,180000.0,9000.0,0,9.158110882956878,0.85,0.6,1.0
1,144000.0,918468.0,30483.0,0,3.0006844626967832,0.4,0.5,0.0
0,315000.0,225000.0,24363.0,0,7.748117727583847,0.85,0.5,0.0
1,121500.0,808650.0,22365.0,1,6.193018480492813,0.4,0.5,0.0
0,225000.0,670185.0,44784.0,0,0.7145790554414785,0.4,0.5,0.0
1,67500.0,352044.0,16411.5,0,1.5468856947296372,0.4,0.5,0.0
0,202500.0,270000.0,13500.0,2,13.229295003422314,0.85,0.5,1.0
0,67500.0,254700.0,30357.0,0,9.160848733744011,0.4,0.5,0.0
0,171000.0,284256.0,28242.0,0,10.028747433264886,0.85,0.6,0.0
1,135000.0,284400.0,18643.5,0,2.6338124572210813,0.4,0.5,0.0
0,202500.0,780363.0,29047.5,0,10.368240930869268,0.85,0.6,0.0
0,135000.0,270000.0,13500.0,2,2.5051334702258727,0.85,0.5,1.0
0,360000.0,521280.0,23089.5,1,1.9630390143737166,0.4,0.6,0.0
0,112500.0,254700.0,17149.5,1,2.784394250513347,0.4,0.5,0.0
0,136962.0,675000.0,35082.0,0,4.071184120465435,0.85,0.6,0.0
0,157500.0,283500.0,22527.0,1,5.467488021902806,0.4,0.6,0.0
0,58500.0,225000.0,9909.0,0,1.593429158110883,0.4,0.5,0.0
0,225000.0,1515415.5,40104.0,0,7.619438740588638,0.4,0.6,0.0
0,450000.0,2250000.0,59355.0,0,8.700889801505818,0.4,0.5,0.0
0,202500.0,239850.0,23719.5,1,3.7152635181382614,0.4,0.5,0.0
0,153000.0,553806.0,21798.0,0,5.705681040383299,0.4,0.6,0.0
0,225000.0,479578.5,38583.0,0,10.324435318275153,0.4,0.6,0.0
0,310500.0,1104997.5,36648.0,0,2.414784394250513,0.4,0.65,0.0
1,103500.0,376920.0,19372.5,1,2.543463381245722,0.4,0.6,0.0
0,202500.0,1506816.0,49927.5,0,1.9575633127994525,0.85,0.5,0.0
0,283500.0,337500.0,20394.0,2,7.38672142368241,0.85,0.6,0.0
1,112500.0,1078200.0,38331.0,1,11.887748117727584,0.4,0.5,0.0
0,234000.0,1035072.0,33520.5,0,18.05886379192334,0.85,0.65,0.0
0,243000.0,1006920.0,40063.5,0,5.494866529774128,0.85,0.5,0.0
0,76500.0,1006920.0,39933.0,0,7.860369609856263,0.4,0.5,0.0
1,90000.0,545040.0,25537.5,1,1.431895961670089,0.4,0.5,0.0
0,450000.0,226908.0,8550.0,0,4.714579055441479,0.4,0.5,0.0
0,67500.0,70083.0,6556.5,3,4.950034223134839,0.4,0.5,0.0
0,76500.0,312768.0,16506.0,0,0.6707734428473648,0.4,0.5,0.0
0,270000.0,450000.0,22860.0,0,2.5598904859685145,0.85,0.65,0.0
0,360000.0,1260000.0,42349.5,0,3.4934976043805612,0.85,0.5,0.0
0,225000.0,1327500.0,35599.5,0,6.053388090349076,0.85,0.6,0.0
0,270000.0,555273.0,16236.0,0,19.679671457905545,0.85,0.6,0.0
0,202500.0,272520.0,18342.0,0,4.602327173169062,0.85,0.6,0.0
0,112500.0,148500.0,17752.5,2,2.349075975359343,0.85,0.5,0.0
0,130500.0,291384.0,20722.5,0,2.1765913757700206,0.4,0.5,0.0
1,157500.0,973710.0,28597.5,0,1.4017796030116358,0.4,0.5,0.0
0,225000.0,398016.0,25434.0,2,3.9616700889801506,0.4,0.5,0.0
0,157500.0,1231272.0,36130.5,1,3.728952772073922,0.4,0.5,0.0
1,180000.0,640080.0,31261.5,2,2.6940451745379876,0.4,0.5,0.0
0,157500.0,450000.0,22018.5,0,0.9691991786447639,0.4,0.5,0.0
0,540000.0,562491.0,27189.0,0,2.3436002737850785,0.85,0.6,0.0
0,202500.0,1681555.5,49297.5,0,14.792607802874743,0.4,0.65,0.0
0,67500.0,162000.0,8401.5,0,3.646817248459959,0.4,0.5,0.0
0,270000.0,900000.0,45000.0,1,5.834360027378508,0.85,0.5,1.0
0,315000.0,675000.0,24376.5,0,10.510609171800137,0.85,0.5,0.0
0,135000.0,942300.0,27679.5,0,0.9253935660506503,0.4,0.65,0.0
0,135000.0,654498.0,30456.0,0,2.9075975359342916,0.4,0.5,0.0
0,135000.0,1546020.0,45333.0,0,7.660506502395619,0.4,0.5,0.0
0,315000.0,794173.5,40680.0,2,9.73305954825462,0.4,0.5,0.0
0,157500.0,533313.0,40005.0,1,2.9815195071868583,0.85,0.6,0.0
0,202500.0,450000.0,21888.0,0,4.331279945242985,0.4,0.6,0.0
0,157500.0,900000.0,23742.0,0,0.6543463381245722,0.85,0.5,0.0
0,157500.0,450000.0,29430.0,0,1.3661875427789185,0.85,0.5,0.0
0,225000.0,508495.5,24462.0,0,6.143737166324435,0.4,0.5,0.0
0,180000.0,1381113.0,36562.5,0,6.4722792607802875,0.4,0.6,0.0
0,157500.0,474048.0,24331.5,0,0.2874743326488706,0.6,0.6,0.0
0,112500.0,755190.0,33394.5,0,9.17180013689254,0.4,0.5,0.0
0,85500.0,630000.0,32296.5,2,0.4106776180698152,0.85,0.6,0.0
0,319500.0,765000.0,30469.5,1,9.973990417522245,0.4,0.5,0.0
1,207000.0,521280.0,35262.0,0,1.9822039698836413,0.4,0.6,0.0
1,90000.0,942300.0,27679.5,1,13.204654346338124,0.4,0.5,0.0
0,90000.0,1125000.0,32895.0,1,0.5037645448323066,0.4,0.5,0.0
1,211500.0,405000.0,21969.0,0,2.1656399726214923,0.4,0.5,0.0
0,202500.0,900000.0,32017.5,1,1.9329226557152634,0.85,0.5,0.0
1,135000.0,163512.0,13045.5,0,0.3066392881587953,0.4,0.5,0.0
0,247500.0,545040.0,43191.0,0,7.008898015058179,0.85,0.65,0.0
0,135000.0,814041.0,23931.0,0,7.321013004791239,0.85,0.5,0.0
0,180000.0,450000.0,24543.0,0,0.8158795345653662,0.85,0.5,0.0
0,180000.0,1288350.0,37669.5,0,2.5845311430527036,0.85,0.5,0.0
0,135000.0,157500.0,7875.0,0,7.690622861054073,0.4,0.5,1.0
0,180000.0,723996.0,34960.5,0,1.4264202600958247,0.85,0.5,0.0
0,171000.0,495000.0,24750.0,0,1.9603011635865846,0.4,0.5,1.0
0,180000.0,180000.0,9000.0,1,4.0191649555099245,0.4,0.5,1.0
0,157500.0,187704.0,14958.0,0,1.108829568788501,0.4,0.5,0.0
0,202500.0,427869.0,23890.5,0,4.465434633812457,0.85,0.5,0.0
0,90000.0,450000.0,16164.0,0,1.6016427104722792,0.4,0.5,0.0
0,135000.0,679500.0,19998.0,0,9.930184804928132,0.4,0.5,0.0
0,225000.0,900000.0,31887.0,2,1.1553730321697468,0.85,0.65,0.0
1,180000.0,1078200.0,31653.0,0,0.9144421629021219,0.4,0.65,0.0
0,135000.0,270000.0,17253.0,1,8.506502395619439,0.85,0.5,0.0
0,135000.0,1147500.0,33552.0,0,1.2210814510609171,0.85,0.5,0.0
1,450000.0,1286608.5,54513.0,0,19.87953456536619,0.4,0.6,0.0
0,180000.0,127350.0,13842.0,0,27.86858316221766,0.85,0.5,0.0
0,157500.0,640080.0,29970.0,1,4.342231348391513,0.85,0.5,0.0
0,540000.0,755190.0,38686.5,0,3.3976728268309375,0.85,0.5,0.0
0,247500.0,755190.0,33394.5,0,9.806981519507186,0.4,0.5,0.0
1,126000.0,307557.0,20934.0,0,21.568788501026695,0.4,0.6,0.0
1,81000.0,573408.0,29277.0,1,9.883641341546886,0.4,0.6,0.0
0,85500.0,339241.5,12919.5,1,3.0882956878850103,0.4,0.6,0.0
1,225000.0,225000.0,11893.5,0,13.724845995893224,0.85,0.6,0.0
1,135000.0,170640.0,13612.5,0,5.467488021902806,0.4,0.6,0.0
0,405000.0,1125000.0,36423.0,2,2.43668720054757,0.85,0.5,0.0
0,225000.0,337500.0,16875.0,0,16.553045859000683,0.4,0.5,1.0
0,405000.0,193572.0,18985.5,1,11.60848733744011,0.85,0.65,0.0
0,148500.0,901813.5,29929.5,0,4.6242299794661195,0.4,0.5,0.0
0,225000.0,904500.0,26577.0,0,3.164955509924709,0.4,0.5,0.0
1,135000.0,247275.0,16357.5,0,0.4407939767282683,0.4,0.6,0.0
0,185247.0,225000.0,21037.5,1,2.5708418891170433,0.4,0.6,0.0
0,135000.0,592560.0,28638.0,0,10.732375085557837,0.4,0.6,0.0
0,112500.0,180000.0,9000.0,0,3.485284052019165,0.4,0.5,1.0
0,382500.0,835605.0,24561.0,0,6.7734428473648185,0.85,0.5,0.0
0,270000.0,1288350.0,37800.0,0,8.380561259411362,0.4,0.5,0.0
0,135000.0,148365.0,11610.0,1,13.637234770704996,0.4,0.5,0.0
0,202500.0,270000.0,13500.0,0,4.005475701574264,0.85,0.5,1.0
1,225000.0,722430.0,26671.5,0,0.5147159479808351,0.85,0.6,0.0
0,225000.0,1057266.0,44923.5,2,8.528405201916495,0.4,0.5,0.0
0,540000.0,1227901.5,46899.0,0,21.894592744695416,0.85,0.65,0.0
0,166500.0,1071909.0,31473.0,0,12.687200547570157,0.85,0.5,0.0
0,166500.0,1024290.0,28296.0,2,7.603011635865846,0.85,0.6,0.0
0,112500.0,1350000.0,37125.0,0,18.93223819301848,0.85,0.5,0.0
0,180000.0,270000.0,25245.0,0,4.470910335386721,0.6,0.6,0.0
0,270000.0,479578.5,23202.0,1,3.813826146475017,0.2,0.5,0.0
0,225000.0,545040.0,26640.0,0,5.215605749486653,0.4,0.6,0.0
0,112500.0,450000.0,38497.5,0,7.493497604380561,0.4,0.6,0.0
0,126000.0,1005120.0,29520.0,0,30.718685831622178,0.4,0.6,0.0
0,207000.0,360000.0,24484.5,0,4.26009582477755,0.85,0.5,0.0
0,135000.0,360000.0,15988.5,0,11.195071868583161,0.4,0.65,0.0
0,180000.0,447768.0,41566.5,0,7.712525667351129,0.4,0.6,0.0
0,283500.0,1800000.0,62698.5,0,17.911019849418206,0.4,0.5,0.0
0,222750.0,315000.0,19269.0,0,16.57494866529774,0.4,0.5,0.0
1,171000.0,261000.0,18558.0,0,11.290896646132786,0.85,0.5,0.0
1,292500.0,814041.0,26388.0,0,2.4722792607802875,0.4,0.5,0.0
0,247500.0,389484.0,18868.5,0,4.870636550308008,0.85,0.65,0.0
0,135000.0,409500.0,24745.5,0,7.364818617385352,0.85,0.6,0.0
0,135000.0,135000.0,6750.0,2,3.9342915811088295,0.4,0.5,1.0
0,157500.0,1042560.0,34587.0,1,2.1601642710472277,0.4,0.5,0.0
1,112500.0,675000.0,26284.5,0,2.2587268993839835,0.2,0.5,0.0
0,202500.0,612612.0,31279.5,1,4.158795345653662,0.4,0.5,0.0
0,90000.0,808650.0,24732.0,0,9.382614647501711,0.4,0.5,0.0
1,225000.0,885154.5,59152.5,1,3.783709787816564,0.4,0.6,0.0
0,90000.0,54000.0,5800.5,1,0.999315537303217,0.4,0.6,0.0
0,135000.0,808650.0,26217.0,0,9.566050650239562,0.4,0.5,0.0
0,225000.0,1006920.0,45630.0,1,9.015742642026009,0.85,0.5,0.0
0,63000.0,130320.0,13684.5,0,0.6269678302532512,0.4,0.5,0.0
0,144000.0,277969.5,18576.0,0,5.147159479808351,0.4,0.5,0.0
0,180000.0,1168452.0,34294.5,1,5.549623545516769,0.4,0.5,0.0
1,180000.0,592560.0,31153.5,0,2.674880219028063,0.4,0.5,0.0
0,270000.0,900000.0,26446.5,2,5.653661875427789,0.85,0.5,0.0
0,337500.0,640080.0,29970.0,0,10.08350444900753,0.4,0.65,0.0
0,139500.0,269550.0,14242.5,2,3.238877481177276,0.4,0.5,0.0
0,90000.0,252531.0,19957.5,0,2.5270362765229293,0.4,0.5,0.0
0,180000.0,512338.5,37413.0,0,0.7529089664613279,0.85,0.65,0.0
0,112500.0,324000.0,30109.5,1,3.2114989733059547,0.85,0.5,0.0
1,126000.0,986274.0,26014.5,0,7.613963039014374,0.4,0.6,0.0
0,180000.0,808650.0,26217.0,0,4.317590691307323,0.4,0.5,0.0
0,180000.0,835380.0,33259.5,0,0.29021218343600275,0.4,0.5,0.0
0,60750.0,86598.0,8563.5,0,9.952087611225188,0.4,0.5,0.0
0,135000.0,203760.0,21748.5,1,2.518822724161533,0.4,0.5,0.0
0,157500.0,755190.0,36459.0,1,12.202600958247775,0.4,0.5,0.0
0,108000.0,338832.0,24786.0,0,9.127994524298426,0.4,0.65,0.0
0,270000.0,747000.0,41841.0,0,14.318959616700889,0.6,0.5,0.0
0,180000.0,292500.0,15061.5,0,4.284736481861739,0.4,0.6,0.0
0,270000.0,473760.0,50400.0,0,8.243668720054757,0.85,0.5,0.0
0,81000.0,90000.0,9450.0,2,5.817932922655715,0.4,0.5,0.0
0,135000.0,359725.5,23548.5,0,4.05201916495551,0.4,0.6,0.0
1,180000.0,67765.5,8172.0,0,1.8863791923340179,0.4,0.65,0.0
1,135000.0,225000.0,24232.5,0,13.292265571526352,0.4,0.5,0.0
0,247500.0,808650.0,31464.0,0,3.277207392197125,0.4,0.5,0.0
0,360000.0,835380.0,35523.0,1,0.9637234770704997,0.4,0.6,0.0
0,450000.0,1125000.0,33025.5,0,16.23271731690623,0.85,0.5,0.0
0,202500.0,405000.0,20808.0,0,7.742642026009582,0.85,0.65,0.0
0,180000.0,562491.0,27189.0,1,4.098562628336755,0.4,0.5,0.0
0,67500.0,585000.0,17104.5,0,4.314852840520191,0.4,0.5,0.0
0,292500.0,1670485.5,58194.0,1,7.767282683093772,0.85,0.5,0.0
1,157500.0,397881.0,13729.5,0,3.8412046543463383,0.4,0.5,0.0
0,90000.0,334152.0,17059.5,2,0.5037645448323066,0.4,0.5,0.0
0,234000.0,1256400.0,36864.0,1,3.5455167693360714,0.4,0.6,0.0
0,202500.0,360000.0,13711.5,0,5.475701574264202,0.85,0.5,0.0
0,81000.0,824823.0,26739.0,0,6.5188227241615335,0.4,0.5,0.0
1,135000.0,592560.0,35937.0,0,7.433264887063655,0.4,0.6,0.0
1,157500.0,193500.0,20529.0,0,4.1067761806981515,0.4,0.5,0.0
0,270000.0,1546020.0,42642.0,2,10.562628336755647,0.4,0.5,0.0
0,157500.0,942300.0,30528.0,0,7.96167008898015,0.4,0.5,0.0
0,180000.0,497520.0,32521.5,1,2.0643394934976045,0.4,0.6,0.0
1,315000.0,545040.0,35617.5,0,4.531143052703627,0.85,0.5,0.0
0,135000.0,360000.0,18000.0,0,11.277207392197125,0.4,0.5,1.0
0,67500.0,47970.0,5220.0,0,22.127310061601644,0.4,0.65,0.0
0,90000.0,1321020.0,35554.5,0,30.401095140314855,0.4,0.65,0.0
0,225000.0,512446.5,37417.5,0,8.709103353867214,0.4,0.5,0.0
0,90000.0,761872.5,54310.5,1,6.973305954825462,0.85,0.5,0.0
0,180000.0,1185282.0,34654.5,0,22.261464750171115,0.4,0.65,0.0
0,180000.0,360000.0,17316.0,0,14.877481177275838,0.85,0.5,0.0
0,202500.0,95940.0,10332.0,1,3.2306639288158796,0.85,0.6,0.0
0,135000.0,723996.0,39406.5,0,10.743326488706366,0.4,0.6,0.0
1,306000.0,545040.0,25537.5,0,1.2813141683778233,0.4,0.6,0.0
0,112500.0,270000.0,13500.0,0,1.9685147159479808,0.85,0.6,1.0
0,135000.0,450000.0,22500.0,2,0.648870636550308,0.85,0.6,1.0
0,112500.0,355536.0,18742.5,1,4.317590691307323,0.85,0.6,0.0
1,211500.0,408865.5,18139.5,0,3.455167693360712,0.4,0.5,0.0
0,112500.0,521280.0,27423.0,1,5.686516084873374,0.85,0.5,0.0
0,112500.0,808650.0,31464.0,0,1.2484599589322383,0.4,0.5,0.0
0,74250.0,417024.0,21420.0,0,4.314852840520191,0.85,0.6,0.0
1,112500.0,900297.0,26451.0,0,4.375085557837098,0.85,0.6,0.0
0,292500.0,835380.0,40320.0,1,0.5065023956194388,0.4,0.6,0.0
0,157500.0,1546020.0,45202.5,0,3.9342915811088295,0.4,0.5,0.0
1,135000.0,274500.0,15021.0,0,1.5852156057494866,0.4,0.5,0.0
0,211500.0,215640.0,15466.5,0,8.002737850787133,0.4,0.5,0.0
1,90000.0,900000.0,26446.5,0,2.403832991101985,0.4,0.5,0.0
0,157500.0,180000.0,9000.0,0,3.260780287474333,0.4,0.5,1.0
0,67500.0,95940.0,9472.5,0,2.3928815879534566,0.4,0.5,0.0
0,157500.0,1051245.0,30735.0,0,3.923340177960301,0.4,0.5,0.0
0,225000.0,562491.0,23832.0,0,5.672826830937714,0.4,0.6,0.0
0,180000.0,305640.0,34564.5,0,0.9938398357289527,0.85,0.6,0.0
0,225000.0,337500.0,16875.0,0,0.6570841889117043,0.4,0.6,1.0
1,180000.0,824823.0,29353.5,2,7.581108829568788,0.4,0.5,0.0
0,135000.0,315000.0,14683.5,1,6.4284736481861735,0.4,0.6,0.0
0,189000.0,1078200.0,34911.0,0,12.63791923340178,0.4,0.5,0.0
0,112500.0,630000.0,34308.0,0,3.345653661875428,0.4,0.5,0.0
0,162000.0,792477.0,25695.0,0,11.783709787816564,0.4,0.5,0.0
0,103500.0,781920.0,28084.5,0,1.5058179329226558,0.85,0.5,0.0
1,112500.0,283419.0,19071.0,0,2.3655030800821355,0.4,0.5,0.0
0,450000.0,468733.5,22927.5,0,4.903490759753593,0.85,0.6,0.0
0,76500.0,180000.0,9000.0,0,1.5550992470910336,0.4,0.5,1.0
0,81000.0,526491.0,19039.5,0,0.5229295003422314,0.4,0.5,0.0
0,270000.0,331632.0,34821.0,0,1.108829568788501,0.85,0.6,0.0
0,135000.0,942300.0,30397.5,0,16.71731690622861,0.4,0.5,0.0
0,315000.0,497520.0,25758.0,1,3.5236139630390144,0.85,0.6,0.0
0,112500.0,225000.0,15034.5,0,4.142368240930869,0.85,0.5,0.0
0,99000.0,269550.0,24853.5,1,2.11088295687885,0.4,0.5,0.0
0,135000.0,337500.0,16875.0,1,2.924024640657084,0.85,0.6,1.0
0,135000.0,110331.0,11043.0,2,4.657084188911704,0.4,0.5,0.0
0,315000.0,1113840.0,57001.5,0,7.928815879534565,0.85,0.6,0.0
0,76500.0,450000.0,30442.5,0,1.894592744695414,0.4,0.5,0.0
0,157500.0,104256.0,11358.0,1,4.969199178644764,0.4,0.6,0.0
1,180000.0,284400.0,19134.0,0,2.595482546201232,0.4,0.5,0.0
0,103500.0,219042.0,24844.5,2,0.5694729637234771,0.4,0.5,0.0
0,99000.0,91692.0,10003.5,0,0.3723477070499658,0.4,0.5,0.0
0,157500.0,900000.0,46084.5,1,19.27173169062286,0.4,0.5,0.0
0,157500.0,900000.0,26446.5,1,7.392197125256674,0.4,0.65,0.0
0,135000.0,285264.0,27495.0,0,5.322381930184805,0.4,0.6,0.0
0,135000.0,582804.0,24822.0,1,10.469541409993155,0.4,0.6,0.0
0,315000.0,630000.0,31500.0,0,4.591375770020534,0.85,0.6,1.0
0,265500.0,808650.0,23773.5,1,16.859685147159478,0.85,0.65,0.0
0,225000.0,888840.0,29376.0,0,1.2320328542094456,0.2,0.6,0.0
0,112500.0,225000.0,16501.5,0,4.353182751540041,0.85,0.5,0.0
0,405000.0,526491.0,29529.0,3,12.53388090349076,0.4,0.5,0.0
0,202500.0,640080.0,24259.5,2,7.780971937029432,0.4,0.5,0.0
0,157500.0,454500.0,18022.5,0,6.431211498973306,0.85,0.6,0.0
0,67500.0,135000.0,14670.0,1,2.4777549623545516,0.4,0.5,0.0
0,90000.0,299772.0,17338.5,0,0.6023271731690623,0.4,0.6,0.0
0,112500.0,276277.5,13419.0,0,9.065023956194388,0.4,0.5,0.0
0,112500.0,513531.0,24835.5,0,5.8726899383983575,0.4,0.5,0.0
0,270000.0,765000.0,40887.0,0,6.713210130047912,0.85,0.5,0.0
0,180000.0,787131.0,42066.0,2,3.1813826146475015,0.4,0.5,0.0
0,180000.0,225000.0,23184.0,2,20.906228610540726,0.4,0.65,0.0
0,261000.0,452745.0,30384.0,0,13.582477754962355,0.85,0.5,0.0
0,202500.0,1191825.0,83079.0,1,1.571526351813826,0.85,0.5,0.0
0,112500.0,301464.0,22068.0,2,4.558521560574949,0.4,0.5,0.0
1,99000.0,545040.0,36553.5,2,2.841889117043121,0.4,0.5,0.0
0,90000.0,517536.0,26554.5,0,29.639972621492127,0.4,0.5,0.0
0,166500.0,364356.0,17658.0,1,1.8754277891854894,0.4,0.65,0.0
0,90000.0,270000.0,13500.0,1,7.630390143737166,0.85,0.65,1.0
0,90000.0,101880.0,12217.5,0,9.806981519507186,0.4,0.5,0.0
0,180000.0,270000.0,21330.0,0,10.904859685147159,0.85,0.6,0.0
0,180000.0,1075500.0,31576.5,1,1.514031485284052,0.4,0.5,0.0
0,225000.0,553581.0,43866.0,2,8.309377138945928,0.85,0.5,0.0
0,67500.0,536917.5,42552.0,0,3.2553045859000687,0.4,0.6,0.0
0,202500.0,247675.5,17743.5,0,4.4490075290896645,0.4,0.5,0.0
0,270000.0,770292.0,30676.5,0,2.9295003422313486,0.85,0.6,0.0
0,135000.0,247275.0,19417.5,1,6.069815195071868,0.85,0.5,0.0
1,87763.5,450000.0,11871.0,1,0.676249144421629,0.6,0.5,0.0
0,112500.0,135000.0,6750.0,0,0.44353182751540043,0.4,0.5,1.0
1,157500.0,450000.0,28890.0,0,1.2101300479123889,0.4,0.5,0.0
1,54000.0,227520.0,14940.0,0,2.74880219028063,0.4,0.5,0.0
0,135000.0,755190.0,36459.0,0,1.160848733744011,0.4,0.65,0.0
0,180000.0,765261.0,30478.5,0,0.6023271731690623,0.85,0.5,0.0
0,112500.0,675000.0,21906.0,0,28.05475701574264,0.4,0.5,0.0
0,157500.0,1125171.0,44752.5,0,17.89185489390828,0.4,0.6,0.0
0,157500.0,454500.0,23368.5,0,1.88911704312115,0.4,0.5,0.0
0,135000.0,548307.0,40027.5,2,7.490759753593429,0.4,0.5,0.0
0,90000.0,1042164.0,44284.5,0,2.4832306639288158,0.4,0.6,0.0
0,270000.0,1546020.0,40914.0,0,8.388774811772759,0.4,0.6,0.0
0,135000.0,675517.5,28525.5,1,28.279260780287473,0.4,0.5,0.0
0,90000.0,225000.0,15219.0,0,2.5544147843942504,0.6,0.5,0.0
0,135000.0,285264.0,30852.0,0,4.249144421629021,0.6,0.5,0.0
0,90000.0,1256400.0,36864.0,2,2.5489390828199863,0.6,0.6,0.0
0,171000.0,755190.0,36459.0,0,10.329911019849419,0.4,0.5,0.0
0,99000.0,462195.0,21015.0,0,1.2265571526351813,0.85,0.65,0.0
1,135000.0,755190.0,36459.0,1,0.49555099247091033,0.4,0.6,0.0
1,225000.0,640080.0,31261.5,2,1.1553730321697468,0.4,0.6,0.0
0,135000.0,307152.0,18918.0,0,6.026009582477755,0.4,0.5,0.0
0,90000.0,269550.0,24853.5,0,2.16290212183436,0.85,0.6,0.0
0,225000.0,1724688.0,60079.5,1,2.078028747433265,0.4,0.6,0.0
0,90000.0,454500.0,19386.0,0,0.5503080082135524,0.85,0.6,0.0
1,283500.0,938034.0,30258.0,1,8.930869267624914,0.4,0.65,0.0
0,58500.0,101880.0,10206.0,2,3.356605065023956,0.4,0.5,0.0
0,135000.0,1442596.5,39798.0,0,4.254620123203286,0.85,0.6,0.0
0,495000.0,1575000.0,41548.5,0,8.038329911019849,0.4,0.5,0.0
0,270000.0,1350000.0,39474.0,3,1.9794661190965093,0.4,0.6,0.0
0,180000.0,1288350.0,37053.0,0,2.0150581793292264,0.6,0.65,0.0
0,202500.0,254700.0,17019.0,0,0.4161533196440794,0.4,0.6,0.0
0,112500.0,545040.0,36553.5,0,6.546201232032854,0.4,0.5,0.0
1,72000.0,450000.0,27477.0,0,0.5612594113620808,0.4,0.5,0.0
0,135000.0,270000.0,13500.0,2,11.515400410677618,0.4,0.5,1.0
0,144000.0,327024.0,18904.5,0,17.305954825462013,0.4,0.65,0.0
0,135000.0,161730.0,7123.5,0,3.3374401095140316,0.4,0.5,0.0
0,112500.0,324000.0,12213.0,0,6.874743326488707,0.4,0.5,0.0
0,315000.0,675000.0,31279.5,0,13.242984257357975,0.4,0.5,0.0
0,202500.0,1042560.0,34587.0,0,1.0130047912388775,0.4,0.6,0.0
0,90000.0,814041.0,23931.0,1,2.7624914442162902,0.4,0.5,0.0
0,202500.0,788472.0,50521.5,0,4.4435318275154,0.6,0.5,0.0
0,225000.0,628114.5,22689.0,2,3.1759069130732374,0.4,0.5,0.0
0,90000.0,180000.0,9000.0,1,4.323066392881588,0.4,0.6,1.0
1,247500.0,512446.5,37417.5,1,5.601642710472279,0.85,0.5,0.0
0,67500.0,135000.0,6750.0,0,0.3258042436687201,0.85,0.6,1.0
0,225000.0,135000.0,16020.0,0,9.30321697467488,0.4,0.5,0.0
0,112500.0,634482.0,20596.5,2,11.307323750855579,0.4,0.5,0.0
1,135000.0,518562.0,20691.0,0,4.180698151950718,0.4,0.6,0.0
1,67500.0,156384.0,16420.5,0,0.04380561259411362,0.4,0.5,0.0
0,202500.0,571446.0,18562.5,1,11.578370978781656,0.4,0.5,0.0
0,90000.0,931401.0,34645.5,0,0.840520191649555,0.85,0.6,0.0
1,306000.0,270000.0,13500.0,0,1.1197809719370295,0.85,0.6,1.0
1,180000.0,528633.0,22527.0,2,3.373032169746749,0.85,0.5,0.0
0,135000.0,1078200.0,31653.0,1,0.6598220396988365,0.4,0.6,0.0
0,180000.0,211630.5,19408.5,0,20.49281314168378,0.4,0.5,0.0
0,135000.0,964368.0,29367.0,0,0.4681724845995893,0.4,0.5,0.0
0,225000.0,1024740.0,52452.0,2,11.249828884325805,0.85,0.6,0.0
0,121500.0,270000.0,13500.0,2,2.130047912388775,0.4,0.5,1.0
1,306000.0,1293502.5,35698.5,0,9.45927446954141,0.4,0.5,0.0
0,157500.0,497520.0,39307.5,0,6.617385352498289,0.4,0.5,0.0
0,193500.0,726381.0,52987.5,1,6.231348391512663,0.4,0.65,0.0
0,315000.0,1237684.5,49216.5,0,1.8480492813141685,0.4,0.5,0.0
0,58500.0,157500.0,7875.0,0,9.401779603011637,0.4,0.5,1.0
0,450000.0,1467612.0,58333.5,2,2.8528405201916494,0.85,0.6,0.0
0,112500.0,629320.5,26793.0,1,21.32511978097194,0.85,0.6,0.0
1,166500.0,317421.0,31522.5,0,9.623545516769337,0.4,0.5,0.0
0,202500.0,1288350.0,37800.0,0,13.853524982888432,0.4,0.5,0.0
0,292500.0,834048.0,46701.0,1,27.575633127994525,0.4,0.5,0.0
0,202500.0,900000.0,32017.5,1,5.166324435318275,0.85,0.65,0.0
0,135000.0,454500.0,21996.0,0,0.5831622176591376,0.4,0.5,0.0
0,225000.0,2463840.0,74830.5,0,1.2101300479123889,0.85,0.6,0.0
0,234000.0,1288350.0,37669.5,0,4.060232717316906,0.4,0.5,0.0
0,225000.0,1006920.0,39933.0,0,9.114305270362765,0.4,0.6,0.0
1,436500.0,319441.5,16722.0,0,6.625598904859685,0.85,0.6,0.0
1,337500.0,704844.0,26977.5,1,3.5263518138261465,0.4,0.5,0.0
0,450000.0,1125000.0,59940.0,3,3.047227926078029,0.85,0.6,0.0
0,81000.0,414792.0,18400.5,0,8.550308008213552,0.4,0.5,0.0
0,157500.0,675000.0,19867.5,0,14.913073237508556,0.4,0.5,0.0
1,90000.0,247500.0,12375.0,2,0.46269678302532513,0.4,0.5,1.0
1,202500.0,1675413.0,55368.0,0,10.94592744695414,0.4,0.65,0.0
0,112500.0,337500.0,8901.0,0,8.284736481861739,0.4,0.5,0.0
0,247500.0,781920.0,50103.0,2,16.83778234086242,0.4,0.6,0.0
0,225000.0,720000.0,28683.0,1,0.35592060232717315,0.4,0.5,0.0
0,90000.0,180000.0,9000.0,0,0.9691991786447639,0.4,0.5,1.0
0,225000.0,844474.5,47281.5,0,6.346338124572211,0.4,0.5,0.0
0,135000.0,337761.0,17374.5,0,3.509924709103354,0.4,0.5,0.0
1,157500.0,1174977.0,34483.5,0,0.49007529089664614,0.4,0.5,0.0
0,337500.0,1147500.0,75438.0,0,27.123887748117728,0.4,0.5,0.0
0,202500.0,348264.0,19993.5,0,0.70362765229295,0.4,0.5,0.0
0,405000.0,1350000.0,67500.0,0,1.6509240246406571,0.85,0.6,1.0
0,405000.0,1928304.0,79708.5,0,3.600273785078713,0.85,0.6,0.0
1,135000.0,450000.0,21109.5,0,2.9869952087611225,0.4,0.5,0.0
0,121500.0,568800.0,16758.0,0,5.393566050650239,0.4,0.6,0.0
1,45000.0,562491.0,24777.0,0,7.433264887063655,0.4,0.65,0.0
0,225000.0,625536.0,33457.5,1,14.688569472963723,0.4,0.6,0.0
1,139500.0,188460.0,10350.0,0,0.32306639288158795,0.4,0.5,0.0
0,135000.0,1040463.0,29947.5,0,9.35523613963039,0.4,0.5,0.0
1,112500.0,284400.0,19134.0,0,1.0212183436002737,0.4,0.5,0.0
0,351000.0,450000.0,30573.0,0,1.894592744695414,0.4,0.5,0.0
1,202500.0,585000.0,29250.0,1,5.6125941136208075,0.4,0.65,1.0
0,90000.0,45000.0,4450.5,1,5.672826830937714,0.4,0.5,0.0
0,112500.0,270000.0,13500.0,2,3.696098562628337,0.85,0.6,1.0
0,112500.0,824823.0,24115.5,0,1.218343600273785,0.4,0.6,0.0
0,225000.0,315000.0,33205.5,0,5.193702943189596,0.85,0.5,0.0
0,135000.0,781920.0,32998.5,2,2.5270362765229293,0.4,0.5,0.0
1,121500.0,679896.0,38092.5,0,3.268993839835729,0.4,0.6,0.0
1,112500.0,521280.0,35392.5,0,9.273100616016427,0.4,0.6,0.0
0,81000.0,675000.0,32602.5,1,6.368240930869268,0.4,0.65,0.0
0,112500.0,180000.0,9000.0,2,5.530458590006845,0.4,0.6,1.0
0,247500.0,545040.0,26640.0,0,2.784394250513347,0.85,0.6,0.0
0,45000.0,325908.0,13936.5,0,8.120465434633813,0.4,0.6,0.0
0,112500.0,270000.0,13500.0,0,0.33401779603011633,0.4,0.5,1.0
0,216000.0,485640.0,39069.0,0,0.5831622176591376,0.4,0.6,0.0
0,63000.0,450000.0,21109.5,0,4.501026694045175,0.85,0.65,0.0
0,112500.0,477000.0,23076.0,0,1.45927446954141,0.4,0.5,0.0
0,139500.0,450000.0,35554.5,1,5.5277207392197125,0.85,0.5,0.0
1,270000.0,544491.0,21226.5,1,1.702943189596167,0.4,0.5,0.0
0,126000.0,652500.0,31518.0,0,14.050650239561945,0.4,0.5,0.0
0,108000.0,301464.0,18571.5,0,1.0403832991101984,0.4,0.6,0.0
0,288000.0,803259.0,29641.5,0,7.488021902806297,0.4,0.5,0.0
0,112500.0,497520.0,33246.0,1,1.4647501711156743,0.4,0.5,0.0
0,270000.0,675000.0,26770.5,0,9.514031485284052,0.85,0.6,0.0
0,112500.0,835605.0,24561.0,0,2.943189596167009,0.85,0.65,0.0
0,247500.0,1350000.0,39474.0,0,7.236139630390143,0.4,0.6,0.0
0,180000.0,360000.0,13572.0,1,7.509924709103354,0.85,0.6,0.0
0,135000.0,497520.0,33376.5,0,4.134154688569473,0.4,0.6,0.0
0,211500.0,382050.0,27931.5,0,7.501711156741957,0.4,0.5,0.0
0,234000.0,755190.0,56592.0,2,3.132101300479124,0.6,0.5,0.0
1,112500.0,484789.5,29425.5,0,0.3203285420944558,0.85,0.6,0.0
0,157500.0,450000.0,20979.0,0,2.614647501711157,0.4,0.6,0.0
0,202500.0,621000.0,20160.0,0,2.546201232032854,0.4,0.5,0.0
0,99000.0,781695.0,21627.0,0,1.8124572210814511,0.4,0.5,0.0
0,225000.0,450000.0,17095.5,0,7.638603696098563,0.4,0.5,0.0
1,292500.0,1436850.0,42012.0,0,4.695414099931554,0.85,0.65,0.0
0,112500.0,364896.0,22180.5,1,4.514715947980835,0.4,0.5,0.0
0,103500.0,168102.0,17964.0,0,9.221081451060916,0.4,0.5,0.0
0,247500.0,521280.0,27423.0,3,8.919917864476385,0.85,0.65,0.0
0,121500.0,1345500.0,36081.0,0,0.3942505133470226,0.4,0.65,0.0
0,135000.0,450000.0,31320.0,2,7.567419575633128,0.4,0.5,0.0
0,162000.0,528633.0,26991.0,1,1.6947296372347707,0.85,0.5,0.0
0,175500.0,746896.5,30420.0,2,4.87337440109514,0.4,0.5,0.0
1,225000.0,592560.0,35937.0,1,12.829568788501026,0.4,0.6,0.0
0,135000.0,143910.0,17077.5,0,1.8754277891854894,0.85,0.5,0.0
0,378000.0,298512.0,20079.0,1,2.8884325804243667,0.4,0.6,0.0
1,157500.0,1042560.0,34587.0,0,3.241615331964408,0.4,0.6,0.0
0,315000.0,988191.0,47538.0,0,8.66255989048597,0.4,0.5,0.0
0,225000.0,513040.5,58153.5,1,6.297056810403833,0.4,0.6,0.0
0,45000.0,135000.0,6750.0,2,7.011635865845311,0.4,0.5,1.0
0,225000.0,225000.0,11250.0,0,2.086242299794661,0.85,0.5,1.0
0,283500.0,1460691.0,60412.5,2,2.0396988364134154,0.85,0.5,0.0
1,216000.0,1282500.0,54337.5,0,4.566735112936345,0.4,0.6,0.0
0,182745.0,942300.0,27135.0,0,0.5393566050650239,0.85,0.5,0.0
0,117000.0,152820.0,16177.5,0,0.6160164271047228,0.4,0.6,0.0
0,292500.0,781920.0,47965.5,1,11.211498973305956,0.4,0.5,0.0
0,202500.0,481855.5,47070.0,1,13.538672142368242,0.85,0.6,0.0
0,112500.0,156384.0,11821.5,1,1.7440109514031485,0.85,0.5,0.0
1,90000.0,450000.0,22018.5,0,3.0855578370978782,0.4,0.5,0.0
0,135000.0,270000.0,13500.0,0,3.24435318275154,0.4,0.6,1.0
0,90000.0,225000.0,12334.5,0,1.9575633127994525,0.4,0.5,0.0
0,225000.0,521280.0,35392.5,1,2.0533880903490758,0.4,0.5,0.0
0,225000.0,1197000.0,47601.0,1,10.609171800136892,0.4,0.5,0.0
0,180000.0,312768.0,24201.0,0,3.6605065023956196,0.4,0.5,0.0
0,135000.0,187659.0,21352.5,0,5.642710472279261,0.4,0.5,0.0
0,135000.0,513531.0,27985.5,0,5.505817932922656,0.4,0.5,0.0
1,180000.0,539100.0,29376.0,0,0.6078028747433265,0.4,0.5,0.0
0,351000.0,270000.0,13500.0,0,13.347022587268993,0.4,0.5,1.0
0,180000.0,244512.0,29146.5,1,1.4428473648186173,0.4,0.5,0.0
0,270000.0,490495.5,30136.5,0,28.761122518822724,0.85,0.5,0.0
0,450000.0,2250000.0,68220.0,1,3.9616700889801506,0.85,0.5,0.0
0,112500.0,50940.0,5535.0,1,5.6563997262149215,0.85,0.6,0.0
0,162000.0,876816.0,44896.5,0,0.974674880219028,0.4,0.6,0.0
0,202500.0,855882.0,36261.0,0,2.135523613963039,0.4,0.5,0.0
0,96453.0,152820.0,14418.0,0,0.6789869952087612,0.4,0.5,0.0
0,247500.0,2410380.0,91939.5,0,2.0944558521560577,0.85,0.6,0.0
0,90000.0,720000.0,28030.5,1,4.922655715263518,0.4,0.5,0.0
1,67500.0,161730.0,8388.0,0,4.290212183436003,0.4,0.5,0.0
0,135000.0,288873.0,22950.0,0,10.543463381245722,0.4,0.5,0.0
0,171000.0,312768.0,21285.0,0,2.732375085557837,0.4,0.5,0.0
1,112500.0,152820.0,16587.0,2,11.028062970568104,0.6,0.5,0.0
0,135000.0,948582.0,27864.0,0,1.1991786447638604,0.4,0.5,0.0
0,157500.0,270000.0,13500.0,1,3.1978097193702943,0.4,0.5,1.0
0,135000.0,389484.0,17284.5,1,4.323066392881588,0.4,0.6,0.0
0,202500.0,173092.5,15876.0,1,1.3360711841204653,0.85,0.6,0.0
0,148500.0,1288350.0,37800.0,0,7.761806981519507,0.4,0.5,0.0
1,247500.0,524493.0,51223.5,0,9.037645448323067,0.4,0.5,0.0
0,54000.0,90000.0,10809.0,1,1.672826830937714,0.4,0.5,0.0
0,81000.0,270000.0,13500.0,2,2.1601642710472277,0.4,0.5,1.0
1,112500.0,1422553.5,51097.5,0,0.6160164271047228,0.4,0.65,0.0
0,292500.0,640080.0,29970.0,1,3.7754962354551678,0.4,0.5,0.0
0,157500.0,276277.5,18819.0,1,0.49555099247091033,0.4,0.6,0.0
0,90000.0,270000.0,14778.0,0,2.1683778234086244,0.4,0.6,0.0
0,225000.0,521280.0,28278.0,2,4.933607118412047,0.6,0.5,0.0
0,202500.0,900000.0,31887.0,0,0.4681724845995893,0.85,0.5,0.0
0,157500.0,1256400.0,40657.5,0,0.5147159479808351,0.4,0.6,0.0
0,315000.0,1276042.5,64953.0,1,0.8186173853524983,0.85,0.6,0.0
0,202500.0,450000.0,27324.0,0,2.1820670773442847,0.85,0.6,0.0
0,112500.0,463284.0,22662.0,1,1.5852156057494866,0.4,0.5,0.0
0,225000.0,1314117.0,36265.5,0,5.503080082135524,0.4,0.6,0.0
0,315000.0,545040.0,36553.5,0,3.5181382614647503,0.4,0.5,0.0
0,76500.0,225000.0,15034.5,2,4.657084188911704,0.4,0.6,0.0
0,112500.0,124438.5,9958.5,0,12.840520191649555,0.4,0.5,0.0
0,270000.0,1303006.5,43191.0,0,2.5516769336071183,0.4,0.5,0.0
0,270000.0,868500.0,38385.0,0,16.50650239561944,0.4,0.5,0.0
0,58500.0,562491.0,23962.5,2,2.9952087611225187,0.85,0.5,0.0
0,180000.0,904500.0,29178.0,1,4.3203285420944555,0.85,0.5,0.0
0,189000.0,909000.0,29452.5,0,2.9322381930184807,0.85,0.5,0.0
0,126000.0,1125000.0,44748.0,2,4.172484599589322,0.4,0.5,0.0
0,112500.0,497520.0,39438.0,0,3.0088980150581794,0.85,0.5,0.0
0,130500.0,1002456.0,39753.0,0,4.470910335386721,0.85,0.6,0.0
0,225000.0,331920.0,18135.0,2,2.9815195071868583,0.4,0.6,0.0
0,76500.0,1078200.0,38200.5,0,5.106091718001369,0.4,0.5,0.0
0,180000.0,1066320.0,38299.5,0,8.240930869267626,0.4,0.6,0.0
0,112500.0,1546020.0,45333.0,1,5.327857631759069,0.4,0.5,0.0
1,157500.0,488196.0,14121.0,1,1.158110882956879,0.4,0.5,0.0
0,67500.0,339241.5,12312.0,0,0.6926762491444216,0.4,0.6,0.0
0,585000.0,1350000.0,67500.0,1,0.29842573579739906,0.85,0.6,1.0
0,90000.0,202500.0,10125.0,0,0.2929500342231348,0.4,0.5,1.0
0,135000.0,450000.0,21888.0,0,12.752908966461328,0.4,0.5,0.0
0,135000.0,481495.5,33511.5,0,10.718685831622176,0.4,0.5,0.0
1,247500.0,545040.0,26640.0,0,4.791238877481177,0.85,0.5,0.0
0,90000.0,547344.0,18085.5,2,9.902806297056811,0.4,0.5,0.0
0,112500.0,284400.0,10345.5,0,23.01163586584531,0.4,0.65,0.0
0,112500.0,144486.0,6493.5,0,2.759753593429158,0.4,0.5,0.0
0,180000.0,450000.0,35554.5,2,4.090349075975359,0.4,0.6,0.0
0,157500.0,808650.0,31464.0,2,2.21492128678987,0.4,0.5,0.0
1,157500.0,639387.0,32773.5,0,1.8288843258042438,0.4,0.6,0.0
0,180000.0,728460.0,40806.0,0,18.954140999315538,0.4,0.6,0.0
0,67500.0,337500.0,18846.0,1,3.375770020533881,0.4,0.5,0.0
0,94500.0,315000.0,16083.0,0,5.867214236824093,0.4,0.65,0.0
0,202500.0,545040.0,36553.5,1,2.193018480492813,0.85,0.5,0.0
0,94500.0,180000.0,9000.0,1,2.1765913757700206,0.4,0.6,1.0
0,270000.0,1080000.0,38790.0,0,15.422313483915127,0.4,0.65,0.0
0,157500.0,256500.0,22144.5,1,2.5544147843942504,0.4,0.6,0.0
0,90000.0,450000.0,44509.5,0,1.6919917864476386,0.85,0.5,0.0
0,247500.0,172021.5,19584.0,1,4.216290212183436,0.4,0.6,0.0
0,225000.0,900000.0,45954.0,0,2.940451745379877,0.4,0.5,0.0
0,135000.0,339948.0,24174.0,0,8.952772073921972,0.4,0.5,0.0
0,270000.0,1288350.0,41692.5,1,1.0376454483230664,0.85,0.5,0.0
0,135000.0,350415.0,26329.5,0,3.783709787816564,0.4,0.5,0.0
1,202500.0,256761.0,29038.5,2,4.862422997946612,0.4,0.5,0.0
1,90000.0,325908.0,17811.0,1,5.040383299110198,0.4,0.5,0.0
1,216000.0,1024740.0,55719.0,0,9.86447638603696,0.4,0.65,0.0
0,180000.0,450000.0,19066.5,0,7.132101300479124,0.4,0.5,0.0
0,162000.0,202500.0,10125.0,0,22.193018480492814,0.85,0.5,1.0
0,157500.0,426645.0,23274.0,0,0.6872005475701575,0.4,0.6,0.0
1,450000.0,675000.0,17806.5,0,2.2286105407255303,0.85,0.5,0.0
0,148500.0,592560.0,31153.5,0,5.204654346338125,0.4,0.6,0.0
0,90000.0,135000.0,6750.0,0,7.304585900068446,0.4,0.5,1.0
0,135000.0,1350000.0,35613.0,0,10.956878850102669,0.85,0.6,0.0
0,135000.0,254700.0,27022.5,0,1.83709787816564,0.85,0.5,0.0
1,58500.0,269550.0,13095.0,0,2.510609171800137,0.4,0.5,0.0
0,157500.0,781920.0,25969.5,0,11.055441478439425,0.4,0.5,0.0
0,202500.0,755190.0,36459.0,1,21.544147843942504,0.4,0.5,0.0
0,81000.0,360000.0,17316.0,0,5.065023956194388,0.4,0.5,0.0
0,270000.0,545040.0,25537.5,1,7.2060232717316905,0.4,0.5,0.0
1,112500.0,135000.0,6750.0,0,17.99315537303217,0.4,0.5,1.0
1,67500.0,156339.0,10705.5,0,9.859000684462696,0.4,0.5,0.0
0,157500.0,450000.0,23107.5,1,3.3401779603011637,0.4,0.5,0.0
0,225000.0,781920.0,47965.5,1,4.484599589322382,0.4,0.5,0.0
0,135000.0,808650.0,26086.5,0,9.234770704996578,0.4,0.5,0.0
0,112500.0,270000.0,13500.0,1,1.8206707734428473,0.4,0.6,1.0
0,180000.0,508495.5,24592.5,1,8.733744010951403,0.4,0.5,0.0
0,81000.0,180000.0,13095.0,1,8.659822039698836,0.85,0.6,0.0
0,247500.0,900000.0,46084.5,0,9.700205338809035,0.4,0.5,0.0
0,157500.0,640080.0,29970.0,1,1.9219712525667352,0.4,0.5,0.0
0,301500.0,857169.0,30496.5,0,3.028062970568104,0.85,0.6,0.0
0,315000.0,545040.0,39627.0,0,1.404517453798768,0.4,0.6,0.0
0,180000.0,675000.0,23202.0,0,6.3436002737850785,0.4,0.5,0.0
0,382500.0,1520451.0,44586.0,0,9.289527720739219,0.85,0.5,0.0
0,225000.0,845811.0,56880.0,1,7.638603696098563,0.4,0.5,0.0
1,103500.0,180000.0,9000.0,0,2.379192334017796,0.6,0.5,1.0
1,76500.0,225000.0,17775.0,0,0.30937713894592744,0.4,0.5,0.0
0,202500.0,355536.0,18742.5,0,2.0971937029431897,0.4,0.6,0.0
0,195750.0,225000.0,14764.5,1,7.887748117727583,0.85,0.6,0.0
0,67500.0,225000.0,17775.0,0,2.6940451745379876,0.2,0.5,0.0
0,225000.0,1350000.0,37255.5,1,12.19438740588638,0.85,0.6,0.0
1,90000.0,248760.0,29650.5,0,1.2867898699520877,0.6,0.5,0.0
0,202500.0,1546020.0,42642.0,0,4.142368240930869,0.4,0.5,0.0
0,112500.0,755190.0,36328.5,0,0.03285420944558522,0.6,0.5,0.0
0,157500.0,1065681.0,45279.0,0,3.652292950034223,0.4,0.5,0.0
0,315000.0,270000.0,13500.0,0,26.190280629705683,0.4,0.6,1.0
0,157500.0,1213339.5,54256.5,0,22.652977412731005,0.4,0.6,0.0
0,720000.0,900000.0,45000.0,0,11.241615331964407,0.85,0.5,1.0
0,94500.0,808650.0,26086.5,1,4.596851471594798,0.4,0.5,0.0
0,58500.0,454500.0,23337.0,0,7.3730321697467485,0.4,0.65,0.0
0,67500.0,312768.0,15174.0,0,12.92539356605065,0.4,0.5,0.0
0,225000.0,573628.5,29416.5,0,21.77138945927447,0.4,0.5,0.0
0,157500.0,848745.0,40833.0,0,8.279260780287474,0.4,0.5,0.0
0,157500.0,263686.5,25816.5,1,6.759753593429158,0.4,0.6,0.0
0,130500.0,373311.0,16573.5,1,1.0403832991101984,0.4,0.5,0.0
1,135000.0,521280.0,35262.0,1,2.6338124572210813,0.4,0.5,0.0
0,126000.0,483480.0,13986.0,1,2.6091718001368926,0.85,0.6,0.0
0,315000.0,729792.0,35239.5,1,4.5366187542778915,0.4,0.6,0.0
0,157500.0,1162170.0,34110.0,0,4.506502395619439,0.4,0.6,0.0
0,270000.0,258709.5,27990.0,1,1.160848733744011,0.4,0.5,0.0
0,135000.0,521280.0,28408.5,0,6.72416153319644,0.85,0.6,0.0
0,61200.0,545040.0,20677.5,0,0.6926762491444216,0.4,0.5,0.0
0,180000.0,413235.0,27747.0,0,17.973990417522245,0.85,0.6,0.0
0,315000.0,835380.0,40320.0,0,0.4353182751540041,0.4,0.6,0.0
0,189000.0,247275.0,19953.0,0,3.5263518138261465,0.4,0.5,0.0
0,86400.0,540000.0,21681.0,1,7.112936344969199,0.4,0.5,0.0
0,135000.0,675000.0,32472.0,0,30.89390828199863,0.85,0.5,0.0
0,135000.0,443709.0,16443.0,0,0.971937029431896,0.4,0.5,0.0
0,202500.0,1314117.0,38551.5,0,9.609856262833675,0.4,0.5,0.0
0,76500.0,814041.0,23931.0,0,19.255304585900067,0.4,0.5,0.0
0,180000.0,432661.5,22221.0,0,11.570157426420261,0.4,0.5,0.0
0,112500.0,398016.0,26041.5,0,6.937713894592744,0.85,0.5,0.0
0,126000.0,547272.0,39825.0,1,3.162217659137577,0.4,0.65,0.0
0,360000.0,1214100.0,67923.0,0,3.5290896646132786,0.4,0.65,0.0
1,180000.0,1166724.0,37768.5,3,8.536618754277892,0.4,0.5,0.0
1,270000.0,398016.0,22977.0,0,2.7652292950034223,0.85,0.5,0.0
0,180000.0,315000.0,15750.0,0,9.141683778234086,0.4,0.5,1.0
0,270000.0,562198.5,41040.0,0,2.108145106091718,0.85,0.6,0.0
0,112500.0,284400.0,18306.0,1,0.5886379192334018,0.4,0.5,0.0
0,225000.0,533668.5,25803.0,0,0.7474332648870636,0.4,0.6,0.0
0,225000.0,765000.0,41661.0,2,4.520191649555099,0.4,0.6,0.0
0,135000.0,284400.0,20740.5,0,1.1416837782340863,0.85,0.65,0.0
0,121500.0,679500.0,36202.5,1,2.0643394934976045,0.85,0.5,0.0
0,154966.5,900000.0,34411.5,0,3.649555099247091,0.4,0.6,0.0
0,180000.0,816660.0,31774.5,1,2.8254620123203287,0.4,0.5,0.0
0,112500.0,337500.0,17802.0,0,6.324435318275154,0.4,0.5,0.0
0,135000.0,343800.0,16155.0,1,0.6461327857631759,0.4,0.5,0.0
0,112500.0,1078200.0,28570.5,0,14.885694729637235,0.4,0.5,0.0
0,112500.0,675000.0,32602.5,2,2.0506502395619437,0.4,0.5,0.0
0,90000.0,180000.0,9000.0,0,2.3709787816563996,0.4,0.5,1.0
0,90000.0,189000.0,12915.0,0,0.29568788501026694,0.85,0.5,0.0
0,202500.0,1325475.0,56290.5,1,6.461327857631759,0.4,0.5,0.0
0,171000.0,550980.0,40221.0,0,0.9938398357289527,0.4,0.6,0.0
0,180000.0,405000.0,24777.0,0,12.837782340862423,0.4,0.5,0.0
0,270000.0,1258650.0,53325.0,3,3.4524298425735798,0.4,0.5,0.0
0,270000.0,540000.0,34510.5,2,1.0376454483230664,0.85,0.65,0.0
0,180000.0,540000.0,27000.0,1,3.375770020533881,0.85,0.5,1.0
0,112500.0,270000.0,13500.0,0,3.991786447638604,0.4,0.5,1.0
0,112500.0,585000.0,18868.5,0,21.06776180698152,0.4,0.5,0.0
0,202500.0,391090.5,21343.5,1,1.9329226557152634,0.4,0.5,0.0
0,148500.0,835380.0,38839.5,1,1.325119780971937,0.4,0.5,0.0
0,135000.0,348826.5,23440.5,1,6.625598904859685,0.4,0.6,0.0
0,360000.0,1125000.0,36423.0,1,10.40930869267625,0.4,0.6,0.0
1,193500.0,254700.0,20119.5,0,2.1546885694729636,0.85,0.65,0.0
0,135000.0,373311.0,14346.0,0,6.269678302532512,0.4,0.5,0.0
0,135000.0,640080.0,29970.0,0,9.672826830937714,0.4,0.6,0.0
0,157500.0,454500.0,27936.0,0,3.7645448323066395,0.4,0.5,0.0
0,202500.0,454500.0,43150.5,0,3.46611909650924,0.4,0.6,0.0
0,72000.0,284400.0,13963.5,1,3.159479808350445,0.4,0.5,0.0
0,450000.0,755190.0,36328.5,0,2.9952087611225187,0.4,0.6,0.0
0,135000.0,152820.0,15241.5,0,11.868583162217659,0.4,0.5,0.0
0,202500.0,259794.0,27409.5,0,7.964407939767283,0.4,0.6,0.0
0,202500.0,463500.0,20416.5,1,21.45927446954141,0.4,0.5,0.0
0,90000.0,247500.0,12375.0,1,0.758384668035592,0.4,0.5,1.0
0,135000.0,247500.0,19971.0,0,3.668720054757016,0.85,0.5,0.0
0,135000.0,385749.0,26977.5,1,12.854209445585216,0.4,0.65,0.0
0,270000.0,285723.0,21492.0,2,5.2648870636550305,0.4,0.6,0.0
0,90000.0,269550.0,21609.0,0,3.4113620807665983,0.4,0.65,0.0
0,157500.0,900000.0,29034.0,1,3.4414784394250515,0.85,0.5,0.0
0,180000.0,314100.0,16573.5,1,5.032169746748802,0.4,0.65,0.0
0,144000.0,576072.0,26986.5,0,3.488021902806297,0.4,0.5,0.0
0,157500.0,276813.0,19813.5,0,1.0704996577686516,0.85,0.5,0.0
1,157500.0,450000.0,21109.5,2,12.446269678302533,0.4,0.6,0.0
0,180000.0,454500.0,21865.5,0,0.7939767282683093,0.4,0.5,0.0
0,180000.0,1074856.5,42759.0,0,7.723477070499658,0.4,0.6,0.0
0,202500.0,1386265.5,38119.5,1,25.982203969883642,0.85,0.65,0.0
0,180000.0,394303.5,30514.5,0,8.054757015742641,0.4,0.5,0.0
1,157500.0,490495.5,25524.0,2,1.5222450376454484,0.4,0.5,0.0
0,139500.0,327024.0,21852.0,2,13.174537987679672,0.4,0.65,0.0
0,157500.0,254700.0,24939.0,0,6.0862422997946615,0.4,0.6,0.0
0,135000.0,508495.5,24592.5,3,6.16290212183436,0.2,0.5,0.0
0,247500.0,1293502.5,35568.0,1,14.757015742642025,0.85,0.6,0.0
0,180000.0,180000.0,9000.0,0,2.6557152635181382,0.4,0.65,1.0
1,157500.0,314100.0,19111.5,0,3.40041067761807,0.4,0.6,0.0
0,112500.0,121500.0,9729.0,2,1.2484599589322383,0.4,0.5,0.0
0,225000.0,1162170.0,37620.0,1,11.143052703627653,0.4,0.6,0.0
0,103500.0,284256.0,28111.5,0,3.0937713894592744,0.4,0.5,0.0
1,135000.0,667237.5,32229.0,0,1.4510609171800137,0.4,0.5,0.0
0,180000.0,135000.0,6750.0,0,1.593429158110883,0.4,0.6,1.0
0,270000.0,225000.0,11250.0,0,2.543463381245722,0.85,0.6,1.0
0,193500.0,697500.0,18526.5,1,2.0424366872005475,0.4,0.5,0.0
0,180000.0,450000.0,22500.0,0,12.802190280629706,0.4,0.5,1.0
0,160650.0,202500.0,14400.0,0,10.778918548939084,0.4,0.65,0.0
0,135000.0,640080.0,24259.5,0,0.6023271731690623,0.4,0.5,0.0
0,450000.0,1002870.0,42619.5,1,4.057494866529774,0.85,0.6,0.0
0,135000.0,316125.0,17779.5,0,4.358658453114305,0.4,0.5,0.0
0,216000.0,337500.0,16875.0,1,3.8357289527720737,0.85,0.65,1.0
0,67500.0,491823.0,18225.0,1,0.6078028747433265,0.4,0.5,0.0
1,180000.0,1195461.0,35082.0,0,0.48459958932238195,0.4,0.5,0.0
0,99000.0,562491.0,27189.0,0,1.7604380561259412,0.4,0.5,0.0
0,225000.0,2220259.5,58698.0,2,9.957563312799453,0.4,0.5,0.0
0,202500.0,119493.0,6610.5,0,1.0841889117043122,0.85,0.6,0.0
0,180000.0,1185282.0,34785.0,0,27.277207392197127,0.85,0.5,0.0
0,202500.0,1374480.0,45553.5,1,3.0444900752908968,0.4,0.5,0.0
0,81000.0,254700.0,17149.5,1,3.542778918548939,0.4,0.6,0.0
0,90000.0,284400.0,16011.0,1,0.8514715947980835,0.85,0.6,0.0
0,126000.0,386784.0,30690.0,0,0.8733744010951403,0.6,0.5,0.0
0,135000.0,103500.0,10867.5,0,16.826830937713893,0.4,0.5,0.0
1,180000.0,728460.0,53010.0,4,2.023271731690623,0.85,0.5,0.0
0,90000.0,417024.0,32400.0,0,1.9630390143737166,0.4,0.5,0.0
0,202500.0,468333.0,30060.0,0,13.530458590006845,0.4,0.5,0.0
0,225000.0,781920.0,42547.5,2,13.932922655715263,0.85,0.6,0.0
0,202500.0,521280.0,31630.5,1,1.9822039698836413,0.4,0.5,0.0
0,360000.0,1350000.0,87291.0,0,5.212867898699521,0.85,0.6,0.0
0,342000.0,1350000.0,67500.0,0,2.6584531143052703,0.85,0.65,1.0
0,112500.0,862560.0,25218.0,1,0.9774127310061602,0.4,0.5,0.0
0,270000.0,544068.0,20641.5,0,3.7754962354551678,0.4,0.5,0.0
0,112500.0,781920.0,28215.0,0,3.293634496919918,0.4,0.5,0.0
0,112500.0,267102.0,18589.5,0,17.149897330595483,0.85,0.5,0.0
0,180000.0,536917.5,30109.5,0,5.026694045174538,0.4,0.5,0.0
0,270000.0,170640.0,11533.5,2,2.5051334702258727,0.4,0.6,0.0
0,48150.0,269550.0,17559.0,1,6.275154004106776,0.4,0.5,0.0
1,135000.0,414792.0,21847.5,3,1.3333333333333333,0.4,0.5,0.0
0,69750.0,618840.0,17145.0,0,16.752908966461327,0.4,0.5,0.0
0,180000.0,67500.0,7744.5,2,8.11772758384668,0.4,0.5,0.0
0,234000.0,1305000.0,38155.5,0,2.4914442162902124,0.85,0.5,0.0
0,270000.0,1006920.0,45499.5,0,3.485284052019165,0.4,0.5,0.0
0,337500.0,1575000.0,43312.5,0,19.003422313483917,0.85,0.5,0.0
0,360000.0,521280.0,28408.5,1,9.612594113620808,0.85,0.5,0.0
0,247500.0,202500.0,24030.0,1,2.855578370978782,0.85,0.6,0.0
0,157500.0,352044.0,12775.5,2,24.62422997946612,0.4,0.5,0.0
0,247500.0,917307.0,61434.0,0,9.957563312799453,0.4,0.6,0.0
0,81000.0,298512.0,32278.5,1,2.0479123887748116,0.4,0.5,0.0
0,135000.0,900000.0,26316.0,0,2.3436002737850785,0.4,0.5,0.0
0,99000.0,545040.0,25537.5,2,26.628336755646817,0.4,0.6,0.0
0,126000.0,1333395.0,35302.5,2,2.2888432580424367,0.4,0.5,0.0
0,675000.0,585000.0,29250.0,0,7.457905544147844,0.85,0.6,1.0
0,148500.0,448299.0,23017.5,2,0.45722108145106094,0.4,0.5,0.0
1,193500.0,283500.0,13788.0,1,2.863791923340178,0.4,0.5,0.0
0,405000.0,1057266.0,44923.5,1,2.650239561943874,0.85,0.5,0.0
0,202500.0,1133748.0,33277.5,1,0.9390828199863107,0.4,0.6,0.0
0,247500.0,1096020.0,56092.5,2,4.123203285420945,0.4,0.5,0.0
0,58500.0,485190.0,24903.0,0,6.499657768651608,0.4,0.5,0.0
0,157500.0,646029.0,25749.0,0,3.4743326488706368,0.4,0.6,0.0
0,175500.0,1661418.0,45819.0,1,6.609171800136893,0.4,0.5,0.0
0,90000.0,427869.0,33934.5,0,0.7337440109514032,0.4,0.5,0.0
0,450000.0,1205451.0,43429.5,0,6.009582477754963,0.85,0.6,0.0
0,90000.0,1125000.0,47794.5,1,7.9780971937029435,0.85,0.5,0.0
0,180000.0,703584.0,27391.5,0,2.707734428473648,0.85,0.5,0.0
0,450000.0,675000.0,33750.0,1,18.09719370294319,0.85,0.6,1.0
0,337500.0,703728.0,28381.5,0,1.6673511293634498,0.85,0.5,0.0
0,180000.0,1078200.0,31522.5,3,5.949349760438056,0.4,0.5,0.0
0,261000.0,640080.0,31261.5,1,1.6509240246406571,0.4,0.6,0.0
0,315000.0,450000.0,16164.0,1,4.4517453798767965,0.85,0.6,0.0
0,90000.0,260568.0,27778.5,2,4.27378507871321,0.4,0.5,0.0
0,135000.0,450000.0,43969.5,0,3.378507871321013,0.4,0.5,0.0
1,90000.0,905688.0,25033.5,0,1.2594113620807665,0.4,0.5,0.0
0,112500.0,1035832.5,33412.5,2,10.365503080082135,0.4,0.5,0.0
1,112500.0,904500.0,36000.0,1,7.832991101984942,0.4,0.5,0.0
0,112500.0,450000.0,22018.5,0,1.2265571526351813,0.6,0.5,0.0
0,112500.0,337500.0,16875.0,1,12.802190280629706,0.85,0.5,1.0
1,103500.0,414792.0,18873.0,0,4.317590691307323,0.4,0.5,0.0
0,67500.0,225000.0,12915.0,0,3.4277891854893907,0.85,0.5,0.0
0,315000.0,938304.0,52524.0,1,0.29568788501026694,0.4,0.6,0.0
1,450000.0,971280.0,59553.0,0,6.915811088295688,0.85,0.5,0.0
0,112500.0,269550.0,13891.5,0,3.780971937029432,0.85,0.6,0.0
0,157500.0,191880.0,20358.0,2,5.946611909650924,0.85,0.5,0.0
0,270000.0,450000.0,27193.5,2,7.668720054757015,0.85,0.5,0.0
0,144000.0,225000.0,9661.5,0,21.793292265571527,0.4,0.5,0.0
0,157500.0,239850.0,27189.0,0,2.2258726899383983,0.4,0.5,0.0
1,247500.0,835380.0,40320.0,1,10.573579739904176,0.4,0.5,0.0
0,157500.0,521280.0,31630.5,0,2.004106776180698,0.4,0.6,0.0
0,225000.0,557770.5,20164.5,0,0.2600958247775496,0.4,0.5,0.0
0,225000.0,691020.0,25515.0,0,5.4839151266255985,0.4,0.6,0.0
1,135000.0,545040.0,26640.0,0,2.622861054072553,0.4,0.5,0.0
0,180000.0,1166724.0,33565.5,1,3.7207392197125255,0.4,0.5,0.0
0,225000.0,358443.0,13639.5,0,14.469541409993155,0.4,0.5,0.0
1,540000.0,405000.0,20250.0,0,3.4223134839151266,0.85,0.6,1.0
0,238500.0,450000.0,27324.0,1,1.894592744695414,0.85,0.6,0.0
1,112500.0,490536.0,23989.5,1,2.198494182067077,0.4,0.5,0.0
0,108000.0,765000.0,22495.5,3,12.941820670773442,0.4,0.5,0.0
0,180000.0,1051294.5,30870.0,0,5.30321697467488,0.4,0.5,0.0
0,135000.0,675000.0,28728.0,0,1.486652977412731,0.4,0.5,0.0
1,135000.0,552555.0,30105.0,0,13.486652977412732,0.85,0.5,0.0
0,315000.0,1002870.0,39901.5,2,4.763860369609857,0.85,0.6,0.0
0,157500.0,135000.0,6750.0,1,2.751540041067762,0.4,0.6,1.0
0,180000.0,835380.0,38839.5,0,7.9808350444900755,0.4,0.5,0.0
1,162000.0,361197.0,27949.5,0,7.627652292950034,0.6,0.5,0.0
0,112500.0,450000.0,20979.0,0,1.2539356605065024,0.4,0.5,0.0
0,337500.0,675000.0,49248.0,0,7.477070499657769,0.4,0.5,0.0
0,112500.0,67500.0,7047.0,0,5.037645448323066,0.85,0.65,0.0
0,180000.0,675000.0,21775.5,0,1.9575633127994525,0.4,0.6,0.0
0,135000.0,203760.0,13149.0,0,4.676249144421629,0.6,0.5,0.0
0,81000.0,518562.0,25078.5,1,5.2265571526351815,0.4,0.5,0.0
0,157500.0,276277.5,21510.0,0,3.802874743326489,0.4,0.6,0.0
0,67500.0,131922.0,7285.5,1,0.8624229979466119,0.4,0.5,0.0
0,126000.0,1236816.0,36292.5,0,1.9931553730321698,0.85,0.5,0.0
0,180000.0,292500.0,14625.0,0,1.7768651608487338,0.85,0.6,1.0
0,148500.0,521280.0,31630.5,0,0.2929500342231348,0.85,0.6,0.0
0,90000.0,180000.0,9000.0,1,3.2826830937713893,0.4,0.65,1.0
0,81000.0,247500.0,12375.0,1,3.156741957563313,0.85,0.65,1.0
0,67500.0,450000.0,16294.5,1,9.44558521560575,0.4,0.5,0.0
0,247500.0,1258650.0,53325.0,1,0.49828884325804246,0.85,0.5,0.0
0,135000.0,1006920.0,42790.5,0,2.2642026009582477,0.4,0.6,0.0
0,90000.0,247500.0,12375.0,0,10.390143737166325,0.4,0.5,1.0
0,261000.0,1256400.0,44644.5,0,5.601642710472279,0.85,0.6,0.0
0,180000.0,1006920.0,42790.5,0,29.675564681724847,0.4,0.5,0.0
0,112500.0,276277.5,19777.5,1,9.062286105407255,0.4,0.65,0.0
0,81000.0,247500.0,12375.0,2,2.4503764544832305,0.85,0.5,1.0
0,72000.0,327024.0,18391.5,0,28.355920602327174,0.4,0.5,0.0
1,90000.0,318528.0,23305.5,2,0.4134154688569473,0.4,0.5,0.0
0,157500.0,1125000.0,32895.0,0,26.518822724161534,0.4,0.5,0.0
0,180000.0,813195.0,43456.5,0,1.0732375085557837,0.85,0.6,0.0
0,90000.0,247500.0,12375.0,0,12.602327173169062,0.4,0.6,1.0
0,202500.0,450000.0,21109.5,0,3.89596167008898,0.4,0.6,0.0
0,99000.0,675000.0,18940.5,0,9.49760438056126,0.4,0.5,0.0
0,67500.0,679500.0,21919.5,1,0.4024640657084189,0.85,0.6,0.0
0,202500.0,1006920.0,40063.5,0,3.9671457905544147,0.85,0.6,0.0
0,144000.0,450000.0,22018.5,0,6.006844626967831,0.4,0.6,0.0
0,76500.0,355536.0,19417.5,0,8.761122518822724,0.4,0.6,0.0
0,225000.0,1530000.0,42075.0,0,7.266255989048597,0.85,0.6,0.0
0,337500.0,911079.0,26766.0,1,9.037645448323067,0.4,0.5,0.0
0,180000.0,760225.5,30280.5,0,2.299794661190965,0.85,0.6,0.0
0,112500.0,315000.0,15151.5,0,2.8829568788501025,0.6,0.5,0.0
0,252000.0,781920.0,23706.0,1,2.3709787816563996,0.85,0.6,0.0
1,99000.0,592560.0,31023.0,0,0.47638603696098564,0.85,0.5,0.0
0,90000.0,277969.5,18706.5,0,0.24914442162902123,0.4,0.5,0.0
0,180000.0,180000.0,9000.0,1,3.3675564681724848,0.4,0.5,1.0
0,135000.0,1078200.0,31522.5,2,18.299794661190965,0.4,0.5,0.0
0,90000.0,573408.0,20727.0,1,8.295687885010267,0.4,0.5,0.0
1,202500.0,729792.0,39721.5,0,1.3552361396303902,0.2,0.6,0.0
0,112500.0,808650.0,26086.5,0,5.489390828199863,0.4,0.5,0.0
0,175500.0,387000.0,23382.0,0,13.040383299110198,0.85,0.5,0.0
0,225000.0,819432.0,24088.5,0,0.5037645448323066,0.85,0.65,0.0
0,130500.0,1546020.0,44437.5,0,16.227241615331966,0.4,0.5,0.0
0,202500.0,550980.0,40221.0,0,2.9568788501026693,0.85,0.5,0.0
0,270000.0,278613.0,18747.0,0,4.402464065708419,0.4,0.5,0.0
0,135000.0,411417.0,27495.0,0,3.6249144421629023,0.4,0.5,0.0
0,135000.0,728460.0,57685.5,0,16.54483230663929,0.4,0.5,0.0
0,180000.0,170640.0,11533.5,0,4.791238877481177,0.85,0.6,0.0
0,202500.0,900000.0,60390.0,0,13.086926762491444,0.85,0.6,0.0
1,202500.0,261648.0,12325.5,0,3.167693360711841,0.4,0.5,0.0
0,144000.0,675000.0,21906.0,0,5.448323066392882,0.4,0.5,0.0
0,157500.0,835380.0,42781.5,0,2.861054072553046,0.85,0.5,0.0
0,112500.0,103140.0,5143.5,0,4.123203285420945,0.4,0.5,0.0
0,225000.0,225000.0,23872.5,0,0.3613963039014374,0.4,0.6,0.0
0,67500.0,1350000.0,47056.5,0,4.484599589322382,0.4,0.6,0.0
0,202500.0,1312110.0,55723.5,0,5.25119780971937,0.4,0.6,0.0
0,81000.0,414792.0,15502.5,0,10.948665297741274,0.4,0.5,0.0
0,450000.0,1327500.0,49194.0,0,3.299110198494182,0.85,0.6,0.0
0,117000.0,152820.0,16344.0,0,5.240246406570842,0.4,0.5,0.0
0,135000.0,270000.0,13500.0,1,4.85968514715948,0.4,0.5,1.0
0,135000.0,398016.0,31576.5,0,5.798767967145791,0.4,0.5,0.0
0,157500.0,270000.0,13500.0,1,12.793976728268309,0.4,0.5,1.0
0,180000.0,675000.0,47110.5,0,10.195756331279945,0.4,0.6,0.0
0,99000.0,96786.0,9702.0,1,1.946611909650924,0.2,0.5,0.0
0,90000.0,50940.0,5616.0,2,14.020533880903491,0.4,0.5,0.0
0,67500.0,314100.0,16164.0,2,3.62217659137577,0.4,0.5,0.0
0,126000.0,107820.0,8190.0,1,21.05133470225873,0.4,0.5,0.0
0,202500.0,604152.0,29196.0,0,1.3004791238877482,0.4,0.5,0.0
0,450000.0,1575000.0,81553.5,2,3.5290896646132786,0.85,0.6,0.0
0,112500.0,521280.0,31630.5,1,5.344284736481861,0.85,0.5,0.0
0,135000.0,592560.0,22698.0,0,0.32854209445585214,0.85,0.65,0.0
0,90000.0,279000.0,10755.0,0,7.630390143737166,0.85,0.6,0.0
0,189000.0,675000.0,34596.0,2,2.138261464750171,0.85,0.6,0.0
0,90000.0,180000.0,9000.0,0,0.8158795345653662,0.4,0.6,1.0
0,90000.0,74182.5,6475.5,0,3.8275154004106775,0.4,0.5,0.0
0,81000.0,273636.0,29601.0,0,2.431211498973306,0.85,0.65,0.0
0,112500.0,900000.0,26316.0,0,1.5441478439425051,0.4,0.5,0.0
1,69750.0,900000.0,26316.0,0,2.1519507186858315,0.4,0.5,0.0
1,157500.0,485640.0,44671.5,0,1.4757015742642026,0.6,0.5,0.0
1,225000.0,450000.0,22018.5,1,5.25119780971937,0.4,0.5,0.0
1,211500.0,364230.0,24930.0,0,3.7097878165639973,0.4,0.65,0.0
0,234000.0,1467612.0,56029.5,0,1.5906913073237507,0.4,0.5,0.0
0,135000.0,239850.0,25447.5,0,0.31485284052019163,0.4,0.5,0.0
1,90000.0,134775.0,7438.5,0,2.302532511978097,0.4,0.6,0.0
0,450000.0,1800000.0,173704.5,0,17.125256673511295,0.85,0.5,0.0
1,112500.0,450000.0,23107.5,2,3.353867214236824,0.4,0.5,0.0
0,76500.0,170640.0,8298.0,0,5.2676249144421625,0.4,0.5,0.0
0,337500.0,1078200.0,38200.5,0,2.9787816563997263,0.4,0.5,0.0
0,292500.0,327024.0,17059.5,0,8.758384668035593,0.4,0.5,0.0
0,135000.0,679500.0,19867.5,1,3.0992470910335386,0.85,0.5,0.0
0,337500.0,991944.0,31999.5,1,4.298425735797399,0.4,0.6,0.0
0,81000.0,630000.0,32296.5,0,1.2813141683778233,0.6,0.5,0.0
0,126000.0,199080.0,9409.5,1,4.635181382614648,0.4,0.5,0.0
0,121500.0,450000.0,24412.5,0,15.942505133470226,0.4,0.6,0.0
0,135000.0,383787.0,33070.5,1,3.561943874058864,0.4,0.65,0.0
0,157500.0,792346.5,26316.0,0,11.162217659137577,0.85,0.5,0.0
0,90000.0,180000.0,9000.0,1,3.5345653661875427,0.4,0.5,1.0
0,180000.0,971280.0,54234.0,0,1.6837782340862424,0.4,0.5,0.0
0,202500.0,760225.5,32206.5,0,2.130047912388775,0.6,0.65,0.0
0,162000.0,187704.0,10903.5,2,10.858316221765914,0.4,0.5,0.0
0,270000.0,806161.5,76675.5,0,17.322381930184804,0.85,0.6,0.0
0,180000.0,247500.0,12375.0,1,1.8699520876112252,0.4,0.6,1.0
1,112500.0,403330.5,31995.0,0,1.6673511293634498,0.4,0.5,0.0
1,94500.0,239850.0,25960.5,0,0.405201916495551,0.4,0.5,0.0
1,900000.0,2250000.0,62005.5,0,6.28062970568104,0.85,0.6,0.0
0,157500.0,622413.0,27544.5,0,18.261464750171115,0.4,0.5,0.0
0,270000.0,808650.0,31333.5,3,2.513347022587269,0.4,0.5,0.0
0,315000.0,1655698.5,57550.5,0,21.73579739904175,0.85,0.5,0.0
1,315000.0,916470.0,32598.0,1,2.3819301848049284,0.4,0.5,0.0
0,85500.0,808650.0,26086.5,1,11.693360711841205,0.4,0.5,0.0
0,144000.0,1616278.5,56308.5,1,0.6433949349760438,0.6,0.5,0.0
0,148500.0,770292.0,30676.5,0,1.1690622861054072,0.4,0.5,0.0
0,180000.0,497520.0,33246.0,0,1.9739904175222451,0.4,0.6,0.0
0,225000.0,1762110.0,46611.0,0,1.678302532511978,0.4,0.5,0.0
0,180000.0,585000.0,31167.0,0,0.9555099247091033,0.4,0.6,0.0
0,121500.0,281493.0,18603.0,0,1.8973305954825461,0.4,0.6,0.0
0,72000.0,675000.0,21775.5,0,5.8507871321013,0.4,0.5,0.0
0,72000.0,144000.0,5557.5,0,5.2731006160164275,0.85,0.5,0.0
0,315000.0,675000.0,69165.0,1,12.054757015742641,0.4,0.6,0.0
0,112500.0,315000.0,15750.0,0,22.236824093086927,0.4,0.6,1.0
0,157500.0,1078200.0,31027.5,0,15.07460643394935,0.4,0.5,0.0
0,270000.0,983299.5,41791.5,0,1.8562628336755647,0.4,0.5,0.0
0,67500.0,95940.0,9616.5,0,2.078028747433265,0.4,0.5,0.0
0,360000.0,900000.0,45000.0,0,15.312799452429843,0.85,0.6,1.0
0,63000.0,216000.0,12528.0,0,8.16974674880219,0.4,0.5,0.0
0,202500.0,545040.0,31419.0,1,10.80082135523614,0.4,0.6,0.0
0,112500.0,284256.0,30159.0,0,5.1854893908282,0.4,0.6,0.0
0,90000.0,270000.0,13500.0,1,1.7631759069130732,0.4,0.6,1.0
0,135000.0,1288350.0,37800.0,1,0.6543463381245722,0.85,0.6,0.0
0,135000.0,855000.0,25128.0,0,26.38466803559206,0.85,0.5,0.0
1,315000.0,1546020.0,45333.0,1,5.207392197125257,0.85,0.65,0.0
0,112500.0,1078200.0,31522.5,0,6.04517453798768,0.85,0.6,0.0
0,135000.0,194742.0,11898.0,1,0.5776865160848734,0.4,0.5,0.0
0,315000.0,900000.0,26446.5,0,12.131416837782341,0.4,0.5,0.0
0,180000.0,544491.0,15916.5,1,13.579739904175222,0.4,0.5,0.0
0,90000.0,239850.0,22324.5,0,5.494866529774128,0.85,0.6,0.0
0,171000.0,339241.5,12919.5,0,0.7008898015058179,0.4,0.5,0.0
0,135000.0,521280.0,27423.0,0,35.75906913073238,0.4,0.5,0.0
0,135000.0,1113840.0,47322.0,0,4.810403832991102,0.4,0.5,0.0
0,135000.0,180000.0,9000.0,2,5.4811772758384665,0.85,0.5,1.0
0,360000.0,1078200.0,31653.0,1,1.538672142368241,0.4,0.5,0.0
0,135000.0,501327.0,15196.5,0,9.744010951403148,0.85,0.6,0.0
0,216000.0,450000.0,48465.0,0,2.5927446954141,0.85,0.5,0.0
0,337500.0,1575000.0,43443.0,0,9.527720739219713,0.85,0.6,0.0
0,202500.0,1078200.0,31522.5,0,4.971937029431896,0.4,0.5,0.0
0,157500.0,545040.0,26509.5,0,1.6563997262149213,0.6,0.5,0.0
0,90000.0,270000.0,13500.0,2,8.399726214921287,0.4,0.5,1.0
0,90000.0,270000.0,13500.0,0,7.370294318959616,0.4,0.5,1.0
0,337500.0,855000.0,42750.0,0,14.973305954825461,0.85,0.65,1.0
0,202500.0,381096.0,30240.0,0,3.0992470910335386,0.85,0.5,0.0
0,135000.0,607500.0,31149.0,2,5.95482546201232,0.6,0.5,0.0
0,103500.0,1125000.0,33025.5,1,14.735112936344969,0.4,0.5,0.0
0,90000.0,539100.0,29245.5,0,0.12594113620807665,0.4,0.5,0.0
0,135000.0,986418.0,43578.0,0,42.502395619438744,0.4,0.65,0.0
0,202500.0,269550.0,21739.5,3,15.939767282683095,0.85,0.5,0.0
0,157500.0,360000.0,28570.5,1,8.473648186173854,0.4,0.5,0.0
1,108000.0,170640.0,8298.0,0,0.7008898015058179,0.4,0.5,0.0
0,270000.0,450000.0,22500.0,0,1.1279945242984257,0.85,0.6,1.0
1,112500.0,349258.5,21235.5,0,3.0882956878850103,0.85,0.5,0.0
0,202500.0,518224.5,13666.5,0,3.463381245722108,0.85,0.5,0.0
0,270000.0,485640.0,38263.5,1,0.9500342231348392,0.85,0.5,0.0
0,144000.0,536917.5,27544.5,0,3.515400410677618,0.4,0.5,0.0
0,67500.0,814041.0,23800.5,2,4.191649555099247,0.4,0.5,0.0
0,135000.0,445500.0,24295.5,0,3.1156741957563314,0.4,0.5,0.0
0,247500.0,667237.5,52848.0,1,4.369609856262834,0.85,0.5,0.0
0,144000.0,1078200.0,31522.5,0,0.4106776180698152,0.4,0.6,0.0
0,157500.0,263686.5,26208.0,0,8.145106091718,0.85,0.6,0.0
0,157500.0,343800.0,13090.5,0,26.420260095824776,0.4,0.6,0.0
0,108000.0,568800.0,15133.5,0,1.1307323750855578,0.85,0.6,0.0
0,81000.0,601474.5,29065.5,2,2.3545516769336072,0.4,0.5,0.0
0,157500.0,450000.0,21888.0,0,1.7741273100616017,0.4,0.5,0.0
0,76500.0,1288350.0,37800.0,1,5.864476386036961,0.2,0.5,0.0
0,157500.0,1080504.0,31095.0,2,1.1252566735112937,0.4,0.5,0.0
0,180000.0,545040.0,36553.5,1,6.981519507186858,0.4,0.6,0.0
0,225000.0,755190.0,36328.5,0,10.80082135523614,0.85,0.65,0.0
0,360000.0,1223010.0,51817.5,2,4.829568788501026,0.4,0.5,0.0
0,135000.0,314055.0,13963.5,1,1.1827515400410678,0.4,0.5,0.0
0,135000.0,450000.0,17095.5,0,1.3086926762491444,0.4,0.5,0.0
0,900000.0,2250000.0,112500.0,0,9.111567419575634,0.85,0.6,1.0
0,157500.0,942300.0,27679.5,0,11.764544832306639,0.4,0.5,0.0
0,157500.0,450000.0,22500.0,0,6.609171800136893,0.85,0.5,1.0
0,157500.0,604152.0,29196.0,0,0.6351813826146475,0.4,0.5,0.0
0,157500.0,918468.0,33120.0,0,2.4969199178644765,0.85,0.5,0.0
0,135000.0,1636245.0,43294.5,0,2.217659137577002,0.4,0.6,0.0
0,90000.0,1293502.5,35698.5,0,1.1937029431895962,0.4,0.5,0.0
0,292500.0,1288350.0,37669.5,3,19.4031485284052,0.4,0.5,0.0
1,270000.0,1071909.0,31473.0,1,1.8973305954825461,0.4,0.5,0.0
0,202500.0,508495.5,20164.5,0,20.9637234770705,0.85,0.5,0.0
1,225000.0,497520.0,53712.0,0,1.051334702258727,0.4,0.6,0.0
1,180000.0,633730.5,32485.5,1,5.560574948665297,0.4,0.5,0.0
0,90000.0,207396.0,12816.0,0,2.5845311430527036,0.4,0.65,0.0
0,211500.0,679500.0,19998.0,0,11.025325119780971,0.4,0.65,0.0
0,135000.0,135000.0,14454.0,1,7.704312114989733,0.4,0.5,0.0
0,180000.0,900000.0,38263.5,0,6.3901437371663246,0.85,0.5,0.0
0,77850.0,284400.0,10215.0,0,0.6379192334017796,0.4,0.6,0.0
0,63000.0,1018899.0,29920.5,4,3.7727583846680357,0.4,0.65,0.0
1,135000.0,328405.5,26460.0,2,2.7980835044490076,0.4,0.6,0.0
0,225000.0,1451047.5,55269.0,1,8.673511293634498,0.6,0.6,0.0
0,126000.0,534672.0,15453.0,0,1.7056810403832992,0.85,0.5,0.0
0,234000.0,1255680.0,41629.5,1,2.2258726899383983,0.4,0.5,0.0
0,112500.0,295668.0,11277.0,0,7.96167008898015,0.85,0.6,0.0
1,117000.0,142200.0,8293.5,0,3.671457905544148,0.4,0.6,0.0
0,90000.0,254799.0,16411.5,0,2.625598904859685,0.4,0.5,0.0
0,94500.0,225000.0,13045.5,1,3.025325119780972,0.4,0.6,0.0
0,90000.0,358344.0,22050.0,0,0.45722108145106094,0.4,0.5,0.0
0,90000.0,296280.0,23539.5,0,8.11772758384668,0.4,0.5,0.0
0,144000.0,673875.0,32548.5,0,10.861054072553046,0.4,0.6,0.0
0,134887.5,202500.0,10287.0,0,19.175906913073238,0.4,0.6,0.0
0,90000.0,201024.0,8316.0,0,0.4353182751540041,0.4,0.6,0.0
0,67500.0,142632.0,14022.0,0,2.305270362765229,0.4,0.5,0.0
1,90000.0,314100.0,17167.5,1,7.485284052019165,0.4,0.5,0.0
0,112500.0,900000.0,26316.0,0,0.917180013689254,0.85,0.65,0.0
0,90000.0,247500.0,12375.0,2,2.7707049965776864,0.4,0.5,1.0
0,153000.0,640705.5,23143.5,1,6.50239561943874,0.85,0.5,0.0
0,94500.0,284400.0,13963.5,1,1.0924024640657084,0.4,0.5,0.0
0,270000.0,1164667.5,34182.0,0,9.325119780971937,0.85,0.6,0.0
0,180000.0,900000.0,35028.0,2,13.27583846680356,0.4,0.5,0.0
0,175500.0,225000.0,14508.0,0,0.5393566050650239,0.4,0.5,0.0
0,90000.0,180000.0,9000.0,2,8.761122518822724,0.4,0.5,1.0
0,157500.0,675000.0,29862.0,0,11.460643394934976,0.85,0.6,0.0
0,90000.0,993082.5,39514.5,0,10.899383983572895,0.4,0.6,0.0
0,315000.0,585000.0,46219.5,2,9.273100616016427,0.4,0.6,0.0
0,112500.0,1288350.0,34114.5,0,8.235455167693361,0.4,0.5,0.0
1,112500.0,270000.0,13500.0,0,0.4654346338124572,0.4,0.5,1.0
0,427500.0,1125000.0,44617.5,0,1.6591375770020533,0.85,0.6,0.0
0,189000.0,805536.0,34258.5,0,35.42778918548939,0.4,0.6,0.0
0,225000.0,855000.0,27711.0,0,6.146475017111568,0.85,0.5,0.0
0,225000.0,1741077.0,60646.5,0,10.617385352498289,0.4,0.5,0.0
0,135000.0,508495.5,24592.5,1,3.268993839835729,0.4,0.5,0.0
0,112500.0,808650.0,26217.0,0,2.3655030800821355,0.4,0.6,0.0
0,117000.0,360000.0,16780.5,1,0.31485284052019163,0.85,0.5,0.0
0,135000.0,477000.0,20340.0,0,4.39151266255989,0.6,0.5,0.0
0,90000.0,495000.0,21100.5,0,12.80766598220397,0.4,0.5,0.0
0,126000.0,337500.0,16875.0,0,6.915811088295688,0.4,0.5,1.0
0,166500.0,618840.0,17145.0,0,1.2402464065708418,0.85,0.5,0.0
0,103500.0,450000.0,22500.0,2,5.330595482546201,0.85,0.6,1.0
0,90000.0,553806.0,23593.5,0,15.071868583162217,0.4,0.5,0.0
0,139500.0,540000.0,21415.5,0,8.640657084188911,0.85,0.65,0.0
0,382500.0,1800000.0,90000.0,0,2.7980835044490076,0.85,0.6,1.0
0,225000.0,725121.0,74299.5,0,4.462696783025325,0.85,0.65,0.0
0,135000.0,1288350.0,37669.5,0,7.184120465434634,0.4,0.5,0.0
1,157500.0,272520.0,19827.0,2,20.213552361396303,0.4,0.5,0.0
0,112500.0,755190.0,32125.5,0,11.72621492128679,0.4,0.5,0.0
0,112500.0,675000.0,28728.0,0,13.125256673511293,0.4,0.5,0.0
0,180000.0,247500.0,12375.0,0,4.865160848733744,0.4,0.5,1.0
0,112500.0,706221.0,22909.5,0,1.9739904175222451,0.4,0.5,0.0
0,112500.0,297040.5,23116.5,0,9.727583846680355,0.4,0.6,0.0
0,94500.0,454500.0,33979.5,0,2.614647501711157,0.85,0.5,0.0
0,247500.0,1573209.0,103378.5,0,3.2142368240930868,0.4,0.5,0.0
0,112500.0,225000.0,13045.5,1,2.954140999315537,0.4,0.5,0.0
0,225000.0,225000.0,22014.0,0,4.903490759753593,0.85,0.6,0.0
0,270000.0,284400.0,22599.0,1,0.487337440109514,0.6,0.6,0.0
0,67500.0,215640.0,13027.5,0,11.94798083504449,0.4,0.5,0.0
1,270000.0,450000.0,22018.5,1,2.7734428473648185,0.4,0.5,0.0
1,315000.0,238500.0,12307.5,1,4.87337440109514,0.85,0.6,0.0
0,243000.0,1252935.0,36765.0,0,15.06091718001369,0.4,0.65,0.0
0,270000.0,675000.0,33750.0,3,1.5003422313483916,0.85,0.5,1.0
0,112500.0,254700.0,13068.0,0,10.628336755646817,0.85,0.6,0.0
0,157500.0,360000.0,35734.5,0,4.4490075290896645,0.4,0.65,0.0
0,153000.0,405000.0,20250.0,1,0.9965776865160849,0.85,0.5,1.0
1,72000.0,1071909.0,31473.0,1,6.72416153319644,0.4,0.5,0.0
0,144000.0,675000.0,32602.5,0,2.8774811772758384,0.4,0.5,0.0
0,202500.0,640080.0,19534.5,2,7.301848049281314,0.4,0.5,0.0
0,90000.0,373500.0,26689.5,0,12.618754277891854,0.85,0.65,0.0
0,171000.0,119925.0,14359.5,2,4.843258042436688,0.4,0.65,0.0
0,337500.0,701730.0,75573.0,0,9.911019849418206,0.4,0.5,0.0
1,135000.0,1275921.0,37305.0,0,7.901437371663245,0.4,0.5,0.0
0,135000.0,675000.0,21775.5,0,4.3641341546885695,0.4,0.5,0.0
0,180000.0,298728.0,15381.0,2,10.047912388774812,0.4,0.5,0.0
0,67500.0,248760.0,26118.0,0,10.318959616700889,0.4,0.5,0.0
0,157500.0,270000.0,13500.0,0,16.021902806297057,0.85,0.5,1.0
0,180000.0,592560.0,35937.0,0,3.0992470910335386,0.4,0.5,0.0
0,202500.0,634482.0,20596.5,2,29.420944558521562,0.4,0.5,0.0
0,157500.0,819432.0,24088.5,0,10.03422313483915,0.4,0.5,0.0
0,148500.0,504000.0,14733.0,1,25.932922655715263,0.4,0.5,0.0
0,337500.0,417024.0,29785.5,0,5.1416837782340865,0.4,0.65,0.0
0,202500.0,260568.0,28192.5,0,1.3141683778234086,0.4,0.6,0.0
0,112500.0,226152.0,12397.5,0,6.743326488706366,0.4,0.5,0.0
0,157500.0,508495.5,24592.5,1,0.8788501026694046,0.85,0.5,0.0
0,225000.0,265306.5,28701.0,0,0.9390828199863107,0.85,0.6,0.0
0,114750.0,243000.0,12537.0,3,1.1334702258726899,0.4,0.5,0.0
0,450000.0,1575000.0,55800.0,0,6.469541409993155,0.85,0.6,0.0
1,135000.0,239850.0,28593.0,0,6.962354551676934,0.4,0.6,0.0
0,405000.0,1129500.0,36436.5,0,14.012320328542094,0.6,0.6,0.0
0,135000.0,540000.0,29425.5,1,1.6892539356605065,0.4,0.6,0.0
0,90000.0,270000.0,12640.5,0,1.6016427104722792,0.6,0.5,0.0
0,315000.0,887314.5,59296.5,0,0.30390143737166325,0.4,0.5,0.0
0,180000.0,544491.0,17563.5,0,15.312799452429843,0.85,0.5,0.0
0,157500.0,315000.0,11673.0,0,10.379192334017796,0.4,0.5,0.0
1,148500.0,675000.0,21775.5,1,7.17864476386037,0.4,0.5,0.0
0,225000.0,473760.0,46989.0,0,5.952087611225188,0.4,0.6,0.0
0,126000.0,517500.0,26419.5,2,1.3661875427789185,0.4,0.5,0.0
0,405000.0,1696909.5,70159.5,0,6.146475017111568,0.4,0.5,0.0
0,270000.0,1540588.5,58810.5,0,0.9062286105407256,0.4,0.6,0.0
0,81000.0,286704.0,15138.0,0,2.5845311430527036,0.4,0.6,0.0
0,135000.0,215640.0,11421.0,1,1.3360711841204653,0.4,0.6,0.0
0,76500.0,450000.0,13027.5,2,2.0698151950718686,0.85,0.65,0.0
0,202500.0,1042560.0,37575.0,0,2.0451745379876796,0.4,0.5,0.0
0,148581.0,135000.0,6750.0,0,0.6516084873374401,0.4,0.5,1.0
1,405000.0,1575000.0,43443.0,0,0.47638603696098564,0.6,0.6,0.0
0,90000.0,450000.0,21649.5,1,3.457905544147844,0.85,0.5,0.0
0,90000.0,91692.0,9198.0,1,1.2895277207392197,0.4,0.5,0.0
0,135000.0,513531.0,35869.5,2,10.368240930869268,0.4,0.5,0.0
0,360000.0,808650.0,31464.0,0,10.570841889117043,0.4,0.6,0.0
0,180000.0,808650.0,31464.0,2,3.917864476386037,0.4,0.5,0.0
0,67500.0,343800.0,10921.5,1,2.7953456536618755,0.4,0.5,0.0
0,157500.0,1078200.0,34911.0,0,5.535934291581109,0.4,0.6,0.0
1,247500.0,1180129.5,34636.5,2,10.557152635181383,0.4,0.5,0.0
0,130500.0,373311.0,14935.5,0,1.2539356605065024,0.4,0.65,0.0
0,225000.0,835380.0,42840.0,1,1.6427104722792607,0.4,0.5,0.0
0,225000.0,450000.0,22500.0,0,6.291581108829569,0.85,0.6,1.0
0,202500.0,639387.0,34816.5,0,2.5489390828199863,0.85,0.5,0.0
0,360000.0,900000.0,46084.5,0,2.707734428473648,0.4,0.5,0.0
0,202500.0,526491.0,19039.5,0,3.6659822039698837,0.4,0.5,0.0
0,180000.0,1675413.0,58365.0,2,17.456536618754278,0.85,0.5,0.0
0,202500.0,272520.0,19957.5,0,1.1225188227241616,0.85,0.6,0.0
0,292500.0,675000.0,29862.0,0,8.624229979466119,0.4,0.6,0.0
0,112500.0,284400.0,13387.5,0,1.4455852156057496,0.85,0.65,0.0
0,270000.0,417024.0,16447.5,2,3.9069130732375084,0.4,0.6,0.0
1,126000.0,1288350.0,37669.5,0,3.7207392197125255,0.4,0.6,0.0
0,202500.0,715095.0,65718.0,0,9.462012320328542,0.4,0.5,0.0
1,292500.0,971280.0,62203.5,0,3.490759753593429,0.2,0.5,0.0
0,103500.0,152820.0,9765.0,0,12.407939767282683,0.4,0.5,0.0
0,81000.0,225000.0,11250.0,1,7.734428473648186,0.4,0.5,1.0
1,99000.0,448056.0,21919.5,1,1.3470225872689938,0.4,0.5,0.0
0,193500.0,229230.0,22459.5,0,10.165639972621491,0.85,0.6,0.0
0,90000.0,202500.0,10125.0,0,0.12594113620807665,0.4,0.5,1.0
0,382500.0,666000.0,27126.0,1,10.787132101300479,0.85,0.5,0.0
0,135000.0,215640.0,17064.0,2,4.180698151950718,0.4,0.5,0.0
1,211500.0,1185282.0,38367.0,0,6.379192334017796,0.85,0.6,0.0
1,112500.0,942300.0,30528.0,1,10.694045174537989,0.4,0.5,0.0
0,112500.0,95940.0,11515.5,0,5.87542778918549,0.4,0.5,0.0
0,225000.0,490536.0,32913.0,0,7.345653661875428,0.4,0.6,0.0
0,207000.0,1125000.0,33025.5,0,13.875427789185489,0.4,0.5,0.0
0,175500.0,207000.0,7434.0,0,20.10677618069815,0.4,0.5,0.0
0,292500.0,1130760.0,33192.0,1,8.284736481861739,0.4,0.5,0.0
0,112500.0,135000.0,6750.0,0,0.1834360027378508,0.4,0.6,1.0
0,180000.0,1309500.0,38416.5,1,3.2361396303901437,0.85,0.5,0.0
0,180000.0,835380.0,35523.0,1,2.921286789869952,0.85,0.6,0.0
0,157500.0,675000.0,49248.0,0,12.63791923340178,0.4,0.5,0.0
1,180000.0,450000.0,32746.5,1,3.780971937029432,0.4,0.5,0.0
0,112500.0,1288350.0,37800.0,1,7.000684462696783,0.85,0.5,0.0
0,117000.0,454500.0,16321.5,1,3.1129363449691994,0.4,0.6,0.0
0,450000.0,1190340.0,66595.5,2,10.962354551676933,0.85,0.5,0.0
0,67500.0,170640.0,13612.5,1,2.6557152635181382,0.4,0.5,0.0
0,90000.0,364896.0,18760.5,0,3.4442162902121836,0.85,0.5,0.0
0,135000.0,585000.0,22185.0,0,14.576317590691307,0.4,0.6,0.0
0,180000.0,567000.0,18288.0,0,2.308008213552361,0.4,0.6,0.0
1,157500.0,1078200.0,31522.5,0,1.1964407939767283,0.85,0.6,0.0
0,135000.0,360000.0,20101.5,0,4.501026694045175,0.4,0.5,0.0
0,117000.0,900000.0,38133.0,0,4.3641341546885695,0.4,0.5,0.0
1,162000.0,497520.0,39307.5,1,3.463381245722108,0.4,0.5,0.0
0,112500.0,607500.0,17761.5,0,14.962354551676933,0.4,0.5,0.0
0,81000.0,314100.0,12420.0,1,2.5708418891170433,0.85,0.6,0.0
0,112500.0,547344.0,23188.5,0,13.620807665982204,0.4,0.5,0.0
0,180000.0,239850.0,23719.5,2,6.351813826146475,0.85,0.5,0.0
0,117000.0,269550.0,10116.0,0,5.232032854209446,0.4,0.6,0.0
0,90000.0,234000.0,11511.0,0,5.508555783709788,0.4,0.5,0.0
0,112500.0,194922.0,15759.0,0,3.978097193702943,0.4,0.5,0.0
0,450000.0,1339884.0,39177.0,0,6.6009582477754964,0.85,0.6,0.0
0,81000.0,180000.0,9000.0,0,1.0184804928131417,0.4,0.5,1.0
0,180000.0,497520.0,49338.0,1,4.550308008213553,0.4,0.6,0.0
1,270000.0,509400.0,40374.0,0,2.433949349760438,0.6,0.5,0.0
0,112500.0,675000.0,26770.5,0,13.998631074606434,0.4,0.5,0.0
0,112500.0,848745.0,39460.5,0,6.146475017111568,0.4,0.5,0.0
0,135000.0,143910.0,14148.0,2,2.647501711156742,0.4,0.5,0.0
1,135000.0,663093.0,21519.0,0,8.908966461327857,0.4,0.5,0.0
0,234000.0,414000.0,15736.5,0,2.412046543463381,0.4,0.6,0.0
0,157500.0,225000.0,11250.0,1,1.648186173853525,0.85,0.5,1.0
0,450000.0,906228.0,38524.5,0,4.306639288158795,0.4,0.5,0.0
0,135000.0,270000.0,13500.0,0,1.864476386036961,0.6,0.5,1.0
0,76500.0,180000.0,9000.0,0,0.9007529089664613,0.4,0.5,1.0
0,450000.0,781920.0,37746.0,0,2.9596167008898013,0.4,0.6,0.0
0,225000.0,884844.0,56677.5,1,2.631074606433949,0.85,0.6,0.0
1,157500.0,808650.0,31333.5,0,9.22381930184805,0.6,0.5,0.0
0,112500.0,640080.0,29970.0,0,1.0376454483230664,0.4,0.5,0.0
0,193500.0,675000.0,26154.0,0,4.317590691307323,0.4,0.5,0.0
0,135000.0,522396.0,33516.0,1,8.646132785763175,0.4,0.5,0.0
0,225000.0,225000.0,11250.0,0,1.2375085557837098,0.85,0.5,1.0
0,157500.0,270000.0,16443.0,1,8.553045859000685,0.6,0.6,0.0
0,180000.0,331920.0,18135.0,0,4.240930869267625,0.85,0.65,0.0
1,112500.0,199080.0,13432.5,0,3.156741957563313,0.4,0.5,0.0
0,270000.0,715095.0,55471.5,1,3.36208076659822,0.85,0.6,0.0
0,135000.0,545040.0,39627.0,0,3.033538672142368,0.4,0.5,0.0
0,292500.0,450000.0,44509.5,0,26.072553045859,0.85,0.5,0.0
0,135000.0,299250.0,8356.5,0,2.1519507186858315,0.6,0.6,0.0
0,225000.0,993082.5,39514.5,0,2.1546885694729636,0.85,0.5,0.0
1,202500.0,550980.0,43659.0,0,4.01368925393566,0.4,0.6,0.0
0,135000.0,1350000.0,37125.0,0,0.34223134839151265,0.85,0.6,0.0
0,247500.0,1305000.0,35887.5,0,5.270362765229295,0.85,0.6,0.0
0,180000.0,1065433.5,39613.5,0,0.3997262149212868,0.4,0.5,0.0
0,238500.0,630000.0,61371.0,0,12.572210814510608,0.4,0.5,0.0
0,112500.0,900000.0,26316.0,1,4.301163586584531,0.4,0.5,0.0
0,270000.0,808650.0,26217.0,2,7.479808350444901,0.4,0.6,0.0
0,270000.0,521280.0,35262.0,0,2.2286105407255303,0.85,0.6,0.0
0,238500.0,659533.5,27940.5,0,5.678302532511978,0.6,0.65,0.0
0,90000.0,177768.0,11488.5,0,23.718001368925393,0.4,0.5,0.0
0,135000.0,301464.0,23949.0,0,7.036276522929501,0.4,0.5,0.0
0,337500.0,1120752.0,40387.5,0,16.216290212183434,0.85,0.65,0.0
0,157500.0,808650.0,26086.5,0,1.4948665297741273,0.4,0.5,0.0
0,144000.0,276277.5,19777.5,0,7.515400410677618,0.4,0.5,0.0
0,270000.0,292500.0,30843.0,1,11.950718685831623,0.85,0.5,0.0
1,121500.0,545040.0,26509.5,2,3.5017111567419574,0.4,0.5,0.0
1,121500.0,254700.0,17149.5,2,4.372347707049966,0.4,0.5,0.0
0,135000.0,364846.5,13882.5,0,2.31895961670089,0.4,0.65,0.0
0,135000.0,675000.0,35757.0,0,11.405886379192333,0.85,0.6,0.0
0,180000.0,490495.5,27517.5,0,4.306639288158795,0.4,0.5,0.0
0,202500.0,314100.0,13833.0,0,12.70362765229295,0.4,0.5,0.0
0,135000.0,675000.0,34596.0,0,1.1170431211498972,0.4,0.5,0.0
0,135000.0,665892.0,21609.0,0,7.958932238193018,0.2,0.6,0.0
0,75600.0,495000.0,32616.0,0,5.338809034907597,0.4,0.5,0.0
0,135000.0,1143639.0,34803.0,0,25.897330595482547,0.4,0.5,0.0
0,450000.0,1350000.0,39474.0,0,2.9075975359342916,0.85,0.6,0.0
0,112500.0,225000.0,12204.0,1,4.501026694045175,0.4,0.5,0.0
1,99000.0,509400.0,37197.0,2,2.732375085557837,0.4,0.5,0.0
0,315000.0,312768.0,21028.5,0,2.5571526351813825,0.4,0.6,0.0
0,180000.0,225000.0,11250.0,0,5.494866529774128,0.4,0.5,1.0
0,135000.0,855000.0,36225.0,0,3.863107460643395,0.4,0.5,0.0
0,135000.0,490500.0,50391.0,0,4.558521560574949,0.4,0.5,0.0
0,270000.0,500211.0,52654.5,1,4.65160848733744,0.85,0.6,0.0
0,135000.0,1185282.0,31396.5,0,1.212867898699521,0.85,0.5,0.0
0,157500.0,593010.0,15772.5,1,7.6331279945242985,0.6,0.65,0.0
1,157500.0,254700.0,21780.0,1,3.6331279945242985,0.4,0.5,0.0
0,202500.0,1467612.0,59773.5,0,4.736481861738535,0.4,0.6,0.0
0,112500.0,640080.0,31261.5,1,5.51129363449692,0.4,0.5,0.0
0,256500.0,1440000.0,42232.5,0,2.187542778918549,0.4,0.5,0.0
0,225000.0,491211.0,46534.5,0,0.2655715263518138,0.4,0.6,0.0
0,112500.0,625500.0,20178.0,1,8.670773442847365,0.85,0.5,0.0
0,315000.0,597339.0,38304.0,0,0.3586584531143053,0.85,0.6,0.0
0,225000.0,505066.5,40032.0,0,9.34154688569473,0.85,0.5,0.0
0,81000.0,358213.5,20133.0,2,11.490759753593428,0.85,0.65,0.0
1,270000.0,1082214.0,31770.0,2,0.917180013689254,0.85,0.6,0.0
1,180000.0,1006920.0,51543.0,1,5.103353867214237,0.85,0.5,0.0
0,157500.0,1560726.0,41301.0,1,0.7775496235455168,0.85,0.6,0.0
1,108000.0,225000.0,11074.5,0,2.3846680355920604,0.4,0.5,0.0
0,135000.0,1215000.0,33543.0,1,13.639972621492129,0.4,0.65,0.0
0,135000.0,1399500.0,38484.0,0,10.765229295003422,0.4,0.6,0.0
0,180000.0,260640.0,27499.5,1,7.279945242984257,0.4,0.65,0.0
0,202500.0,1169820.0,32845.5,0,14.080766598220396,0.85,0.5,0.0
0,157500.0,672174.0,21811.5,1,7.698836413415469,0.4,0.5,0.0
0,202500.0,814041.0,23800.5,2,10.702258726899384,0.4,0.6,0.0
0,157500.0,1288350.0,37800.0,1,1.1444216290212184,0.4,0.6,0.0
0,130500.0,405000.0,11605.5,1,3.4743326488706368,0.85,0.65,0.0
0,81000.0,805536.0,32076.0,0,0.42984257357973993,0.4,0.5,0.0
0,166500.0,358213.5,33619.5,0,4.714579055441479,0.85,0.5,0.0
0,180000.0,450000.0,21888.0,2,1.51129363449692,0.4,0.5,0.0
0,112500.0,352044.0,17253.0,0,1.894592744695414,0.4,0.6,0.0
0,157500.0,260568.0,24241.5,1,0.4024640657084189,0.4,0.5,0.0
1,112500.0,202500.0,10125.0,0,3.058179329226557,0.4,0.5,1.0
1,108000.0,314100.0,17167.5,0,3.753593429158111,0.4,0.5,0.0
0,112500.0,700830.0,22738.5,0,2.2258726899383983,0.6,0.5,0.0
0,36000.0,526500.0,16983.0,0,0.5229295003422314,0.4,0.5,0.0
0,225000.0,1061599.5,31167.0,0,5.02943189596167,0.85,0.5,0.0
0,180000.0,661500.0,60799.5,0,0.892539356605065,0.4,0.5,0.0
1,99000.0,1288350.0,37800.0,0,3.6084873374401094,0.4,0.5,0.0
0,360000.0,450000.0,46111.5,0,9.902806297056811,0.4,0.6,0.0
0,135000.0,540000.0,26109.0,0,1.0458590006844628,0.4,0.5,0.0
0,247500.0,1078200.0,31653.0,1,5.486652977412731,0.4,0.5,0.0
0,126000.0,450000.0,22977.0,0,2.195756331279945,0.4,0.6,0.0
0,67500.0,112500.0,8131.5,1,0.7529089664613279,0.4,0.5,0.0
0,202500.0,906255.0,34515.0,0,1.0102669404517455,0.85,0.5,0.0
0,135000.0,1077403.5,43879.5,0,2.524298425735797,0.4,0.65,0.0
0,166500.0,270000.0,13500.0,2,13.045859000684462,0.85,0.5,1.0
1,157500.0,180000.0,16506.0,0,1.3826146475017111,0.4,0.5,0.0
0,405000.0,497520.0,32391.0,1,5.259411362080766,0.85,0.6,0.0
0,148500.0,585000.0,24916.5,2,14.004106776180699,0.4,0.5,0.0
0,202500.0,500211.0,48861.0,0,4.528405201916495,0.85,0.6,0.0
0,90000.0,180000.0,9000.0,0,1.4072553045859,0.4,0.5,1.0
0,225000.0,1724220.0,50544.0,0,0.5092402464065708,0.4,0.6,0.0
0,112500.0,990000.0,29074.5,0,11.931553730321697,0.4,0.5,0.0
0,126000.0,309420.0,11794.5,0,3.6167008898015056,0.4,0.5,0.0
0,135000.0,1086786.0,31905.0,0,4.4106776180698155,0.4,0.5,0.0
0,99000.0,505332.0,34038.0,0,7.917864476386037,0.4,0.5,0.0
1,90000.0,450000.0,23107.5,0,7.731690622861054,0.4,0.5,0.0
0,135000.0,852088.5,36229.5,3,4.213552361396304,0.4,0.5,0.0
0,175500.0,601470.0,32760.0,0,3.1129363449691994,0.4,0.6,0.0
0,270000.0,942300.0,30528.0,2,3.02258726899384,0.85,0.6,0.0
0,135000.0,781920.0,40054.5,0,3.184120465434634,0.85,0.5,0.0
0,67500.0,225000.0,15034.5,0,12.670773442847365,0.4,0.6,0.0
0,135000.0,1288350.0,37800.0,0,2.8501026694045173,0.4,0.5,0.0
0,225000.0,1773000.0,61627.5,0,12.284736481861739,0.4,0.5,0.0
0,225000.0,450000.0,27193.5,0,9.089664613278575,0.85,0.5,0.0
1,90000.0,594121.5,30465.0,1,26.91854893908282,0.4,0.5,0.0
0,90000.0,526491.0,29398.5,0,5.683778234086242,0.4,0.5,0.0
0,58500.0,81000.0,8010.0,1,10.094455852156058,0.4,0.6,0.0
0,135000.0,675000.0,31279.5,0,0.6543463381245722,0.4,0.6,0.0
0,225000.0,1024290.0,30078.0,0,7.181382614647502,0.4,0.5,0.0
0,337500.0,1102171.5,43839.0,1,7.2060232717316905,0.85,0.6,0.0
0,180000.0,1236816.0,36162.0,0,0.7392197125256673,0.85,0.5,0.0
0,540000.0,2250000.0,64615.5,0,3.707049965776865,0.85,0.6,0.0
0,270000.0,599472.0,32067.0,0,12.695414099931554,0.4,0.6,0.0
0,225000.0,538704.0,23859.0,1,19.38672142368241,0.4,0.5,0.0
0,112500.0,395766.0,16897.5,0,11.178644763860369,0.4,0.5,0.0
0,112500.0,337500.0,16875.0,0,3.0116358658453115,0.85,0.5,1.0
0,144000.0,364896.0,23449.5,0,1.1690622861054072,0.4,0.6,0.0
0,225000.0,269550.0,12618.0,0,9.281314168377824,0.4,0.6,0.0
0,157500.0,495351.0,30433.5,0,5.032169746748802,0.4,0.6,0.0
0,162000.0,450000.0,23692.5,2,1.242984257357974,0.4,0.6,0.0
0,112500.0,454500.0,18153.0,0,24.824093086926762,0.4,0.65,0.0
0,144000.0,450000.0,30204.0,0,0.9609856262833676,0.85,0.5,0.0
0,225000.0,1024740.0,43416.0,2,5.645448323066393,0.4,0.6,0.0
0,180000.0,188478.0,15021.0,1,6.704996577686516,0.4,0.5,0.0
0,180000.0,582804.0,24822.0,2,4.596851471594798,0.85,0.5,0.0
0,90000.0,291384.0,20853.0,0,3.080082135523614,0.4,0.5,0.0
0,157500.0,1006920.0,51543.0,0,8.260095824777549,0.4,0.5,0.0
0,225000.0,850500.0,22432.5,2,6.8199863107460645,0.85,0.6,0.0
0,225000.0,1506816.0,49927.5,0,3.5455167693360714,0.85,0.5,0.0
0,225000.0,582768.0,56772.0,0,4.298425735797399,0.85,0.6,0.0
0,292500.0,474048.0,24331.5,2,4.8350444900752905,0.85,0.6,0.0
0,225000.0,398016.0,26725.5,1,8.720054757015742,0.85,0.6,0.0
0,135000.0,272578.5,21663.0,0,0.9911019849418207,0.6,0.65,0.0
0,135000.0,691020.0,19935.0,0,5.30321697467488,0.4,0.65,0.0
0,135000.0,254700.0,25321.5,2,14.590006844626968,0.4,0.5,0.0
0,112500.0,315000.0,15750.0,0,7.657768651608487,0.4,0.5,1.0
0,45000.0,128583.0,10440.0,1,6.228610540725531,0.4,0.5,0.0
0,90000.0,263686.5,28525.5,0,13.155373032169747,0.4,0.5,0.0
0,126000.0,1241968.5,36445.5,0,1.054072553045859,0.4,0.5,0.0
0,126000.0,1125000.0,44748.0,0,8.960985626283367,0.4,0.5,0.0
0,90000.0,545040.0,26509.5,0,14.559890485968515,0.4,0.5,0.0
0,180000.0,888840.0,28039.5,0,1.1745379876796715,0.85,0.5,0.0
0,76500.0,308133.0,14953.5,1,1.215605749486653,0.4,0.5,0.0
0,202500.0,805536.0,32076.0,0,7.704312114989733,0.4,0.5,0.0
0,157500.0,668304.0,28444.5,0,6.715947980835044,0.4,0.6,0.0
0,180000.0,276277.5,12298.5,1,23.45242984257358,0.4,0.6,0.0
1,211500.0,1031053.5,40257.0,1,1.5605749486652978,0.4,0.5,0.0
0,225000.0,277969.5,18706.5,0,1.483915126625599,0.4,0.5,0.0
0,175500.0,318528.0,21415.5,0,5.28952772073922,0.4,0.5,0.0
0,256500.0,1327500.0,124119.0,1,5.065023956194388,0.4,0.5,0.0
0,202500.0,1436850.0,37903.5,0,5.568788501026694,0.6,0.5,0.0
0,180000.0,283500.0,30663.0,0,8.15605749486653,0.85,0.5,0.0
0,153000.0,432567.0,19183.5,0,2.0369609856262834,0.4,0.6,0.0
0,112500.0,635962.5,25663.5,1,1.5249828884325805,0.85,0.5,0.0
0,135000.0,301500.0,23949.0,1,11.739904175222451,0.4,0.5,0.0
0,90000.0,161730.0,11632.5,0,4.158795345653662,0.85,0.6,0.0
1,202500.0,585000.0,29250.0,2,0.35592060232717315,0.4,0.6,1.0
0,90000.0,138204.0,7186.5,0,4.0219028062970565,0.4,0.5,0.0
0,90000.0,157500.0,7875.0,0,3.488021902806297,0.85,0.5,1.0
0,76500.0,180000.0,10332.0,3,25.155373032169745,0.4,0.5,0.0
0,135000.0,661500.0,28026.0,2,7.356605065023956,0.4,0.6,0.0
0,157500.0,193572.0,15421.5,0,0.30116358658453113,0.4,0.5,0.0
0,225000.0,835380.0,40320.0,2,3.8466803559206024,0.85,0.6,0.0
1,90000.0,450000.0,24543.0,0,2.9623545516769334,0.4,0.5,0.0
1,202500.0,427500.0,21375.0,0,2.9952087611225187,0.85,0.5,1.0
0,90000.0,315000.0,16083.0,0,0.3394934976043806,0.4,0.5,0.0
0,225000.0,675000.0,32602.5,1,11.263518138261464,0.85,0.5,0.0
0,81000.0,225000.0,11619.0,0,2.9815195071868583,0.85,0.5,0.0
0,202500.0,1350000.0,39474.0,2,9.481177275838467,0.4,0.5,0.0
0,216000.0,225000.0,11250.0,0,1.7111567419575633,0.85,0.5,1.0
0,225000.0,585000.0,29250.0,0,3.811088295687885,0.4,0.6,1.0
0,54000.0,258709.5,20569.5,1,3.033538672142368,0.4,0.65,0.0
0,157500.0,1078200.0,34780.5,1,5.618069815195072,0.4,0.6,0.0
0,157500.0,450000.0,16807.5,0,9.859000684462696,0.85,0.5,0.0
0,112500.0,180000.0,9000.0,0,1.6947296372347707,0.4,0.5,1.0
0,360000.0,900000.0,45000.0,1,3.7125256673511293,0.85,0.5,1.0
0,202500.0,1058197.5,38137.5,0,23.474332648870636,0.85,0.65,0.0
0,90000.0,900000.0,26446.5,1,2.4531143052703626,0.4,0.5,0.0
0,135000.0,900000.0,26316.0,0,2.631074606433949,0.4,0.5,0.0
0,315000.0,269550.0,24853.5,1,2.48870636550308,0.4,0.5,0.0
0,108000.0,977724.0,29641.5,1,1.1800136892539357,0.85,0.6,0.0
1,90000.0,291915.0,25182.0,0,1.215605749486653,0.4,0.5,0.0
0,396000.0,973503.0,49837.5,0,11.148528405201917,0.85,0.6,0.0
0,112500.0,180000.0,9000.0,2,2.0616016427104724,0.4,0.5,1.0
1,112500.0,436032.0,21339.0,1,3.7645448323066395,0.4,0.5,0.0
0,157500.0,590337.0,27486.0,1,11.323750855578371,0.4,0.6,0.0
0,90000.0,143910.0,16366.5,0,0.28199863107460643,0.4,0.5,0.0
0,157500.0,835380.0,45445.5,1,9.092402464065708,0.4,0.6,0.0
0,229500.0,314100.0,19111.5,0,5.371663244353183,0.4,0.5,0.0
0,135000.0,450000.0,29299.5,0,1.7467488021902806,0.85,0.6,0.0
1,270000.0,665892.0,25933.5,0,4.457221081451061,0.4,0.5,0.0
0,225000.0,172021.5,18657.0,1,8.317590691307323,0.85,0.65,0.0
0,144000.0,625536.0,30222.0,0,12.763860369609857,0.4,0.5,0.0
0,45000.0,276277.5,12298.5,0,9.787816563997263,0.4,0.5,0.0
1,135000.0,344043.0,18792.0,1,1.6509240246406571,0.4,0.5,0.0
0,157500.0,808650.0,29839.5,0,1.6344969199178645,0.4,0.5,0.0
0,112500.0,942300.0,30528.0,0,5.338809034907597,0.4,0.5,0.0
1,67500.0,135000.0,6750.0,1,2.1492128678986995,0.4,0.5,1.0
0,180000.0,137538.0,14724.0,1,9.508555783709788,0.4,0.6,0.0
0,225000.0,675000.0,33750.0,0,2.3928815879534566,0.4,0.6,1.0
0,225000.0,339241.5,16627.5,1,2.3901437371663246,0.4,0.5,0.0
0,112500.0,819432.0,24088.5,1,6.261464750171116,0.4,0.5,0.0
0,180000.0,497520.0,53712.0,0,5.412731006160164,0.4,0.5,0.0
0,144000.0,898326.0,26397.0,0,3.162217659137577,0.85,0.6,0.0
0,90000.0,1006920.0,40063.5,2,11.471594798083505,0.4,0.5,0.0
0,135000.0,640080.0,31261.5,0,3.972621492128679,0.4,0.5,0.0
0,184500.0,533668.5,27378.0,0,10.261464750171116,0.4,0.5,0.0
1,225000.0,288792.0,13590.0,0,1.5249828884325805,0.4,0.5,0.0
0,135000.0,544491.0,21096.0,0,5.552361396303901,0.4,0.5,0.0
0,157500.0,852088.5,33921.0,1,20.372347707049965,0.4,0.65,0.0
1,67500.0,276277.5,14593.5,2,0.7474332648870636,0.4,0.5,0.0
0,292500.0,544500.0,26194.5,0,7.748117727583847,0.4,0.5,0.0
0,135000.0,1102171.5,46827.0,2,6.691307323750856,0.85,0.65,0.0
0,301500.0,630000.0,34177.5,0,13.817932922655714,0.85,0.5,0.0
0,135000.0,552555.0,18391.5,2,21.021218343600275,0.4,0.65,0.0
1,261000.0,1113840.0,43713.0,0,3.2197125256673513,0.4,0.5,0.0
0,112500.0,942300.0,27679.5,0,24.26009582477755,0.4,0.5,0.0
0,270000.0,274779.0,28287.0,1,3.8466803559206024,0.85,0.6,0.0
0,90000.0,284400.0,19134.0,0,3.3675564681724848,0.6,0.6,0.0
0,157500.0,900000.0,46084.5,0,22.390143737166323,0.4,0.5,0.0
0,225000.0,1056447.0,31018.5,0,2.628336755646817,0.85,0.6,0.0
0,270000.0,983299.5,41791.5,0,1.6071184120465434,0.4,0.5,0.0
0,112500.0,106974.0,11650.5,0,6.934976043805612,0.4,0.5,0.0
0,225000.0,247500.0,24480.0,0,2.3874058863791925,0.85,0.5,0.0
0,157500.0,267336.0,10075.5,0,14.726899383983573,0.85,0.6,0.0
0,81000.0,195543.0,14359.5,0,4.125941136208077,0.2,0.5,0.0
0,225000.0,481176.0,24696.0,0,1.593429158110883,0.4,0.5,0.0
1,112500.0,454500.0,27936.0,1,4.930869267624915,0.4,0.5,0.0
0,81000.0,135000.0,13279.5,1,11.219712525667351,0.4,0.5,0.0
0,112500.0,781920.0,42547.5,1,10.061601642710473,0.85,0.5,0.0
0,90000.0,125136.0,7312.5,0,8.950034223134839,0.85,0.5,0.0
0,202500.0,328405.5,23485.5,1,4.717316906228611,0.4,0.5,0.0
0,112500.0,157500.0,14575.5,0,6.537987679671458,0.4,0.6,0.0
0,90000.0,1125000.0,29808.0,0,15.200547570157427,0.85,0.5,0.0
0,90000.0,314055.0,16573.5,0,5.886379192334018,0.4,0.5,0.0
0,157500.0,152820.0,15016.5,2,1.4373716632443532,0.4,0.5,0.0
1,225000.0,255960.0,13383.0,0,5.604380561259411,0.6,0.6,0.0
1,67500.0,180000.0,9000.0,1,6.30527036276523,0.4,0.5,1.0
0,157500.0,95940.0,9486.0,0,25.065023956194388,0.4,0.6,0.0
0,180000.0,1204623.0,64309.5,0,7.17864476386037,0.4,0.5,0.0
0,180000.0,497520.0,36184.5,3,8.687200547570157,0.4,0.5,0.0
0,202500.0,1006920.0,42790.5,1,2.9815195071868583,0.4,0.6,0.0
1,292500.0,675000.0,36747.0,0,7.408624229979466,0.85,0.6,0.0
0,67500.0,381528.0,14512.5,0,6.699520876112252,0.4,0.5,0.0
0,157500.0,1096020.0,56092.5,0,2.48870636550308,0.85,0.5,0.0
0,360000.0,381528.0,22032.0,2,19.40041067761807,0.85,0.5,0.0
0,292500.0,640080.0,29970.0,0,3.132101300479124,0.85,0.6,0.0
0,67500.0,254700.0,16407.0,0,8.224503764544833,0.4,0.5,0.0
0,202500.0,1085994.0,46012.5,0,0.6324435318275154,0.85,0.6,0.0
0,225000.0,454500.0,29515.5,1,11.520876112251882,0.85,0.5,0.0
0,130500.0,505642.5,27558.0,3,15.214236824093087,0.4,0.5,0.0
0,292500.0,1824480.0,57415.5,0,4.465434633812457,0.85,0.65,0.0
1,103500.0,1102171.5,46827.0,0,0.5010266940451745,0.4,0.5,0.0
0,225000.0,254700.0,25321.5,1,2.206707734428474,0.4,0.5,0.0
0,157500.0,450000.0,22500.0,0,14.294318959616701,0.85,0.65,1.0
0,157500.0,862560.0,25348.5,1,8.37782340862423,0.4,0.6,0.0
0,148500.0,180000.0,8788.5,0,39.1895961670089,0.85,0.5,0.0
1,112500.0,265536.0,13684.5,0,2.127310061601643,0.4,0.5,0.0
0,292500.0,675000.0,21906.0,0,9.396303901437372,0.4,0.5,0.0
0,135000.0,1546020.0,45333.0,0,3.1074606433949348,0.85,0.5,0.0
0,135000.0,1019610.0,33826.5,2,2.9021218343600275,0.4,0.5,0.0
0,225000.0,450000.0,21888.0,2,4.008213552361396,0.4,0.5,0.0
0,90000.0,316125.0,12046.5,0,12.016427104722792,0.4,0.6,0.0
0,121500.0,533668.5,25803.0,0,30.26420260095825,0.4,0.5,0.0
0,130500.0,1061599.5,31167.0,1,8.147843942505133,0.4,0.6,0.0
0,157500.0,876154.5,44865.0,0,0.5503080082135524,0.85,0.5,0.0
1,81000.0,247275.0,17716.5,0,1.7631759069130732,0.4,0.5,0.0
1,135000.0,545040.0,25537.5,0,11.323750855578371,0.4,0.5,0.0
0,81000.0,675000.0,21775.5,1,9.201916495550993,0.4,0.5,0.0
0,540000.0,1042560.0,66627.0,2,1.2484599589322383,0.85,0.5,0.0
1,135000.0,545040.0,26509.5,1,1.1498973305954825,0.4,0.5,0.0
1,54000.0,73944.0,4374.0,0,1.2210814510609171,0.4,0.5,0.0
0,1440000.0,675000.0,33750.0,1,0.813141683778234,0.85,0.6,1.0
1,472500.0,592560.0,35806.5,1,2.6858316221765914,0.4,0.5,0.0
1,148500.0,506889.0,40176.0,0,4.843258042436688,0.4,0.6,0.0
0,157500.0,679500.0,26946.0,0,8.577686516084873,0.4,0.6,0.0
1,292500.0,625536.0,30222.0,1,20.197125256673512,0.4,0.5,0.0
0,261000.0,675000.0,33750.0,2,3.482546201232033,0.85,0.5,1.0
0,180000.0,625536.0,25245.0,2,7.964407939767283,0.85,0.65,0.0
0,135000.0,52128.0,6025.5,0,6.245037645448323,0.4,0.5,0.0
0,202500.0,823500.0,29304.0,0,4.240930869267625,0.4,0.6,0.0
0,180000.0,143910.0,15399.0,0,1.754962354551677,0.4,0.6,0.0
0,112500.0,835380.0,36927.0,1,1.160848733744011,0.4,0.5,0.0
0,270000.0,270000.0,13500.0,1,12.487337440109513,0.85,0.5,1.0
0,99000.0,754740.0,20038.5,3,1.2758384668035592,0.85,0.65,0.0
0,67500.0,291915.0,23053.5,2,7.425051334702259,0.4,0.5,0.0
0,189000.0,521280.0,35392.5,0,7.12662559890486,0.4,0.5,0.0
0,148500.0,562491.0,27189.0,0,1.0704996577686516,0.4,0.5,0.0
0,180000.0,497520.0,52920.0,1,3.277207392197125,0.85,0.6,0.0
1,180000.0,948582.0,30600.0,0,2.308008213552361,0.4,0.5,0.0
1,112500.0,422802.0,25996.5,0,10.989733059548255,0.6,0.5,0.0
0,135000.0,180000.0,9000.0,0,2.1601642710472277,0.6,0.6,1.0
0,135000.0,76410.0,6165.0,0,5.13347022587269,0.4,0.5,0.0
0,54000.0,180000.0,9423.0,0,0.3613963039014374,0.85,0.5,0.0
0,90000.0,215640.0,14715.0,0,1.5550992470910336,0.4,0.5,0.0
0,202500.0,1024740.0,55588.5,1,2.485968514715948,0.4,0.6,0.0
1,90000.0,1256400.0,36864.0,0,0.7529089664613279,0.85,0.5,0.0
0,225000.0,495000.0,24750.0,1,4.407939767282683,0.4,0.5,1.0
1,202500.0,497520.0,39438.0,0,2.11088295687885,0.4,0.5,0.0
0,174600.0,269550.0,14751.0,1,8.580424366872005,0.4,0.5,0.0
0,112500.0,499221.0,25618.5,1,5.401779603011636,0.4,0.5,0.0
0,225000.0,485640.0,41674.5,1,3.7097878165639973,0.4,0.5,0.0
0,42750.0,441481.5,20709.0,2,2.565366187542779,0.4,0.6,0.0
0,112500.0,1078200.0,31653.0,0,5.371663244353183,0.4,0.5,0.0
0,112500.0,229230.0,22801.5,2,7.904175222450377,0.85,0.5,0.0
0,292500.0,720000.0,36000.0,0,7.000684462696783,0.4,0.5,1.0
0,225000.0,1350000.0,39604.5,0,10.976043805612594,0.4,0.5,0.0
0,180000.0,1113840.0,47322.0,1,11.605749486652977,0.4,0.5,0.0
0,157500.0,284400.0,22599.0,2,1.5058179329226558,0.4,0.5,0.0
0,157500.0,144396.0,6727.5,0,7.069130732375085,0.4,0.6,0.0
0,103500.0,332473.5,16168.5,0,0.30937713894592744,0.85,0.5,0.0
1,72000.0,138204.0,7627.5,1,6.691307323750856,0.4,0.6,0.0
1,72000.0,314100.0,12420.0,1,10.094455852156058,0.4,0.5,0.0
0,180000.0,414792.0,21177.0,0,10.781656399726215,0.4,0.5,0.0
1,225000.0,986418.0,50494.5,0,9.059548254620124,0.4,0.5,0.0
0,112500.0,855000.0,43785.0,1,3.433264887063655,0.85,0.5,0.0
0,360000.0,1350000.0,39474.0,0,0.9500342231348392,0.4,0.5,0.0
0,112500.0,1125000.0,33025.5,0,13.325119780971937,0.4,0.5,0.0
0,270000.0,1515415.5,40104.0,0,10.149212867898699,0.4,0.65,0.0
0,90000.0,723996.0,30802.5,1,1.9383983572895278,0.4,0.5,0.0
0,135000.0,252000.0,20038.5,0,2.535249828884326,0.4,0.5,0.0
0,207000.0,679500.0,64516.5,0,4.87337440109514,0.85,0.6,0.0
0,630000.0,728460.0,76626.0,0,8.54757015742642,0.4,0.65,0.0
0,90000.0,167076.0,11880.0,1,3.1129363449691994,0.85,0.6,0.0
0,81000.0,634482.0,20596.5,0,5.905544147843942,0.4,0.5,0.0
0,126000.0,780363.0,31077.0,0,12.112251882272416,0.4,0.5,0.0
0,469800.0,2475000.0,65290.5,1,10.075290896646132,0.85,0.6,0.0
0,202500.0,339948.0,36742.5,0,3.4086242299794662,0.85,0.6,0.0
0,162000.0,545040.0,25537.5,0,5.861738535249829,0.4,0.5,0.0
0,270000.0,254700.0,24939.0,1,11.107460643394935,0.85,0.65,0.0
0,135000.0,450000.0,23107.5,1,8.955509924709103,0.4,0.65,0.0
0,225000.0,254700.0,25321.5,2,0.5366187542778919,0.6,0.6,0.0
0,180000.0,986553.0,28975.5,1,1.9329226557152634,0.6,0.6,0.0
0,450000.0,1030680.0,65997.0,0,14.877481177275838,0.4,0.5,0.0
0,247500.0,536917.5,22878.0,0,12.648870636550308,0.85,0.6,0.0
0,90000.0,513531.0,22747.5,0,27.641341546885695,0.4,0.65,0.0
0,135000.0,1303812.0,38250.0,1,2.209445585215606,0.4,0.5,0.0
0,225000.0,384048.0,18810.0,2,6.787132101300479,0.4,0.5,0.0
0,202500.0,808650.0,26217.0,1,4.2819986310746065,0.4,0.6,0.0
0,90000.0,314100.0,16164.0,2,4.80766598220397,0.4,0.6,0.0
0,157500.0,781920.0,28215.0,0,2.6913073237508556,0.4,0.5,0.0
0,171000.0,314055.0,17167.5,0,12.361396303901437,0.4,0.5,0.0
1,63000.0,211500.0,10417.5,2,4.643394934976044,0.85,0.5,0.0
0,148500.0,640080.0,29970.0,0,2.2669404517453797,0.2,0.5,0.0
0,135000.0,1256400.0,36864.0,0,3.0910335386721424,0.4,0.65,0.0
0,112500.0,312678.0,23508.0,0,0.2135523613963039,0.4,0.6,0.0
0,139500.0,283585.5,18594.0,0,3.8357289527720737,0.4,0.5,0.0
0,67500.0,180000.0,9000.0,0,3.7344284736481863,0.4,0.5,1.0
0,270000.0,250614.0,18868.5,2,5.229295003422314,0.4,0.5,0.0
1,202500.0,640080.0,29970.0,1,1.0376454483230664,0.4,0.5,0.0
0,180000.0,621900.0,49266.0,1,4.136892539356605,0.4,0.5,0.0
1,112500.0,450000.0,21109.5,0,4.862422997946612,0.4,0.5,0.0
1,225000.0,261000.0,12685.5,1,6.781656399726215,0.85,0.5,0.0
0,360000.0,711612.0,22954.5,0,4.59958932238193,0.85,0.6,0.0
0,283500.0,2517300.0,66532.5,0,0.6132785763175906,0.4,0.5,0.0
0,135000.0,848745.0,43335.0,3,9.883641341546886,0.6,0.5,0.0
1,157500.0,586377.0,47011.5,0,0.6297056810403833,0.4,0.6,0.0
0,225000.0,270000.0,13500.0,1,4.369609856262834,0.85,0.5,1.0
0,90000.0,405000.0,20250.0,0,4.145106091718001,0.4,0.5,1.0
1,247500.0,1078200.0,31522.5,0,2.6009582477754964,0.4,0.5,0.0
0,202500.0,1903023.0,52461.0,0,34.573579739904176,0.4,0.65,0.0
0,225000.0,1546020.0,45333.0,2,6.976043805612594,0.85,0.5,0.0
0,112500.0,251280.0,13284.0,1,3.3073237508555784,0.2,0.6,0.0
0,157500.0,761067.0,27468.0,1,11.471594798083505,0.4,0.5,0.0
1,58500.0,629325.0,26793.0,2,0.32854209445585214,0.4,0.5,0.0
1,360000.0,278460.0,25668.0,0,9.084188911704311,0.85,0.5,0.0
0,121500.0,343800.0,13090.5,2,6.308008213552362,0.4,0.6,0.0
0,202500.0,170640.0,11533.5,0,6.050650239561944,0.4,0.5,0.0
0,103500.0,808650.0,23773.5,0,12.046543463381246,0.4,0.5,0.0
1,157500.0,135000.0,6750.0,1,2.9295003422313486,0.4,0.5,1.0
0,112500.0,226908.0,10705.5,0,2.8227241615331966,0.4,0.5,0.0
0,180000.0,337500.0,16875.0,1,10.3709787816564,0.85,0.6,1.0
0,90000.0,490495.5,27517.5,0,8.550308008213552,0.6,0.5,0.0
0,225000.0,746280.0,59094.0,0,5.9575633127994525,0.85,0.5,0.0
0,157500.0,533668.5,25803.0,1,0.6817248459958932,0.4,0.5,0.0
0,157500.0,180000.0,9000.0,0,3.3155373032169746,0.4,0.5,1.0
0,81000.0,225000.0,8482.5,0,2.9075975359342916,0.4,0.5,0.0
0,202500.0,416052.0,19525.5,2,2.349075975359343,0.85,0.5,0.0
0,180000.0,755190.0,33394.5,0,8.383299110198495,0.4,0.5,0.0
0,315000.0,1125000.0,36423.0,0,10.570841889117043,0.85,0.6,0.0
0,337500.0,1527579.0,49774.5,0,1.9137577002053388,0.4,0.6,0.0
1,189000.0,76500.0,8365.5,0,3.4934976043805612,0.4,0.6,0.0
0,135000.0,280332.0,24187.5,0,0.46269678302532513,0.85,0.5,0.0
0,157500.0,270000.0,13500.0,2,6.036960985626283,0.4,0.6,1.0
0,112500.0,342000.0,17590.5,0,9.979466119096509,0.85,0.5,0.0
1,112500.0,539059.5,36022.5,1,3.3867214236824092,0.4,0.6,0.0
0,360000.0,301464.0,7951.5,0,2.1601642710472277,0.85,0.65,0.0
0,166500.0,835380.0,35523.0,0,0.3613963039014374,0.85,0.5,0.0
0,270000.0,1483231.5,51556.5,0,0.9828884325804244,0.4,0.5,0.0
0,112500.0,900000.0,38263.5,0,10.004106776180699,0.4,0.6,0.0
0,225000.0,722290.5,57195.0,2,18.11088295687885,0.4,0.5,0.0
0,270000.0,497520.0,39438.0,0,5.174537987679671,0.4,0.5,0.0
0,112500.0,75474.0,7051.5,0,3.4277891854893907,0.4,0.5,0.0
0,202500.0,545040.0,26640.0,0,2.3572895277207393,0.4,0.5,0.0
0,202500.0,180000.0,9000.0,1,2.921286789869952,0.85,0.5,1.0
0,225000.0,948055.5,51561.0,1,3.0855578370978782,0.4,0.5,0.0
0,153000.0,450000.0,35554.5,0,1.1991786447638604,0.4,0.5,0.0
0,117000.0,237204.0,12996.0,0,15.885010266940451,0.4,0.5,0.0
1,180000.0,970380.0,28503.0,1,0.6160164271047228,0.4,0.6,0.0
0,112500.0,765000.0,38250.0,0,3.789185489390828,0.4,0.5,1.0
0,184500.0,1317357.0,50305.5,0,2.1820670773442847,0.4,0.6,0.0
0,135000.0,1092190.5,46404.0,0,0.5366187542778919,0.4,0.5,0.0
0,112500.0,414792.0,18400.5,1,4.561259411362081,0.4,0.5,0.0
0,49500.0,239850.0,25447.5,1,1.78507871321013,0.4,0.5,0.0
0,450000.0,1354500.0,37377.0,2,1.7987679671457906,0.4,0.6,0.0
0,157500.0,378117.0,21703.5,1,8.232717316906228,0.85,0.5,0.0
0,202500.0,746280.0,59094.0,0,4.098562628336755,0.85,0.5,0.0
0,135000.0,405000.0,20250.0,1,8.27378507871321,0.4,0.5,1.0
0,270000.0,521280.0,27423.0,0,1.2621492128678986,0.4,0.5,0.0
0,112500.0,112500.0,13482.0,0,1.5523613963039014,0.4,0.5,0.0
0,135000.0,630747.0,18571.5,0,4.1095140314852845,0.4,0.5,0.0
0,63000.0,225000.0,11250.0,0,11.644079397672828,0.4,0.5,1.0
0,247500.0,813195.0,27004.5,0,4.717316906228611,0.85,0.5,0.0
0,90000.0,450000.0,21888.0,1,3.592060232717317,0.4,0.5,0.0
0,306000.0,450000.0,21109.5,0,2.00684462696783,0.4,0.6,0.0
1,135000.0,360000.0,23004.0,1,6.0424366872005475,0.4,0.5,0.0
1,157500.0,653328.0,21204.0,2,1.2758384668035592,0.4,0.5,0.0
0,67500.0,1125000.0,32895.0,2,3.326488706365503,0.6,0.5,0.0
0,247500.0,562491.0,23962.5,0,20.177960301163587,0.4,0.5,0.0
0,148500.0,900000.0,38263.5,1,4.459958932238193,0.4,0.65,0.0
0,103500.0,270000.0,13500.0,1,6.655715263518139,0.85,0.65,1.0
0,108000.0,231813.0,16614.0,2,5.215605749486653,0.4,0.5,0.0
0,135000.0,753840.0,24448.5,0,20.11498973305955,0.85,0.5,0.0
0,149796.0,225000.0,22027.5,0,1.8042436687200547,0.6,0.6,0.0
0,103500.0,540000.0,26109.0,1,3.4086242299794662,0.4,0.5,0.0
0,270000.0,540000.0,19966.5,0,10.499657768651609,0.4,0.5,0.0
0,112500.0,521280.0,28278.0,1,0.31211498973305957,0.4,0.6,0.0
0,189000.0,1154565.0,35136.0,0,5.007529089664613,0.4,0.6,0.0
0,225000.0,630000.0,42102.0,0,21.598904859685145,0.4,0.5,0.0
0,90000.0,592560.0,31153.5,1,2.726899383983573,0.4,0.5,0.0
0,360000.0,1024740.0,45139.5,0,10.559890485968515,0.85,0.5,0.0
0,101700.0,450000.0,17271.0,0,8.019164955509925,0.4,0.6,0.0
0,135000.0,286704.0,26424.0,2,8.323066392881588,0.4,0.5,0.0
0,103500.0,1408113.0,37273.5,0,7.723477070499658,0.4,0.5,0.0
0,67500.0,646920.0,19044.0,2,8.865160848733744,0.4,0.5,0.0
0,146250.0,786505.5,42795.0,1,1.1498973305954825,0.4,0.65,0.0
0,180000.0,180000.0,9000.0,0,2.735112936344969,0.4,0.65,1.0
0,135000.0,810000.0,23683.5,1,4.876112251882272,0.4,0.5,0.0
1,135000.0,355536.0,14611.5,0,0.32306639288158795,0.4,0.6,0.0
0,315000.0,728460.0,48811.5,0,2.414784394250513,0.4,0.6,0.0
0,180000.0,835380.0,36927.0,0,10.234086242299794,0.4,0.5,0.0
0,67500.0,384048.0,18031.5,0,1.2511978097193703,0.4,0.5,0.0
0,76500.0,573628.5,24304.5,2,9.018480492813142,0.4,0.5,0.0
0,292500.0,1372500.0,43096.5,1,15.0362765229295,0.85,0.5,0.0
0,81000.0,180000.0,19030.5,2,8.123203285420944,0.4,0.5,0.0
0,144000.0,1223010.0,51948.0,0,9.71937029431896,0.4,0.5,0.0
0,180000.0,562932.0,30667.5,0,1.4483230663928817,0.4,0.5,0.0
0,360000.0,1303812.0,38250.0,0,20.268309377138944,0.85,0.65,0.0
0,135000.0,531265.5,20155.5,0,2.6365503080082138,0.4,0.5,0.0
1,292500.0,393354.0,44617.5,0,1.434633812457221,0.85,0.5,0.0
0,202500.0,545040.0,25537.5,0,3.3073237508555784,0.4,0.5,0.0
0,315000.0,662026.5,36045.0,0,13.744010951403148,0.4,0.6,0.0
1,135000.0,485190.0,24772.5,0,1.6591375770020533,0.4,0.5,0.0
0,85500.0,135000.0,6750.0,1,0.2600958247775496,0.4,0.5,1.0
0,157500.0,254700.0,27558.0,0,2.841889117043121,0.85,0.6,0.0
0,63000.0,225000.0,18171.0,1,0.33675564681724846,0.4,0.5,0.0
0,225000.0,780363.0,35392.5,0,5.650924024640657,0.4,0.6,0.0
1,67500.0,521280.0,26613.0,0,3.3182751540041067,0.4,0.5,0.0
0,270000.0,180000.0,9000.0,0,6.543463381245722,0.4,0.65,1.0
0,202500.0,364896.0,19926.0,3,1.3990417522245038,0.4,0.6,0.0
0,112500.0,103500.0,11704.5,1,0.5393566050650239,0.85,0.6,0.0
0,112500.0,315000.0,21438.0,0,4.958247775496235,0.4,0.5,0.0
0,540000.0,418743.0,33214.5,0,7.991786447638604,0.4,0.5,0.0
0,135000.0,665892.0,21478.5,2,3.3100616016427105,0.4,0.6,0.0
0,126000.0,942300.0,27549.0,3,6.335386721423682,0.85,0.65,0.0
1,135000.0,490536.0,23989.5,0,2.1464750171115674,0.4,0.5,0.0
0,202500.0,263686.5,24529.5,0,2.6913073237508556,0.4,0.5,0.0
0,67500.0,197820.0,15664.5,1,10.55441478439425,0.4,0.5,0.0
0,225000.0,382500.0,19125.0,0,0.8432580424366872,0.4,0.6,1.0
0,202500.0,221832.0,16204.5,0,1.5824777549623545,0.85,0.5,0.0
0,72000.0,244584.0,11893.5,0,1.842573579739904,0.4,0.5,0.0
0,180000.0,540000.0,17419.5,0,5.196440793976728,0.4,0.5,0.0
0,315000.0,1506816.0,49927.5,1,3.241615331964408,0.4,0.65,0.0
0,135000.0,346500.0,13189.5,0,3.4934976043805612,0.4,0.5,0.0
0,202500.0,444420.0,24237.0,1,4.791238877481177,0.4,0.5,0.0
0,202500.0,119448.0,9567.0,0,1.8453114305270362,0.4,0.6,0.0
0,225000.0,170640.0,11034.0,0,2.924024640657084,0.85,0.6,0.0
0,135000.0,760225.5,30150.0,0,2.1711156741957565,0.4,0.5,0.0
0,180000.0,315000.0,16213.5,0,1.3880903490759753,0.4,0.65,0.0
0,180000.0,966555.0,51628.5,2,0.7994524298425736,0.4,0.5,0.0
0,67500.0,202500.0,10125.0,1,2.3874058863791925,0.4,0.5,1.0
0,202500.0,225000.0,26703.0,0,1.8069815195071868,0.4,0.5,0.0
0,180000.0,270000.0,13500.0,0,1.516769336071184,0.85,0.5,1.0
0,90000.0,819000.0,24075.0,1,1.136208076659822,0.4,0.5,0.0
0,202500.0,528633.0,38817.0,0,6.98425735797399,0.4,0.5,0.0
0,112500.0,337500.0,16875.0,1,1.111567419575633,0.4,0.5,1.0
0,130500.0,1080000.0,34839.0,0,5.256673511293634,0.4,0.5,0.0
1,90000.0,544068.0,26590.5,1,8.44079397672827,0.4,0.5,0.0
0,211500.0,1379376.0,40459.5,0,0.26283367556468173,0.4,0.6,0.0
0,67500.0,314100.0,16573.5,0,1.2019164955509924,0.2,0.5,0.0
0,112500.0,247500.0,12375.0,2,8.714579055441478,0.4,0.6,1.0
0,67500.0,1125000.0,33025.5,0,1.1690622861054072,0.4,0.5,0.0
0,225000.0,577413.0,27909.0,1,2.299794661190965,0.4,0.6,0.0
0,135000.0,254700.0,16276.5,0,1.6919917864476386,0.4,0.6,0.0
0,135000.0,700830.0,22738.5,0,34.62833675564682,0.85,0.5,0.0
0,157500.0,312768.0,26887.5,2,6.236824093086927,0.4,0.5,0.0
0,135000.0,1223010.0,48496.5,0,2.439425051334702,0.85,0.5,0.0
0,135000.0,540000.0,17419.5,0,6.291581108829569,0.4,0.6,0.0
0,81000.0,545040.0,20547.0,0,7.879534565366187,0.85,0.5,0.0
1,135000.0,450000.0,21888.0,0,2.42299794661191,0.4,0.5,0.0
0,180000.0,1023966.0,33160.5,0,4.958247775496235,0.85,0.6,0.0
0,225000.0,735804.0,26559.0,0,19.88501026694045,0.4,0.5,0.0
0,135000.0,1006920.0,51412.5,1,7.715263518138261,0.4,0.5,0.0
0,67500.0,261000.0,13455.0,0,1.3880903490759753,0.4,0.5,0.0
0,153000.0,135000.0,7020.0,0,10.242299794661191,0.4,0.6,0.0
0,315000.0,380371.5,37183.5,0,8.892539356605065,0.4,0.5,0.0
0,135000.0,180000.0,9000.0,0,2.321697467488022,0.4,0.6,1.0
1,126000.0,781920.0,31392.0,0,2.5817932922655715,0.4,0.5,0.0
0,135000.0,413235.0,32778.0,1,11.247091033538672,0.4,0.5,0.0
0,360000.0,1249740.0,64840.5,0,12.432580424366872,0.4,0.6,0.0
0,67500.0,277969.5,13086.0,0,1.0130047912388775,0.6,0.6,0.0
0,112500.0,675000.0,34596.0,1,0.4490075290896646,0.85,0.5,0.0
0,67500.0,188685.0,10363.5,2,3.5181382614647503,0.4,0.5,0.0
0,76500.0,135000.0,11583.0,0,7.863107460643395,0.4,0.5,0.0
0,360000.0,1357150.5,91062.0,0,11.082819986310746,0.4,0.6,0.0
0,112500.0,448056.0,16888.5,0,3.7508555783709787,0.4,0.5,0.0
0,180000.0,1288350.0,37669.5,0,8.331279945242985,0.4,0.6,0.0
0,360000.0,1084500.0,60687.0,0,4.544832306639288,0.85,0.5,0.0
0,157500.0,505066.5,49333.5,1,1.297741273100616,0.4,0.5,0.0
0,70200.0,521280.0,22216.5,1,7.474332648870637,0.4,0.5,0.0
0,135000.0,394303.5,31743.0,0,5.801505817932923,0.4,0.5,0.0
1,180000.0,604152.0,24606.0,0,0.5557837097878165,0.85,0.6,0.0
0,180000.0,1078200.0,31653.0,1,5.557837097878165,0.85,0.5,0.0
0,81000.0,247500.0,12375.0,0,25.880903490759753,0.85,0.5,1.0
0,180000.0,177903.0,13896.0,0,11.85763175906913,0.4,0.6,0.0
0,112500.0,1027327.5,40873.5,0,0.9856262833675564,0.4,0.5,0.0
0,540000.0,906228.0,36067.5,1,3.756331279945243,0.4,0.6,0.0
0,112500.0,177768.0,11488.5,0,1.4428473648186173,0.4,0.5,0.0
0,135000.0,1078200.0,31653.0,2,12.501026694045175,0.4,0.5,0.0
0,135000.0,143910.0,15268.5,1,4.251882272416153,0.4,0.5,0.0
0,270000.0,675000.0,17806.5,1,0.42984257357973993,0.4,0.5,0.0
0,112500.0,900000.0,26446.5,0,14.127310061601642,0.4,0.5,0.0
0,112500.0,202500.0,10125.0,0,2.729637234770705,0.6,0.5,1.0
0,121500.0,50940.0,5535.0,1,10.967830253251197,0.4,0.5,0.0
0,135000.0,305640.0,32913.0,0,7.655030800821355,0.4,0.5,0.0
0,81000.0,229500.0,15525.0,0,0.5667351129363449,0.4,0.5,0.0
0,112500.0,252000.0,26590.5,0,0.47091033538672145,0.4,0.5,0.0
0,112500.0,808650.0,31464.0,0,4.454483230663929,0.4,0.5,0.0
0,225000.0,590337.0,25141.5,0,4.060232717316906,0.4,0.6,0.0
1,135000.0,417024.0,21420.0,0,0.3258042436687201,0.4,0.5,0.0
0,180000.0,1080000.0,72598.5,0,12.013689253935661,0.4,0.5,0.0
0,81000.0,180000.0,9000.0,1,1.51129363449692,0.4,0.5,1.0
0,225000.0,545040.0,36423.0,1,0.4024640657084189,0.4,0.65,0.0
0,99000.0,180000.0,14265.0,1,1.0075290896646132,0.4,0.5,0.0
0,103500.0,675000.0,23071.5,0,3.917864476386037,0.4,0.5,0.0
1,54000.0,180000.0,9000.0,3,3.3292265571526354,0.4,0.5,1.0
0,135000.0,691020.0,22288.5,0,4.060232717316906,0.4,0.5,0.0
0,112500.0,576000.0,17590.5,0,21.596167008898014,0.4,0.65,0.0
0,225000.0,450000.0,20979.0,0,4.837782340862423,0.85,0.6,0.0
0,103500.0,337500.0,16546.5,1,4.692676249144422,0.4,0.6,0.0
0,112500.0,254700.0,30357.0,0,5.089664613278576,0.2,0.5,0.0
1,72000.0,47970.0,5166.0,1,3.154004106776181,0.4,0.5,0.0
0,45000.0,544491.0,15916.5,1,6.614647501711157,0.4,0.5,0.0
0,90000.0,450000.0,30073.5,0,2.535249828884326,0.4,0.5,0.0
0,135000.0,1125000.0,33025.5,2,1.3607118412046544,0.4,0.5,0.0
0,261000.0,497520.0,52920.0,0,1.9931553730321698,0.85,0.6,0.0
0,135000.0,450000.0,41404.5,1,0.6516084873374401,0.6,0.5,0.0
0,180000.0,310500.0,12775.5,0,5.724845995893224,0.4,0.5,0.0
0,202500.0,927612.0,59283.0,0,4.079397672826831,0.85,0.5,0.0
0,315000.0,1035832.5,33412.5,0,4.383299110198494,0.85,0.5,0.0
0,180000.0,254700.0,18531.0,0,13.987679671457906,0.85,0.5,0.0
0,157500.0,815733.0,29430.0,0,3.997262149212868,0.4,0.6,0.0
1,360000.0,1288350.0,37800.0,0,0.7255304585900069,0.85,0.5,0.0
0,157500.0,315000.0,11313.0,0,9.27583846680356,0.85,0.5,0.0
0,180000.0,1056447.0,31018.5,0,2.4449007529089664,0.4,0.5,0.0
0,292500.0,1293502.5,35568.0,0,0.75564681724846,0.4,0.5,0.0
0,202500.0,332946.0,16146.0,0,18.611909650924023,0.85,0.6,0.0
0,270000.0,732915.0,77089.5,3,1.593429158110883,0.85,0.5,0.0
0,202500.0,956574.0,43357.5,0,5.557837097878165,0.4,0.5,0.0
0,157500.0,225000.0,11250.0,0,36.43805612594114,0.4,0.65,1.0
0,112500.0,585000.0,21010.5,2,19.184120465434635,0.4,0.5,0.0
0,315000.0,706500.0,25159.5,2,6.535249828884326,0.4,0.5,0.0
1,180000.0,521280.0,31630.5,0,1.7686516084873374,0.4,0.5,0.0
0,90000.0,112500.0,7515.0,0,2.861054072553046,0.85,0.65,0.0
1,189000.0,270000.0,13500.0,0,2.7789185489390826,0.4,0.5,1.0
0,144000.0,247675.5,26136.0,0,3.1978097193702943,0.4,0.5,0.0
0,157500.0,122256.0,14638.5,0,1.4647501711156743,0.4,0.5,0.0
1,157500.0,675000.0,32472.0,1,3.9616700889801506,0.4,0.5,0.0
0,112500.0,1078200.0,31653.0,0,3.4496919917864477,0.4,0.5,0.0
1,112500.0,360000.0,28570.5,0,5.623545516769336,0.4,0.5,0.0
1,180000.0,545040.0,26509.5,2,2.924024640657084,0.4,0.5,0.0
0,202500.0,450000.0,22500.0,1,5.295003422313484,0.85,0.5,1.0
0,112500.0,263686.5,14854.5,0,5.2648870636550305,0.4,0.6,0.0
0,315000.0,1251211.5,53140.5,0,14.847364818617386,0.85,0.6,0.0
0,315000.0,180000.0,9000.0,1,0.917180013689254,0.4,0.6,1.0
0,360000.0,1800000.0,49500.0,0,1.3634496919917864,0.4,0.5,0.0
1,225000.0,675000.0,45238.5,2,4.731006160164271,0.4,0.5,0.0
0,112500.0,364896.0,19233.0,1,2.943189596167009,0.85,0.65,0.0
1,67500.0,592560.0,32274.0,2,2.6858316221765914,0.4,0.5,0.0
0,247500.0,619254.0,29920.5,0,6.685831622176591,0.4,0.6,0.0
0,135000.0,327024.0,21289.5,1,0.8542094455852156,0.4,0.5,0.0
0,225000.0,331632.0,32931.0,1,1.757700205338809,0.85,0.6,0.0
0,157500.0,270000.0,13500.0,1,0.892539356605065,0.4,0.6,1.0
1,360000.0,601470.0,32760.0,1,3.2224503764544834,0.85,0.6,0.0
0,121500.0,808650.0,23643.0,2,5.9137577002053385,0.4,0.5,0.0
0,135000.0,229230.0,24817.5,1,5.555099247091033,0.85,0.5,0.0
0,180000.0,1292053.5,46539.0,0,29.968514715947983,0.85,0.6,0.0
0,360000.0,835380.0,40320.0,0,2.6803559206023273,0.85,0.5,0.0
0,180000.0,474183.0,30433.5,0,1.9055441478439425,0.4,0.6,0.0
0,67500.0,675000.0,41427.0,0,2.598220396988364,0.4,0.5,0.0
0,202500.0,1504791.0,48672.0,0,3.6878850102669403,0.85,0.5,0.0
0,292500.0,649462.5,24736.5,0,1.0650239561943875,0.4,0.5,0.0
0,180000.0,526491.0,32337.0,0,0.3586584531143053,0.85,0.5,0.0
0,90000.0,1288350.0,41692.5,0,6.4284736481861735,0.4,0.5,0.0
0,141750.0,808650.0,26217.0,1,13.119780971937029,0.4,0.5,0.0
1,157500.0,1256400.0,44644.5,0,0.3066392881587953,0.4,0.5,0.0
0,103500.0,824823.0,24246.0,0,3.6084873374401094,0.85,0.5,0.0
0,99000.0,545040.0,26640.0,0,5.270362765229295,0.4,0.5,0.0
0,157500.0,877500.0,28305.0,2,8.013689253935661,0.85,0.5,0.0
0,117000.0,450000.0,35685.0,1,2.8720054757015743,0.4,0.5,0.0
0,67500.0,135000.0,6750.0,2,0.35592060232717315,0.4,0.5,1.0
0,202500.0,1288350.0,34114.5,0,5.631759069130732,0.85,0.65,0.0
0,108000.0,604152.0,29065.5,0,6.0041067761806985,0.4,0.65,0.0
1,135000.0,405000.0,20250.0,0,18.622861054072555,0.4,0.5,1.0
0,225000.0,1288350.0,37669.5,0,4.271047227926078,0.4,0.5,0.0
0,225000.0,545040.0,25537.5,0,11.496235455167694,0.4,0.65,0.0
0,81000.0,396171.0,21492.0,0,1.163586584531143,0.4,0.5,0.0
0,135000.0,441657.0,20718.0,0,10.787132101300479,0.4,0.5,0.0
0,112500.0,807984.0,26833.5,0,10.546201232032855,0.4,0.6,0.0
0,450000.0,808650.0,26217.0,0,9.201916495550993,0.85,0.6,0.0
0,112500.0,1288350.0,37669.5,0,3.6057494866529773,0.4,0.6,0.0
0,135000.0,1255680.0,41629.5,0,4.829568788501026,0.4,0.6,0.0
0,180000.0,1006920.0,42790.5,0,12.881587953456537,0.4,0.5,0.0
0,157500.0,630000.0,16749.0,0,5.6125941136208075,0.4,0.5,0.0
0,45000.0,180000.0,9000.0,0,1.0704996577686516,0.6,0.5,1.0
1,225000.0,679500.0,28917.0,0,12.97741273100616,0.4,0.6,0.0
0,270000.0,755190.0,36459.0,0,5.330595482546201,0.85,0.6,0.0
0,90000.0,545040.0,35617.5,0,1.4236824093086926,0.85,0.6,0.0
0,135000.0,755190.0,38740.5,3,2.965092402464066,0.4,0.5,0.0
0,135000.0,270000.0,13500.0,1,1.8316221765913758,0.85,0.5,1.0
0,216000.0,675000.0,32602.5,1,11.950718685831623,0.4,0.5,0.0
1,90000.0,135000.0,6750.0,0,1.0130047912388775,0.4,0.5,1.0
1,180000.0,269550.0,12001.5,1,3.1512662559890487,0.4,0.65,0.0
1,382500.0,663093.0,25821.0,0,14.193018480492814,0.4,0.5,0.0
0,202500.0,916470.0,29695.5,0,7.603011635865846,0.85,0.5,0.0
0,202500.0,755190.0,31995.0,2,1.1471594798083504,0.4,0.5,0.0
0,315000.0,270000.0,13500.0,0,4.714579055441479,0.85,0.65,1.0
0,180000.0,938304.0,50121.0,1,1.8507871321013005,0.4,0.5,0.0
0,90000.0,182016.0,12294.0,1,9.585215605749486,0.4,0.5,0.0
0,225000.0,1528200.0,53248.5,2,6.535249828884326,0.4,0.5,0.0
0,225000.0,202500.0,10125.0,0,1.215605749486653,0.4,0.6,1.0
1,180000.0,269550.0,24853.5,0,2.3983572895277208,0.4,0.6,0.0
0,103500.0,273636.0,27193.5,1,8.917180013689254,0.4,0.5,0.0
0,270000.0,1540867.5,45184.5,0,11.249828884325805,0.85,0.65,0.0
0,115020.0,1270746.0,42124.5,1,1.2402464065708418,0.85,0.65,0.0
0,126000.0,135000.0,14454.0,1,4.27378507871321,0.4,0.65,0.0
1,211500.0,808650.0,26086.5,0,1.1252566735112937,0.4,0.5,0.0
0,90000.0,448056.0,21015.0,1,4.747433264887063,0.4,0.5,0.0
0,225000.0,675000.0,26284.5,2,5.147159479808351,0.4,0.5,0.0
1,90000.0,1080000.0,31576.5,0,3.3648186173853527,0.4,0.5,0.0
0,270000.0,473760.0,50400.0,0,6.570841889117043,0.85,0.6,0.0
0,157500.0,312768.0,17095.5,0,4.791238877481177,0.4,0.5,0.0
1,139500.0,277969.5,13518.0,1,16.147843942505133,0.4,0.5,0.0
1,135000.0,1078200.0,34911.0,2,2.1574264202600957,0.4,0.6,0.0
1,135000.0,501435.0,33637.5,2,3.685147159479808,0.4,0.5,0.0
0,85500.0,135000.0,7452.0,2,2.537987679671458,0.4,0.5,0.0
0,81000.0,112500.0,11254.5,0,8.177960301163587,0.4,0.5,0.0
0,450000.0,1054935.0,44824.5,1,8.383299110198495,0.4,0.6,0.0
0,90000.0,592560.0,31153.5,2,8.101300479123887,0.4,0.6,0.0
0,225000.0,270000.0,13500.0,0,3.597535934291581,0.4,0.5,1.0
0,225000.0,450000.0,22500.0,0,2.7871321013004793,0.85,0.6,1.0
0,90000.0,256500.0,14854.5,1,1.6454483230663928,0.4,0.6,0.0
0,157500.0,675000.0,26284.5,0,3.917864476386037,0.4,0.5,0.0
0,175500.0,675000.0,48136.5,0,1.8015058179329226,0.4,0.5,0.0
0,90000.0,753840.0,24448.5,0,2.86652977412731,0.4,0.5,0.0
0,207000.0,523237.5,18922.5,0,16.50924024640657,0.6,0.5,0.0
0,103500.0,423000.0,11286.0,2,3.2799452429842573,0.4,0.5,0.0
1,90000.0,338832.0,22918.5,1,1.6290212183436004,0.4,0.6,0.0
0,112500.0,468121.5,31797.0,1,7.737166324435318,0.4,0.5,0.0
0,180000.0,1257430.5,36765.0,0,7.15400410677618,0.4,0.5,0.0
0,112500.0,547344.0,29290.5,0,3.0882956878850103,0.4,0.5,0.0
0,180000.0,220662.0,23764.5,0,0.8432580424366872,0.85,0.5,0.0
0,135000.0,971280.0,51745.5,2,10.395619438740589,0.6,0.5,0.0
0,112500.0,675000.0,21775.5,0,2.631074606433949,0.85,0.5,0.0
0,157500.0,772686.0,30069.0,1,13.727583846680355,0.4,0.5,0.0
0,180000.0,481855.5,47070.0,0,4.763860369609857,0.4,0.5,0.0
0,67500.0,45000.0,4725.0,0,3.6605065023956196,0.4,0.5,0.0
0,202500.0,573408.0,18765.0,2,5.018480492813142,0.4,0.5,0.0
0,675000.0,760225.5,54846.0,0,13.316906228610542,0.85,0.5,0.0
0,202500.0,703728.0,25276.5,0,16.060232717316907,0.4,0.65,0.0
1,85500.0,654498.0,31486.5,2,12.66255989048597,0.85,0.6,0.0
0,270000.0,814041.0,23931.0,0,8.279260780287474,0.4,0.6,0.0
0,90000.0,203760.0,16227.0,1,2.1492128678986995,0.4,0.5,0.0
0,67500.0,50940.0,4959.0,1,6.825462012320329,0.4,0.5,0.0
0,202500.0,1255680.0,45234.0,0,0.2272416153319644,0.4,0.5,0.0
0,157500.0,239850.0,23494.5,0,15.14031485284052,0.85,0.6,0.0
0,292500.0,1575000.0,43443.0,2,20.71457905544148,0.4,0.5,0.0
0,99000.0,817560.0,29493.0,0,7.594798083504449,0.4,0.5,0.0
0,540000.0,1054935.0,44824.5,2,1.1991786447638604,0.4,0.6,0.0
0,247500.0,512338.5,19444.5,0,2.8939082819986313,0.6,0.6,0.0
1,157500.0,562491.0,27189.0,2,0.8158795345653662,0.4,0.6,0.0
0,414000.0,1528200.0,53248.5,1,5.798767967145791,0.4,0.6,0.0
0,180000.0,598486.5,21627.0,0,13.77138945927447,0.4,0.5,0.0
1,81000.0,417024.0,22752.0,0,7.693360711841205,0.6,0.5,0.0
0,90000.0,1029658.5,34155.0,1,16.553045859000683,0.4,0.5,0.0
1,180000.0,199080.0,15858.0,3,1.9685147159479808,0.4,0.5,0.0
0,162000.0,382500.0,19125.0,4,13.374401095140314,0.4,0.6,1.0
1,337500.0,1113840.0,47322.0,0,1.3963039014373717,0.85,0.5,0.0
0,225000.0,862560.0,30690.0,1,11.613963039014374,0.4,0.5,0.0
0,270000.0,835605.0,24561.0,0,31.290896646132786,0.4,0.6,0.0
0,103500.0,733315.5,42876.0,1,5.582477754962355,0.85,0.5,0.0
0,90000.0,448056.0,16222.5,0,30.12183436002738,0.4,0.6,0.0
1,127498.5,152820.0,8608.5,0,1.7905544147843941,0.4,0.6,0.0
0,135000.0,239850.0,25830.0,0,0.32854209445585214,0.4,0.5,0.0
0,135000.0,398016.0,26725.5,0,12.175222450376454,0.85,0.5,0.0
0,145800.0,1093500.0,46458.0,0,7.7180013689253935,0.4,0.5,0.0
1,270000.0,1024740.0,49428.0,0,1.325119780971937,0.85,0.5,0.0
0,94500.0,533304.0,22594.5,0,16.11772758384668,0.85,0.5,0.0
0,135000.0,679500.0,28786.5,0,2.8939082819986313,0.85,0.5,0.0
1,90000.0,788472.0,52821.0,1,6.863791923340178,0.4,0.5,0.0
0,90000.0,202500.0,10125.0,0,20.369609856262834,0.85,0.5,1.0
0,202500.0,495000.0,24750.0,0,1.5085557837097878,0.4,0.5,1.0
0,184500.0,1011955.5,43006.5,0,9.787816563997263,0.4,0.6,0.0
0,405000.0,314100.0,17037.0,0,2.891170431211499,0.4,0.6,0.0
0,202500.0,193572.0,23103.0,0,3.4086242299794662,0.4,0.5,0.0
0,202500.0,1006920.0,40063.5,1,3.6276522929500343,0.4,0.5,0.0
0,81000.0,180000.0,9000.0,0,2.598220396988364,0.4,0.5,1.0
0,180000.0,203760.0,24309.0,0,1.5277207392197125,0.4,0.5,0.0
0,67500.0,628114.5,19849.5,0,1.7357973990417521,0.85,0.5,0.0
1,81000.0,477000.0,15516.0,0,4.186173853524983,0.4,0.5,0.0
0,157500.0,387000.0,16524.0,0,6.833675564681725,0.4,0.65,0.0
1,90000.0,152820.0,12204.0,0,1.9794661190965093,0.4,0.5,0.0
0,405000.0,701730.0,73687.5,0,2.4804928131416837,0.4,0.5,0.0
0,112500.0,364896.0,16200.0,0,16.01368925393566,0.4,0.5,0.0
0,146700.0,202500.0,10125.0,0,2.844626967830253,0.4,0.5,1.0
0,337500.0,405000.0,20250.0,0,2.532511978097194,0.85,0.6,1.0
0,157500.0,675000.0,50598.0,0,2.631074606433949,0.85,0.5,0.0
1,405000.0,1312110.0,55723.5,0,1.0896646132785763,0.85,0.6,0.0
0,157500.0,781920.0,47965.5,0,4.336755646817249,0.85,0.6,0.0
0,90000.0,808650.0,26217.0,0,9.850787132101301,0.4,0.5,0.0
1,225000.0,900000.0,31887.0,0,6.291581108829569,0.85,0.5,0.0
0,225000.0,497520.0,52920.0,0,19.362080766598222,0.4,0.6,0.0
0,90000.0,283500.0,29178.0,0,14.784394250513348,0.4,0.5,0.0
0,135000.0,298467.0,31468.5,0,0.9281314168377823,0.6,0.5,0.0
0,234000.0,180000.0,9000.0,1,0.6050650239561944,0.85,0.6,1.0
0,225000.0,1350000.0,36333.0,1,7.581108829568788,0.4,0.6,0.0
0,157500.0,1080504.0,31095.0,0,0.4654346338124572,0.4,0.6,0.0
0,112500.0,450000.0,51025.5,0,19.824777549623544,0.85,0.65,0.0
0,58500.0,123637.5,9373.5,1,1.5003422313483916,0.4,0.5,0.0
1,270000.0,2315916.0,63814.5,0,7.531827515400411,0.85,0.6,0.0
1,283500.0,1078200.0,31653.0,0,8.840520191649555,0.4,0.65,0.0
0,225000.0,343800.0,13090.5,0,21.30321697467488,0.4,0.65,0.0
0,135000.0,331110.0,33925.5,0,10.99520876112252,0.4,0.6,0.0
0,135000.0,1170000.0,30991.5,0,0.34223134839151265,0.4,0.6,0.0
1,112500.0,469152.0,25578.0,0,7.446954140999315,0.4,0.5,0.0
0,135000.0,1129500.0,37327.5,0,2.113620807665982,0.4,0.5,0.0
0,90000.0,225000.0,20637.0,1,2.0342231348391513,0.85,0.6,0.0
0,202500.0,1546020.0,45202.5,0,2.2833675564681726,0.85,0.6,0.0
0,270000.0,695970.0,35662.5,1,1.2292950034223136,0.4,0.5,0.0
0,112500.0,585000.0,18868.5,2,1.5331964407939767,0.4,0.5,0.0
0,180000.0,247275.0,16357.5,0,1.4455852156057496,0.4,0.6,0.0
0,135000.0,202500.0,10125.0,0,5.404517453798768,0.85,0.5,1.0
0,157500.0,454500.0,16825.5,1,8.016427104722792,0.4,0.5,0.0
0,90000.0,562491.0,27189.0,2,8.821355236139631,0.4,0.5,0.0
0,225000.0,497520.0,33376.5,1,3.167693360711841,0.85,0.65,0.0
0,180000.0,1078200.0,31653.0,0,2.830937713894593,0.4,0.5,0.0
0,427500.0,450000.0,24543.0,0,4.002737850787132,0.4,0.5,0.0
0,202500.0,267336.0,16483.5,1,2.86652977412731,0.85,0.65,0.0
0,270000.0,521280.0,25209.0,0,7.19233401779603,0.4,0.65,0.0
0,202500.0,582768.0,35784.0,1,0.5174537987679672,0.6,0.6,0.0
0,157500.0,1386265.5,38119.5,0,19.55373032169747,0.4,0.6,0.0
0,90000.0,50940.0,5476.5,0,2.9075975359342916,0.4,0.5,0.0
0,112500.0,270000.0,13500.0,0,0.8350444900752909,0.85,0.5,1.0
1,202500.0,225000.0,26833.5,0,5.546885694729637,0.4,0.5,0.0
0,157500.0,675000.0,26770.5,0,2.0588637919233403,0.4,0.5,0.0
0,360000.0,561384.0,58977.0,0,4.309377138945927,0.85,0.6,0.0
0,180000.0,846000.0,24867.0,1,18.203969883641342,0.85,0.5,0.0
1,157500.0,835380.0,40320.0,2,1.3442847364818618,0.85,0.5,0.0
0,180000.0,521280.0,22216.5,0,0.3942505133470226,0.4,0.5,0.0
0,180000.0,746280.0,54306.0,1,2.5489390828199863,0.85,0.5,0.0
1,135000.0,640080.0,31261.5,1,2.1218343600273784,0.85,0.5,0.0
0,202500.0,1350000.0,55845.0,1,0.9637234770704997,0.4,0.5,0.0
1,270000.0,1190434.5,38403.0,1,0.7282683093771389,0.85,0.5,0.0
0,112500.0,1350000.0,39604.5,2,6.3436002737850785,0.4,0.5,0.0
0,135000.0,545040.0,20677.5,1,4.906228610540725,0.85,0.5,0.0
1,157500.0,312768.0,15966.0,0,2.1711156741957565,0.4,0.5,0.0
0,99000.0,215640.0,11290.5,0,2.9568788501026693,0.4,0.5,0.0
0,180000.0,814041.0,23800.5,0,4.101300479123887,0.4,0.5,0.0
0,450000.0,1178217.0,34578.0,0,9.587953456536619,0.85,0.6,0.0
0,94500.0,544491.0,21226.5,0,2.6913073237508556,0.2,0.5,0.0
0,135000.0,227520.0,8172.0,0,25.765913757700204,0.4,0.65,0.0
0,103500.0,314055.0,13963.5,0,7.433264887063655,0.4,0.5,0.0
0,202500.0,1185282.0,32593.5,0,9.44558521560575,0.4,0.6,0.0
0,157500.0,382500.0,12429.0,1,0.5092402464065708,0.85,0.6,0.0
0,90000.0,315000.0,22054.5,0,4.780287474332649,0.4,0.5,0.0
0,180000.0,285723.0,23035.5,0,13.952087611225188,0.85,0.5,0.0
0,90000.0,323194.5,14364.0,1,2.316221765913758,0.4,0.5,0.0
0,225000.0,539100.0,29376.0,0,19.039014373716633,0.4,0.5,0.0
0,135000.0,163008.0,17244.0,2,10.94592744695414,0.4,0.5,0.0
0,72000.0,225000.0,14679.0,0,22.48596851471595,0.85,0.5,0.0
0,180000.0,1256400.0,36864.0,1,2.412046543463381,0.4,0.6,0.0
0,225000.0,1436850.0,42142.5,0,13.932922655715263,0.4,0.5,0.0
1,144000.0,382500.0,23242.5,0,0.7611225188227242,0.6,0.5,0.0
0,193500.0,1005120.0,29520.0,1,3.3319644079397674,0.4,0.5,0.0
0,225000.0,675000.0,21775.5,0,17.853524982888434,0.4,0.5,0.0
0,112500.0,1224990.0,35946.0,1,7.3757700205338805,0.4,0.5,0.0
0,157500.0,180000.0,9000.0,0,1.5277207392197125,0.4,0.5,1.0
0,112500.0,900000.0,38263.5,0,19.89322381930185,0.4,0.6,0.0
1,270000.0,976500.0,28552.5,1,7.268993839835729,0.85,0.6,0.0
0,112500.0,781920.0,25969.5,0,5.149897330595483,0.4,0.6,0.0
0,193950.0,540000.0,27000.0,0,3.701574264202601,0.4,0.6,1.0
0,189000.0,675000.0,21906.0,1,7.9780971937029435,0.4,0.5,0.0
0,112500.0,900000.0,26316.0,0,4.205338809034908,0.4,0.5,0.0
0,270000.0,1125000.0,33025.5,1,3.668720054757016,0.85,0.5,0.0
0,270000.0,942300.0,27135.0,2,4.774811772758385,0.4,0.6,0.0
0,270000.0,364896.0,24075.0,1,1.1909650924024642,0.85,0.6,0.0
0,202500.0,521280.0,31630.5,0,3.0992470910335386,0.85,0.6,0.0
0,247500.0,1006920.0,51412.5,0,2.7186858316221767,0.85,0.5,0.0
0,315000.0,450000.0,30204.0,0,0.030116358658453114,0.4,0.5,0.0
0,180000.0,180000.0,9000.0,0,6.882956878850103,0.4,0.5,1.0
1,112500.0,405000.0,19827.0,0,0.9007529089664613,0.4,0.5,0.0
0,67500.0,107820.0,10017.0,1,0.7611225188227242,0.4,0.5,0.0
0,360000.0,521280.0,35392.5,0,3.679671457905544,0.85,0.5,0.0
0,180000.0,336204.0,40027.5,0,4.15605749486653,0.4,0.5,0.0
0,360000.0,835380.0,40320.0,1,3.0992470910335386,0.4,0.5,0.0
0,157500.0,152820.0,10080.0,0,3.5318275154004106,0.85,0.6,0.0
1,108000.0,474048.0,25843.5,2,3.5044490075290895,0.85,0.5,0.0
1,292500.0,1386729.0,49941.0,0,9.645448323066393,0.4,0.5,0.0
0,90000.0,270000.0,13500.0,0,7.586584531143052,0.4,0.5,1.0
0,135000.0,675000.0,32602.5,1,0.4216290212183436,0.4,0.6,0.0
0,67500.0,175500.0,11556.0,1,2.1793292265571527,0.4,0.5,0.0
1,441000.0,848745.0,46174.5,0,2.105407255304586,0.4,0.5,0.0
0,225000.0,835380.0,40320.0,2,1.9164955509924708,0.4,0.5,0.0
0,135000.0,1036530.0,30438.0,0,12.848733744010952,0.4,0.6,0.0
0,67500.0,312840.0,18090.0,0,3.052703627652293,0.4,0.5,0.0
0,202500.0,640080.0,24259.5,0,14.447638603696099,0.85,0.6,0.0
0,247500.0,132768.0,7330.5,0,6.0889801505817935,0.4,0.5,0.0
0,450000.0,1389204.0,130018.5,0,4.3668720054757015,0.85,0.6,0.0
0,157500.0,373311.0,15331.5,0,1.5085557837097878,0.4,0.5,0.0
0,238500.0,521280.0,28408.5,0,15.471594798083505,0.85,0.5,0.0
0,405000.0,1312110.0,55593.0,1,9.201916495550993,0.85,0.6,0.0
0,135000.0,327024.0,21289.5,0,5.637234770704997,0.4,0.5,0.0
1,180000.0,180000.0,9000.0,0,10.899383983572895,0.4,0.5,1.0
0,135000.0,239850.0,23850.0,0,0.6160164271047228,0.4,0.6,0.0
0,157500.0,388512.0,33367.5,0,1.9657768651608487,0.4,0.5,0.0
1,135000.0,343800.0,10921.5,0,4.761122518822724,0.4,0.5,0.0
0,90000.0,239850.0,24705.0,0,9.155373032169747,0.4,0.5,0.0
0,81000.0,284400.0,13963.5,0,5.388090349075975,0.85,0.5,0.0
0,157500.0,675000.0,21492.0,0,2.518822724161533,0.85,0.6,0.0
0,157500.0,1029681.0,33214.5,2,12.344969199178644,0.4,0.5,0.0
0,94500.0,508495.5,22527.0,0,4.980150581793292,0.4,0.5,0.0
0,112500.0,238500.0,18972.0,0,6.444900752908967,0.4,0.5,0.0
0,112500.0,526491.0,22261.5,0,20.205338809034906,0.4,0.5,0.0
0,81000.0,157500.0,11457.0,0,7.611225188227242,0.4,0.5,0.0
1,135000.0,249606.0,29749.5,0,5.793292265571527,0.4,0.6,0.0
0,157500.0,298512.0,29655.0,2,13.300479123887747,0.4,0.5,0.0
0,202500.0,942300.0,30528.0,0,8.210814510609172,0.6,0.65,0.0
0,220500.0,500490.0,52555.5,0,7.991786447638604,0.4,0.5,0.0
0,157500.0,1128595.5,33129.0,0,6.759753593429158,0.85,0.65,0.0
1,180000.0,1012500.0,29605.5,0,13.35523613963039,0.4,0.5,0.0
0,135000.0,1006920.0,42790.5,0,3.0061601642710474,0.85,0.5,0.0
1,180000.0,1467612.0,58333.5,0,6.669404517453799,0.4,0.6,0.0
0,135000.0,168102.0,10872.0,0,3.5071868583162216,0.4,0.6,0.0
0,315000.0,497520.0,53712.0,2,2.861054072553046,0.85,0.65,0.0
0,360000.0,1374480.0,45553.5,1,7.775496235455168,0.85,0.6,0.0
0,67500.0,717003.0,21091.5,0,0.8350444900752909,0.4,0.5,0.0
0,270000.0,405000.0,20250.0,0,2.346338124572211,0.4,0.5,1.0
0,135000.0,824823.0,21888.0,1,5.023956194387406,0.85,0.5,0.0
0,135000.0,450000.0,30573.0,1,0.9363449691991786,0.4,0.6,0.0
0,225000.0,390960.0,27337.5,2,18.015058179329227,0.85,0.6,0.0
0,202500.0,202500.0,10125.0,1,8.848733744010952,0.85,0.5,1.0
0,202500.0,808650.0,31333.5,0,1.0376454483230664,0.85,0.6,0.0
0,54000.0,180000.0,9000.0,2,2.784394250513347,0.4,0.6,1.0
0,112500.0,270000.0,13500.0,1,17.73579739904175,0.4,0.6,1.0
0,382500.0,970645.5,49306.5,2,12.128678986995208,0.85,0.6,0.0
0,135000.0,1971072.0,68512.5,0,4.328542094455853,0.85,0.5,0.0
0,135000.0,437818.5,25263.0,0,3.025325119780972,0.6,0.65,0.0
1,189000.0,711072.0,29889.0,0,2.8993839835728954,0.4,0.5,0.0
0,202500.0,1515415.5,41670.0,2,4.988364134154689,0.85,0.65,0.0
0,202500.0,507469.5,40225.5,0,3.3073237508555784,0.4,0.6,0.0
0,90000.0,254700.0,16713.0,1,5.776865160848733,0.4,0.5,0.0
0,112500.0,180000.0,9000.0,1,4.563997262149213,0.4,0.5,1.0
0,108000.0,142200.0,9387.0,0,6.094455852156058,0.4,0.6,0.0
1,112500.0,233208.0,18553.5,1,2.5626283367556466,0.4,0.6,0.0
1,112500.0,454500.0,19255.5,0,2.7159479808350446,0.4,0.5,0.0
0,99000.0,444420.0,17055.0,0,2.1546885694729636,0.4,0.5,0.0
1,117000.0,326664.0,15844.5,0,1.4072553045859,0.4,0.5,0.0
0,585000.0,755190.0,36459.0,2,3.3401779603011637,0.4,0.6,0.0
0,63000.0,47970.0,4873.5,1,0.8186173853524983,0.4,0.5,0.0
0,112500.0,101880.0,10809.0,0,11.307323750855579,0.4,0.65,0.0
0,135000.0,986553.0,35082.0,0,4.9253935660506505,0.4,0.5,0.0
0,441000.0,1319269.5,36409.5,0,9.032169746748803,0.4,0.6,0.0
0,85500.0,942300.0,27679.5,2,3.5345653661875427,0.4,0.65,0.0
0,67500.0,135000.0,10822.5,0,3.2854209445585214,0.4,0.5,0.0
0,180000.0,900000.0,26446.5,2,1.0787132101300478,0.85,0.5,0.0
0,225000.0,152820.0,18265.5,0,3.137577002053388,0.4,0.5,0.0
0,135000.0,66222.0,7083.0,1,5.6591375770020536,0.4,0.5,0.0
0,67500.0,135000.0,6750.0,1,8.97741273100616,0.85,0.5,1.0
0,270000.0,728460.0,58536.0,0,1.4757015742642026,0.85,0.5,0.0
0,40500.0,544491.0,15916.5,0,32.93360711841205,0.4,0.5,0.0
0,126000.0,162000.0,16726.5,0,5.9137577002053385,0.4,0.5,0.0
0,99000.0,269550.0,14620.5,0,0.5065023956194388,0.4,0.5,0.0
0,90000.0,337761.0,17374.5,0,17.99041752224504,0.4,0.65,0.0
0,270000.0,537471.0,56569.5,0,14.001368925393566,0.4,0.6,0.0
0,180000.0,485640.0,34537.5,0,2.485968514715948,0.85,0.5,0.0
0,180000.0,156384.0,17685.0,1,5.650924024640657,0.4,0.5,0.0
0,112500.0,283419.0,16398.0,1,13.423682409308693,0.4,0.6,0.0
0,225000.0,446931.0,16978.5,2,1.2046543463381245,0.85,0.5,0.0
0,351000.0,521280.0,31630.5,0,0.35592060232717315,0.4,0.6,0.0
1,238500.0,1006920.0,54621.0,0,2.836413415468857,0.6,0.5,0.0
0,99000.0,640080.0,29970.0,0,2.236824093086927,0.85,0.6,0.0
0,180000.0,180000.0,9000.0,1,0.1834360027378508,0.4,0.6,1.0
0,180000.0,1327500.0,38943.0,3,8.605065023956195,0.4,0.5,0.0
0,180000.0,213948.0,15633.0,1,7.471594798083505,0.4,0.6,0.0
0,166500.0,540000.0,27000.0,0,4.440793976728268,0.4,0.6,1.0
0,324000.0,515529.0,26451.0,2,1.6399726214921286,0.85,0.6,0.0
1,81000.0,274500.0,7677.0,1,1.9822039698836413,0.85,0.5,0.0
0,90000.0,101880.0,9922.5,0,0.865160848733744,0.4,0.5,0.0
0,270000.0,450000.0,27324.0,1,9.193702943189596,0.4,0.5,0.0
0,247500.0,760131.0,29583.0,2,6.828199863107461,0.6,0.5,0.0
0,135000.0,417649.5,33615.0,0,1.3360711841204653,0.6,0.6,0.0
0,450000.0,1042560.0,66757.5,2,0.3887748117727584,0.6,0.6,0.0
0,126000.0,667678.5,34087.5,1,0.5119780971937029,0.4,0.5,0.0
1,148500.0,450000.0,21109.5,0,6.570841889117043,0.4,0.65,0.0
0,202500.0,539100.0,29376.0,1,5.971252566735113,0.6,0.5,0.0
0,135000.0,90000.0,10678.5,1,1.7932922655715264,0.4,0.5,0.0
0,54000.0,101880.0,10566.0,0,10.795345653661876,0.4,0.5,0.0
0,135000.0,1247472.0,49603.5,0,3.028062970568104,0.4,0.6,0.0
0,157500.0,755190.0,38556.0,2,13.483915126625599,0.4,0.6,0.0
0,54000.0,71955.0,7245.0,2,12.484599589322382,0.85,0.5,0.0
0,157500.0,1283197.5,37647.0,2,1.3853524982888432,0.4,0.6,0.0
0,112500.0,450000.0,21109.5,1,3.865845311430527,0.4,0.5,0.0
0,180000.0,1762110.0,48456.0,0,15.436002737850787,0.85,0.65,0.0
0,112500.0,545040.0,26509.5,2,1.6427104722792607,0.4,0.5,0.0
1,225000.0,485640.0,44671.5,0,2.4503764544832305,0.6,0.6,0.0
0,180000.0,225000.0,11250.0,0,4.202600958247776,0.4,0.5,1.0
0,126000.0,1125000.0,33025.5,0,0.29568788501026694,0.4,0.5,0.0
0,112500.0,225000.0,24232.5,1,0.8624229979466119,0.4,0.5,0.0
0,112500.0,450000.0,20979.0,0,1.1663244353182751,0.85,0.5,0.0
0,225000.0,675000.0,33750.0,0,15.11567419575633,0.85,0.6,1.0
0,112500.0,284400.0,19003.5,0,14.146475017111568,0.4,0.5,0.0
0,135000.0,521280.0,35392.5,0,3.0937713894592744,0.4,0.5,0.0
0,157500.0,302206.5,15561.0,0,11.331964407939767,0.4,0.6,0.0
0,54000.0,373500.0,10269.0,0,1.5222450376454484,0.4,0.5,0.0
0,270000.0,675000.0,26284.5,0,0.4188911704312115,0.85,0.5,0.0
0,90000.0,49752.0,6034.5,0,1.2210814510609171,0.4,0.5,0.0
0,225000.0,983160.0,54895.5,1,5.574264202600959,0.6,0.65,0.0
1,247500.0,585000.0,35919.0,0,4.698151950718686,0.4,0.5,0.0
0,180000.0,755190.0,52690.5,0,2.7789185489390826,0.4,0.6,0.0
1,157500.0,229500.0,18261.0,1,0.8158795345653662,0.4,0.6,0.0
1,225000.0,788472.0,45265.5,1,9.81245722108145,0.4,0.5,0.0
0,90000.0,454500.0,21865.5,0,4.758384668035592,0.4,0.5,0.0
0,270000.0,675000.0,53460.0,3,1.2019164955509924,0.85,0.6,0.0
1,112500.0,584766.0,28260.0,3,12.83230663928816,0.2,0.5,0.0
1,112500.0,148500.0,12033.0,0,0.29021218343600275,0.4,0.5,0.0
0,157500.0,1078200.0,38200.5,0,1.6974674880219027,0.4,0.5,0.0
0,360000.0,855882.0,57559.5,3,8.514715947980836,0.85,0.65,0.0
0,315000.0,1042560.0,37575.0,0,4.257357973990418,0.85,0.6,0.0
0,360000.0,1800000.0,62698.5,0,34.77344284736482,0.2,0.6,0.0
1,121500.0,382500.0,19125.0,1,3.3210130047912387,0.4,0.6,1.0
0,202500.0,450000.0,21109.5,0,2.620123203285421,0.4,0.5,0.0
1,121500.0,193500.0,15417.0,0,5.672826830937714,0.4,0.6,0.0
0,306000.0,746703.0,26950.5,0,3.6413415468856947,0.85,0.6,0.0
0,81000.0,234000.0,12825.0,1,10.340862422997947,0.4,0.5,0.0
0,135000.0,180000.0,9000.0,0,0.8761122518822724,0.85,0.5,1.0
0,90000.0,325908.0,15102.0,0,2.2532511978097194,0.4,0.65,0.0
0,102150.0,545040.0,19705.5,0,6.962354551676934,0.4,0.65,0.0
0,225000.0,448056.0,16888.5,0,4.175222450376454,0.4,0.5,0.0
0,202500.0,571500.0,45283.5,0,2.102669404517454,0.4,0.5,0.0
1,247500.0,430582.5,24849.0,2,1.0294318959616702,0.4,0.5,0.0
0,202500.0,746280.0,59094.0,0,3.0417522245037647,0.4,0.5,0.0
0,157500.0,135000.0,12379.5,2,6.532511978097194,0.4,0.5,0.0
0,126000.0,517500.0,16821.0,0,6.7268993839835725,0.4,0.6,0.0
0,135000.0,495216.0,26865.0,0,1.8179329226557153,0.4,0.5,0.0
0,90000.0,270000.0,13500.0,1,1.8507871321013005,0.85,0.6,1.0
0,85500.0,99504.0,11250.0,2,10.283367556468173,0.4,0.6,0.0
1,135000.0,159066.0,9729.0,1,3.2279260780287475,0.4,0.6,0.0
0,225000.0,1800000.0,47484.0,0,10.735112936344969,0.4,0.6,0.0
0,112500.0,247500.0,12375.0,0,28.01368925393566,0.4,0.65,1.0
0,58500.0,118876.5,7942.5,1,3.572895277207392,0.4,0.6,0.0
0,157500.0,640080.0,29970.0,1,1.8480492813141685,0.4,0.5,0.0
0,1125000.0,936000.0,30325.5,0,5.240246406570842,0.85,0.6,0.0
1,202500.0,376956.0,29911.5,0,2.294318959616701,0.6,0.6,0.0
0,90000.0,808650.0,26217.0,1,12.19712525667351,0.4,0.5,0.0
0,148500.0,99000.0,5814.0,0,3.679671457905544,0.85,0.5,0.0
0,765000.0,675000.0,36616.5,1,15.041752224503764,0.85,0.5,0.0
0,157500.0,900000.0,26446.5,0,7.967145790554415,0.4,0.5,0.0
0,157500.0,392472.0,25209.0,0,9.078713210130047,0.4,0.6,0.0
0,112500.0,942300.0,30528.0,0,14.595482546201232,0.4,0.6,0.0
0,202500.0,641173.5,28242.0,1,10.899383983572895,0.85,0.6,0.0
0,90000.0,239850.0,25578.0,0,3.4469541409993156,0.85,0.5,0.0
0,112500.0,314100.0,16033.5,0,1.3032169746748803,0.85,0.5,0.0
1,225000.0,755190.0,36459.0,1,12.005475701574264,0.4,0.5,0.0
0,54000.0,450000.0,21649.5,2,1.9055441478439425,0.4,0.5,0.0
0,202500.0,704844.0,34038.0,3,3.6030116358658453,0.85,0.6,0.0
0,121500.0,814041.0,23800.5,0,0.44353182751540043,0.4,0.5,0.0
0,270000.0,270000.0,32040.0,0,5.037645448323066,0.85,0.6,0.0
0,121500.0,203760.0,12595.5,2,14.220396988364135,0.85,0.5,0.0
0,112500.0,639396.0,30888.0,1,1.5770020533880904,0.85,0.5,0.0
0,135000.0,1597500.0,45913.5,0,16.56399726214921,0.85,0.5,0.0
0,157500.0,1125000.0,33025.5,0,3.885010266940452,0.4,0.65,0.0
0,157500.0,272520.0,21528.0,0,12.158795345653662,0.85,0.5,0.0
1,112500.0,1030302.0,38313.0,0,6.899383983572895,0.4,0.6,0.0
0,180000.0,337500.0,16875.0,0,29.609856262833677,0.85,0.6,1.0
0,162000.0,1078200.0,31522.5,0,7.9342915811088295,0.4,0.5,0.0
0,180000.0,269550.0,18760.5,0,4.7967145790554415,0.4,0.6,0.0
0,126000.0,305221.5,11637.0,0,2.0533880903490758,0.4,0.5,0.0
0,216000.0,711612.0,22954.5,0,17.927446954141,0.4,0.5,0.0
0,247500.0,733315.5,39199.5,1,0.9144421629021219,0.4,0.5,0.0
1,72000.0,180000.0,9000.0,0,4.142368240930869,0.4,0.5,1.0
0,139500.0,640080.0,24129.0,1,6.349075975359343,0.4,0.5,0.0
0,112500.0,630000.0,24543.0,1,8.536618754277892,0.85,0.5,0.0
0,189000.0,341109.0,35082.0,0,31.515400410677618,0.85,0.6,0.0
0,76500.0,697500.0,27792.0,1,24.10130047912389,0.4,0.5,0.0
0,90000.0,545040.0,16654.5,1,1.648186173853525,0.4,0.5,0.0
0,112500.0,454500.0,16452.0,0,10.33264887063655,0.85,0.65,0.0
0,540000.0,1066320.0,38430.0,1,6.409308692676249,0.4,0.6,0.0
0,180000.0,263686.5,27819.0,0,10.757015742642025,0.85,0.6,0.0
0,189000.0,536917.5,32976.0,0,3.4113620807665983,0.6,0.6,0.0
1,162000.0,670185.0,44784.0,0,2.628336755646817,0.4,0.5,0.0
0,103500.0,270000.0,13500.0,1,6.1273100616016425,0.4,0.5,1.0
0,405000.0,1350000.0,67500.0,2,8.659822039698836,0.4,0.6,1.0
0,135000.0,1264428.0,37098.0,0,4.292950034223135,0.4,0.6,0.0
1,67500.0,450000.0,20979.0,0,2.21492128678987,0.4,0.5,0.0
0,130500.0,270000.0,13500.0,1,4.027378507871321,0.4,0.6,1.0
0,90000.0,225000.0,13725.0,0,2.510609171800137,0.4,0.5,0.0
0,171000.0,254700.0,25578.0,0,3.381245722108145,0.85,0.6,0.0
0,495000.0,1107000.0,41152.5,0,21.125256673511295,0.85,0.6,0.0
0,202500.0,679500.0,22050.0,1,1.273100616016427,0.4,0.5,0.0
0,103500.0,1197000.0,35127.0,1,14.546201232032855,0.4,0.5,0.0
0,157500.0,270000.0,19647.0,0,1.946611909650924,0.4,0.5,0.0
0,157500.0,135000.0,14670.0,0,10.934976043805612,0.4,0.5,0.0
0,180000.0,855882.0,36261.0,0,37.88637919233402,0.85,0.65,0.0
0,135000.0,753840.0,29340.0,0,3.1950718685831623,0.4,0.5,0.0
0,225000.0,954207.0,33804.0,0,0.8542094455852156,0.4,0.5,0.0
0,128250.0,215640.0,15466.5,1,0.5667351129363449,0.85,0.6,0.0
0,135000.0,1078200.0,31653.0,1,17.111567419575632,0.4,0.5,0.0
0,157500.0,592560.0,31023.0,0,8.66255989048597,0.4,0.5,0.0
0,180000.0,553806.0,26770.5,1,4.939082819986311,0.4,0.5,0.0
0,157500.0,284256.0,27396.0,0,3.167693360711841,0.85,0.5,0.0
1,247500.0,315000.0,17086.5,0,4.232717316906228,0.4,0.5,0.0
0,126000.0,770292.0,32764.5,1,28.303901437371664,0.4,0.65,0.0
0,157500.0,389844.0,16866.0,1,8.235455167693361,0.4,0.6,0.0
0,216000.0,497520.0,53581.5,2,10.524298425735797,0.4,0.65,0.0
0,61200.0,326439.0,10377.0,0,0.8596851471594799,0.85,0.5,0.0
0,90000.0,900000.0,26446.5,0,2.8856947296372346,0.4,0.5,0.0
0,157500.0,331920.0,16096.5,0,4.97741273100616,0.4,0.5,0.0
0,126000.0,270000.0,13500.0,0,0.999315537303217,0.4,0.6,1.0
0,202500.0,1575000.0,41679.0,0,3.07460643394935,0.85,0.6,0.0
0,112500.0,203760.0,13018.5,0,1.0622861054072552,0.4,0.5,0.0
0,90000.0,225000.0,12006.0,0,8.386036960985626,0.4,0.5,0.0
0,99000.0,202500.0,10125.0,0,2.757015742642026,0.4,0.5,1.0
0,90000.0,591336.0,17077.5,0,4.402464065708419,0.4,0.5,0.0
0,116658.0,450000.0,30640.5,0,1.160848733744011,0.85,0.5,0.0
1,114840.0,135000.0,6750.0,0,0.4216290212183436,0.4,0.6,1.0
0,157500.0,528633.0,24624.0,0,30.98425735797399,0.4,0.5,0.0
0,202500.0,521280.0,26613.0,0,36.55304585900068,0.85,0.5,0.0
0,157500.0,450000.0,21888.0,2,2.455852156057495,0.4,0.5,0.0
0,135000.0,297130.5,18085.5,1,0.5092402464065708,0.4,0.5,0.0
0,110254.5,315000.0,29146.5,0,0.4654346338124572,0.85,0.5,0.0
0,157500.0,132768.0,6907.5,0,2.6694045174537986,0.4,0.5,0.0
0,180000.0,314100.0,21375.0,2,0.405201916495551,0.4,0.5,0.0
0,180000.0,1288350.0,37800.0,0,10.833675564681725,0.4,0.6,0.0
0,121500.0,592560.0,35937.0,0,25.05681040383299,0.4,0.6,0.0
1,157500.0,545040.0,26640.0,1,17.609856262833677,0.4,0.5,0.0
0,135000.0,743031.0,39717.0,1,3.975359342915811,0.85,0.5,0.0
0,112500.0,315000.0,21438.0,3,3.8548939082819986,0.4,0.5,0.0
0,157500.0,417915.0,23463.0,0,13.018480492813142,0.85,0.5,0.0
0,112500.0,327024.0,12456.0,0,5.984941820670773,0.4,0.5,0.0
0,157500.0,270000.0,13500.0,0,2.485968514715948,0.4,0.5,1.0
0,135000.0,254700.0,20250.0,1,4.884325804243669,0.4,0.5,0.0
0,135000.0,857169.0,30496.5,0,0.8624229979466119,0.4,0.5,0.0
0,76500.0,549882.0,17869.5,1,16.295687885010267,0.4,0.5,0.0
1,225000.0,500211.0,39649.5,0,13.83709787816564,0.4,0.5,0.0
0,81000.0,497749.5,27000.0,0,2.7980835044490076,0.4,0.5,0.0
0,112500.0,254700.0,17149.5,0,1.5222450376454484,0.4,0.5,0.0
0,90000.0,486000.0,15390.0,0,4.958247775496235,0.4,0.5,0.0
0,135000.0,74182.5,5944.5,0,1.675564681724846,0.4,0.5,0.0
0,112500.0,332842.5,12676.5,0,4.506502395619439,0.85,0.5,0.0
0,315000.0,592560.0,32274.0,0,7.6796714579055445,0.4,0.6,0.0
1,225000.0,781920.0,42547.5,0,6.160164271047228,0.4,0.6,0.0
0,675000.0,1125000.0,34240.5,0,4.37782340862423,0.4,0.6,0.0
0,73980.0,225000.0,21582.0,0,5.568788501026694,0.4,0.5,0.0
0,157500.0,728460.0,44563.5,0,2.926762491444216,0.4,0.6,0.0
0,180000.0,1078200.0,31522.5,0,5.223819301848049,0.85,0.6,0.0
1,180000.0,427500.0,21375.0,0,5.045859000684462,0.85,0.6,1.0
0,225000.0,405000.0,20250.0,1,1.3086926762491444,0.6,0.6,1.0
0,180000.0,161730.0,11632.5,0,1.5277207392197125,0.4,0.65,0.0
0,225000.0,344043.0,20920.5,2,12.388774811772759,0.85,0.6,0.0
0,261000.0,315000.0,16105.5,1,3.167693360711841,0.85,0.65,0.0
0,211500.0,268659.0,32013.0,0,2.379192334017796,0.4,0.5,0.0
0,128340.0,1546020.0,45333.0,1,4.251882272416153,0.4,0.6,0.0
0,180000.0,630747.0,24570.0,2,2.3381245722108144,0.85,0.6,0.0
0,90000.0,191880.0,18819.0,0,10.390143737166325,0.4,0.6,0.0
0,121500.0,50940.0,5476.5,1,5.149897330595483,0.4,0.5,0.0
0,157500.0,301500.0,17437.5,0,0.5037645448323066,0.4,0.5,0.0
0,108000.0,808650.0,23773.5,0,0.26283367556468173,0.4,0.6,0.0
0,135000.0,536917.5,27544.5,0,5.040383299110198,0.4,0.6,0.0
0,405000.0,545040.0,36553.5,1,7.79192334017796,0.2,0.5,0.0
0,135000.0,719860.5,52065.0,1,1.702943189596167,0.6,0.6,0.0
0,238500.0,1223010.0,51948.0,2,3.5236139630390144,0.85,0.65,0.0
0,135000.0,263686.5,17298.0,2,12.14236824093087,0.4,0.5,0.0
0,180000.0,675000.0,21775.5,0,4.769336071184121,0.4,0.5,0.0
0,90000.0,269550.0,14751.0,0,5.127994524298426,0.85,0.5,0.0
0,90000.0,675000.0,19867.5,0,1.8781656399726214,0.4,0.5,0.0
0,202500.0,1350000.0,39474.0,0,4.0219028062970565,0.85,0.6,0.0
0,225000.0,360000.0,38196.0,0,12.071184120465434,0.4,0.5,0.0
0,247500.0,512338.5,37413.0,0,2.00684462696783,0.4,0.5,0.0
0,180000.0,675000.0,18693.0,0,4.268309377138946,0.2,0.5,0.0
0,112500.0,202500.0,10125.0,1,20.470910335386723,0.85,0.5,1.0
0,157500.0,490495.5,30136.5,0,2.8281998631074607,0.85,0.5,0.0
0,135000.0,337500.0,16875.0,2,9.032169746748803,0.4,0.5,1.0
0,247500.0,315000.0,17086.5,2,2.9130732375085557,0.85,0.5,0.0
0,148500.0,1066320.0,38299.5,1,2.3682409308692676,0.85,0.5,0.0
0,180000.0,688090.5,21973.5,0,12.213552361396303,0.4,0.6,0.0
1,103500.0,808650.0,23773.5,0,12.955509924709103,0.4,0.5,0.0
0,202500.0,625536.0,30222.0,1,9.957563312799453,0.4,0.5,0.0
0,157500.0,545040.0,26640.0,0,1.3853524982888432,0.4,0.6,0.0
0,90000.0,272520.0,21658.5,0,11.627652292950033,0.4,0.6,0.0
0,585000.0,1350000.0,67500.0,0,6.7351129363449695,0.85,0.6,1.0
1,225000.0,403249.5,19741.5,2,1.3880903490759753,0.4,0.5,0.0
0,225000.0,247275.0,19417.5,2,3.9342915811088295,0.4,0.5,0.0
0,229500.0,1260702.0,41796.0,0,5.034907597535934,0.4,0.5,0.0
0,90000.0,569673.0,21604.5,0,5.642710472279261,0.4,0.5,0.0
0,180000.0,755190.0,56592.0,0,0.7665982203969883,0.85,0.5,0.0
0,202500.0,1024740.0,52452.0,0,3.0691307323750854,0.4,0.6,0.0
0,90000.0,161730.0,8595.0,0,2.9924709103353866,0.85,0.5,0.0
0,117000.0,360000.0,18000.0,0,0.6981519507186859,0.4,0.5,1.0
0,85500.0,269550.0,13761.0,0,32.31211498973306,0.85,0.5,0.0
0,67500.0,101880.0,10939.5,1,10.902121834360027,0.85,0.5,0.0
0,180000.0,1350000.0,67500.0,0,3.159479808350445,0.6,0.6,1.0
1,157500.0,675000.0,34596.0,0,5.566050650239562,0.4,0.5,0.0
1,270000.0,177903.0,15399.0,0,2.6338124572210813,0.85,0.6,0.0
0,193500.0,180000.0,9000.0,0,14.833675564681725,0.85,0.6,1.0
0,225000.0,1546020.0,45333.0,0,6.9021218343600275,0.4,0.6,0.0
1,270000.0,538704.0,22824.0,2,2.532511978097194,0.85,0.6,0.0
0,202500.0,254700.0,24939.0,0,14.765229295003422,0.85,0.6,0.0
0,180000.0,743031.0,72513.0,2,5.4428473648186175,0.85,0.65,0.0
0,180000.0,281493.0,10849.5,0,11.764544832306639,0.4,0.5,0.0
0,139500.0,1288350.0,41692.5,0,0.4134154688569473,0.4,0.5,0.0
0,225000.0,545040.0,26640.0,1,2.6036960985626285,0.85,0.6,0.0
0,90000.0,288873.0,16713.0,0,10.989733059548255,0.4,0.5,0.0
0,76500.0,130824.0,10462.5,0,1.4510609171800137,0.2,0.6,0.0
0,315000.0,450000.0,47254.5,1,13.653661875427789,0.85,0.6,0.0
0,81000.0,986553.0,28975.5,0,2.4202600958247777,0.4,0.5,0.0
0,157500.0,1963494.0,54126.0,0,9.834360027378509,0.4,0.5,0.0
0,270000.0,972441.0,90117.0,0,4.462696783025325,0.4,0.6,0.0
0,112500.0,284400.0,18306.0,0,1.571526351813826,0.6,0.5,0.0
0,112500.0,314100.0,13963.5,2,15.441478439425051,0.4,0.5,0.0
0,157500.0,675000.0,47110.5,2,5.820670773442847,0.85,0.5,0.0
0,139446.0,490500.0,13617.0,0,2.269678302532512,0.4,0.6,0.0
0,180000.0,135000.0,13351.5,0,5.136208076659822,0.85,0.5,0.0
1,135000.0,469152.0,31864.5,0,6.464065708418891,0.4,0.5,0.0
0,126000.0,760225.5,32206.5,1,11.841204654346338,0.4,0.6,0.0
0,135000.0,1078200.0,38200.5,0,1.8590006844626967,0.4,0.6,0.0
1,144000.0,225000.0,24003.0,0,1.9164955509924708,0.6,0.6,0.0
0,157500.0,225000.0,12204.0,0,0.6570841889117043,0.6,0.5,0.0
0,81000.0,225000.0,11250.0,0,1.352498288843258,0.85,0.5,1.0
1,171000.0,810000.0,34317.0,0,20.673511293634498,0.4,0.5,0.0
0,211500.0,382500.0,19125.0,0,12.361396303901437,0.4,0.5,1.0
0,112500.0,1515415.5,41800.5,1,4.413415468856948,0.4,0.5,0.0
0,135000.0,781920.0,43789.5,0,12.528405201916495,0.4,0.5,0.0
0,126000.0,247500.0,12784.5,0,8.139630390143736,0.4,0.5,0.0
0,157500.0,225000.0,14647.5,0,4.848733744010952,0.4,0.5,0.0
0,135000.0,485190.0,23472.0,0,0.5859000684462696,0.4,0.5,0.0
0,121500.0,675000.0,21906.0,0,2.7871321013004793,0.85,0.65,0.0
0,225000.0,1185282.0,31266.0,0,4.490075290896646,0.4,0.6,0.0
0,180000.0,545040.0,26509.5,0,2.0506502395619437,0.6,0.6,0.0
0,180000.0,521280.0,31806.0,0,0.3860369609856263,0.85,0.6,0.0
0,81000.0,135000.0,10822.5,0,5.28952772073922,0.4,0.5,0.0
0,270000.0,942300.0,36643.5,0,7.030800821355236,0.4,0.65,0.0
0,112500.0,679500.0,19867.5,1,1.1334702258726899,0.4,0.6,0.0
0,270000.0,1223010.0,48631.5,1,8.780287474332649,0.4,0.6,0.0
0,112500.0,253737.0,16650.0,0,1.9630390143737166,0.6,0.6,0.0
0,90000.0,301095.0,21411.0,0,1.7768651608487338,0.85,0.6,0.0
0,135000.0,343800.0,10921.5,0,0.5420944558521561,0.4,0.5,0.0
0,166500.0,405000.0,19611.0,0,22.39561943874059,0.4,0.6,0.0
0,112500.0,539100.0,29245.5,1,9.774127310061601,0.6,0.65,0.0
0,202500.0,278460.0,19507.5,0,15.624914442162902,0.4,0.5,0.0
0,126000.0,700830.0,20619.0,0,0.29021218343600275,0.4,0.5,0.0
0,157500.0,612612.0,23463.0,0,7.923340177960301,0.4,0.5,0.0
0,135000.0,904500.0,26577.0,0,6.38466803559206,0.4,0.5,0.0
0,405000.0,1303812.0,38250.0,0,31.59753593429158,0.4,0.5,0.0
0,108000.0,1185282.0,34654.5,0,2.9815195071868583,0.4,0.5,0.0
0,90000.0,143910.0,15628.5,0,4.799452429842574,0.4,0.5,0.0
0,112500.0,161730.0,11632.5,0,2.967830253251198,0.4,0.5,0.0
0,90000.0,1042560.0,34587.0,0,2.4175222450376452,0.85,0.6,0.0
0,90000.0,152820.0,16587.0,0,0.30937713894592744,0.4,0.5,0.0
0,315000.0,1030680.0,65997.0,0,1.377138945927447,0.85,0.5,0.0
0,180000.0,785398.5,33403.5,1,1.297741273100616,0.4,0.65,0.0
1,112500.0,269550.0,18234.0,2,0.5256673511293635,0.4,0.5,0.0
0,225000.0,1125000.0,44748.0,1,5.333333333333333,0.85,0.6,0.0
0,540000.0,450000.0,23692.5,0,9.464750171115675,0.85,0.5,0.0
1,90000.0,1078200.0,34780.5,0,7.8932238193018485,0.4,0.5,0.0
0,405000.0,315000.0,15750.0,0,3.3182751540041067,0.4,0.6,1.0
0,90000.0,331632.0,30816.0,0,4.249144421629021,0.85,0.5,0.0
0,49500.0,916470.0,26928.0,2,3.9315537303216974,0.4,0.5,0.0
0,630000.0,990000.0,42075.0,0,24.8870636550308,0.4,0.5,0.0
0,675000.0,1078200.0,31653.0,0,3.2580424366872007,0.85,0.6,0.0
0,67500.0,207306.0,10714.5,1,6.573579739904175,0.4,0.5,0.0
0,175500.0,808650.0,31464.0,0,3.252566735112936,0.4,0.5,0.0
0,112500.0,256500.0,13225.5,1,2.209445585215606,0.4,0.6,0.0
0,360000.0,1006920.0,48573.0,0,0.6078028747433265,0.85,0.6,0.0
0,58500.0,544491.0,16047.0,0,16.78028747433265,0.4,0.65,0.0
0,103500.0,238500.0,11470.5,0,26.209445585215605,0.4,0.5,0.0
0,472500.0,1125000.0,36423.0,2,0.9062286105407256,0.4,0.6,0.0
0,112500.0,900000.0,26446.5,1,1.0677618069815196,0.4,0.5,0.0
1,135000.0,497520.0,33376.5,0,1.3990417522245038,0.4,0.5,0.0
0,112500.0,247500.0,12375.0,0,4.344969199178645,0.4,0.5,1.0
0,405000.0,1709905.5,59566.5,1,1.0376454483230664,0.85,0.5,0.0
0,135000.0,1223010.0,48631.5,0,8.303901437371664,0.4,0.5,0.0
0,90000.0,254700.0,27558.0,0,0.5475701574264202,0.6,0.5,0.0
0,67500.0,269550.0,18364.5,0,0.29568788501026694,0.4,0.5,0.0
0,225000.0,479353.5,32161.5,0,16.13141683778234,0.4,0.5,0.0
0,72000.0,180000.0,9000.0,0,11.345653661875428,0.4,0.5,1.0
0,135000.0,490495.5,47911.5,0,4.306639288158795,0.4,0.6,0.0
0,117000.0,1078200.0,31653.0,3,1.2347707049965777,0.4,0.5,0.0
0,85500.0,202500.0,10125.0,0,4.388774811772758,0.4,0.6,1.0
0,112500.0,585000.0,29997.0,1,4.555783709787817,0.85,0.5,0.0
1,157500.0,862560.0,25348.5,0,1.8480492813141685,0.4,0.5,0.0
0,135000.0,1542645.0,58756.5,2,7.408624229979466,0.4,0.5,0.0
1,225000.0,238500.0,23008.5,0,23.87953456536619,0.4,0.65,0.0
0,225000.0,904500.0,89923.5,0,1.9931553730321698,0.85,0.6,0.0
1,98100.0,900000.0,29875.5,1,3.9014373716632442,0.4,0.6,0.0
0,135000.0,339241.5,15943.5,0,2.455852156057495,0.4,0.5,0.0
0,157500.0,778500.0,22891.5,0,16.229979466119097,0.4,0.5,0.0
0,157500.0,485190.0,24903.0,0,1.9383983572895278,0.85,0.65,0.0
1,202500.0,1067418.0,37948.5,0,0.4490075290896646,0.4,0.6,0.0
1,238500.0,521280.0,35392.5,0,1.267624914442163,0.85,0.6,0.0
0,180000.0,540000.0,27000.0,0,2.193018480492813,0.4,0.5,1.0
0,225000.0,640080.0,29970.0,0,1.6646132785763177,0.4,0.5,0.0
0,76500.0,180000.0,9000.0,0,0.3258042436687201,0.4,0.5,1.0
0,157500.0,450000.0,22500.0,2,7.189596167008898,0.4,0.65,1.0
0,360000.0,852088.5,33921.0,0,3.912388774811773,0.4,0.5,0.0
1,157500.0,441000.0,21447.0,0,4.936344969199179,0.4,0.5,0.0
0,292500.0,1125000.0,47664.0,0,19.460643394934976,0.4,0.6,0.0
0,225000.0,1288350.0,41562.0,0,21.114305270362767,0.85,0.6,0.0
0,135000.0,203760.0,20281.5,0,5.754962354551677,0.4,0.65,0.0
0,135000.0,270000.0,13500.0,0,1.2867898699520877,0.6,0.5,1.0
1,247500.0,450000.0,21888.0,0,3.1978097193702943,0.4,0.5,0.0
0,175500.0,450000.0,22500.0,1,3.7754962354551678,0.4,0.65,1.0
0,202500.0,679500.0,29929.5,1,0.6324435318275154,0.4,0.5,0.0
0,450000.0,900000.0,45000.0,0,2.431211498973306,0.6,0.5,1.0
0,157500.0,163098.0,16128.0,0,3.356605065023956,0.4,0.6,0.0
0,225000.0,313438.5,37327.5,2,7.696098562628337,0.85,0.5,0.0
0,157500.0,855000.0,57501.0,0,2.6694045174537986,0.4,0.5,0.0
0,112500.0,225000.0,25578.0,0,1.3880903490759753,0.4,0.5,0.0
0,337500.0,1350000.0,67500.0,0,3.696098562628337,0.85,0.5,1.0
0,90000.0,523597.5,23193.0,1,6.288843258042436,0.85,0.5,0.0
0,157500.0,684000.0,35055.0,0,3.4113620807665983,0.6,0.6,0.0
0,90000.0,360000.0,19660.5,0,6.080766598220397,0.4,0.5,0.0
0,225000.0,781920.0,26856.0,0,20.298425735797398,0.4,0.65,0.0
0,112500.0,312682.5,29065.5,0,4.763860369609857,0.85,0.5,0.0
1,225000.0,562491.0,27189.0,1,1.1307323750855578,0.4,0.5,0.0
0,180000.0,540000.0,27000.0,0,4.82135523613963,0.85,0.5,1.0
0,180000.0,544491.0,17694.0,1,7.186858316221766,0.4,0.6,0.0
0,180000.0,450000.0,22500.0,1,4.172484599589322,0.85,0.5,1.0
0,337500.0,597024.0,47169.0,0,1.0841889117043122,0.4,0.5,0.0
0,135000.0,1078200.0,29650.5,1,3.4250513347022586,0.4,0.5,0.0
0,117000.0,1078200.0,38331.0,0,7.340177960301164,0.4,0.5,0.0
0,112500.0,241618.5,23665.5,0,3.671457905544148,0.4,0.5,0.0
0,216000.0,531000.0,22626.0,0,1.7221081451060918,0.4,0.6,0.0
0,112500.0,599778.0,30753.0,0,7.145790554414784,0.4,0.5,0.0
0,180000.0,427500.0,46170.0,0,2.844626967830253,0.4,0.6,0.0
0,202500.0,135000.0,6750.0,1,6.8199863107460645,0.4,0.5,1.0
1,135000.0,729792.0,26343.0,0,1.7248459958932238,0.85,0.5,0.0
0,135000.0,95940.0,9486.0,1,0.49828884325804246,0.85,0.65,0.0
0,135000.0,706221.0,22779.0,0,14.617385352498289,0.4,0.6,0.0
0,67500.0,71955.0,7879.5,0,3.805612594113621,0.4,0.5,0.0
1,157500.0,270000.0,13783.5,0,2.3408624229979464,0.4,0.5,0.0
0,337500.0,450000.0,22018.5,1,0.6872005475701575,0.4,0.5,0.0
0,225000.0,573408.0,20727.0,1,6.1492128678987,0.4,0.5,0.0
0,112500.0,781920.0,28084.5,1,31.197809719370294,0.4,0.5,0.0
0,225000.0,2156400.0,59431.5,0,0.6160164271047228,0.85,0.5,0.0
0,225000.0,1312110.0,52168.5,2,0.8213552361396304,0.85,0.6,0.0
0,135000.0,202500.0,10125.0,0,10.433949349760438,0.2,0.5,1.0
0,225000.0,835380.0,40320.0,0,1.9630390143737166,0.4,0.6,0.0
0,180000.0,670185.0,44784.0,0,2.8720054757015743,0.4,0.6,0.0
0,225000.0,472500.0,15372.0,0,10.844626967830253,0.4,0.6,0.0
0,81000.0,678456.0,26419.5,2,0.9527720739219713,0.4,0.6,0.0
0,225000.0,608166.0,62446.5,2,3.7207392197125255,0.4,0.6,0.0
0,135000.0,269550.0,21294.0,0,1.3661875427789185,0.4,0.5,0.0
0,157500.0,1506816.0,49927.5,0,7.416837782340862,0.4,0.6,0.0
0,112500.0,112068.0,12771.0,0,13.059548254620124,0.4,0.5,0.0
1,180000.0,296280.0,23539.5,2,11.7782340862423,0.4,0.5,0.0
0,99000.0,1125000.0,46557.0,0,8.10403832991102,0.4,0.5,0.0
0,180000.0,405000.0,20250.0,0,15.331964407939767,0.4,0.5,1.0
0,247500.0,1130062.5,44946.0,0,7.063655030800821,0.4,0.6,0.0
0,139500.0,724500.0,68787.0,0,18.26694045174538,0.4,0.6,0.0
0,112500.0,647046.0,21001.5,0,11.121149897330595,0.4,0.5,0.0
0,135000.0,630000.0,22626.0,0,2.726899383983573,0.4,0.6,0.0
0,54000.0,99000.0,5499.0,0,6.795345653661875,0.4,0.65,0.0
0,135000.0,157500.0,17811.0,0,0.9007529089664613,0.4,0.5,0.0
0,40500.0,53910.0,3964.5,0,2.8829568788501025,0.4,0.5,0.0
0,144000.0,971280.0,50292.0,1,1.1745379876796715,0.4,0.6,0.0
0,328500.0,1193580.0,32953.5,0,1.4072553045859,0.85,0.6,0.0
0,153000.0,1125000.0,33025.5,0,14.116358658453114,0.85,0.65,0.0
0,135000.0,942300.0,30528.0,1,11.80287474332649,0.4,0.5,0.0
0,189000.0,592560.0,40216.5,1,9.297741273100616,0.85,0.65,0.0
0,247500.0,755190.0,36459.0,0,6.7351129363449695,0.4,0.65,0.0
0,157500.0,61128.0,6084.0,0,10.713210130047912,0.85,0.6,0.0
0,153000.0,1223010.0,51948.0,1,12.301163586584531,0.4,0.65,0.0
0,157500.0,1082214.0,31770.0,0,12.02737850787132,0.4,0.6,0.0
0,225000.0,1886850.0,51885.0,0,5.021218343600274,0.4,0.5,0.0
0,54000.0,254700.0,16713.0,2,15.668720054757015,0.4,0.5,0.0
0,90000.0,755190.0,32125.5,1,0.5174537987679672,0.4,0.5,0.0
1,157500.0,630000.0,34308.0,0,0.9117043121149897,0.4,0.5,0.0
0,90000.0,1255680.0,45234.0,1,14.30527036276523,0.4,0.5,0.0
0,157500.0,521280.0,27423.0,2,3.9863107460643397,0.4,0.5,0.0
1,180000.0,450000.0,22018.5,0,9.442847364818617,0.4,0.5,0.0
0,67500.0,918468.0,30483.0,2,4.418891170431212,0.4,0.5,0.0
0,157500.0,270000.0,21775.5,0,1.7193702943189597,0.4,0.5,0.0
0,112500.0,1575000.0,49455.0,1,0.5448323066392882,0.4,0.5,0.0
0,225000.0,1132573.5,37561.5,1,1.51129363449692,0.85,0.6,0.0
0,121500.0,284400.0,14854.5,0,0.4380561259411362,0.4,0.5,0.0
0,112500.0,180000.0,7623.0,0,3.7180013689253935,0.85,0.5,0.0
0,256500.0,760225.5,30280.5,0,5.626283367556468,0.4,0.5,0.0
0,126000.0,733500.0,21447.0,0,11.252566735112936,0.4,0.5,0.0
0,72000.0,180000.0,13225.5,0,6.220396988364135,0.85,0.6,0.0
0,180000.0,646920.0,17919.0,0,1.434633812457221,0.4,0.6,0.0
0,90000.0,539100.0,27652.5,3,2.5598904859685145,0.85,0.6,0.0
0,90000.0,225000.0,15165.0,0,7.967145790554415,0.6,0.6,0.0
1,126000.0,98910.0,9072.0,2,6.140999315537303,0.4,0.5,0.0
0,225000.0,1288350.0,37800.0,0,9.927446954140999,0.85,0.5,0.0
0,90000.0,1971072.0,68643.0,0,2.598220396988364,0.4,0.5,0.0
0,135000.0,180000.0,9000.0,1,1.5277207392197125,0.4,0.65,1.0
0,225000.0,315000.0,22531.5,2,5.90280629705681,0.85,0.65,0.0
0,360000.0,1125000.0,36423.0,1,4.522929500342231,0.4,0.6,0.0
0,405000.0,997974.0,42412.5,1,2.8829568788501025,0.85,0.6,0.0
0,135000.0,183784.5,13869.0,0,0.7775496235455168,0.4,0.5,0.0
1,180000.0,172021.5,18193.5,0,0.6652977412731006,0.85,0.6,0.0
0,157500.0,450000.0,42075.0,0,7.279945242984257,0.4,0.5,0.0
0,135000.0,1113840.0,50463.0,0,2.4449007529089664,0.4,0.5,0.0
0,45000.0,323388.0,18184.5,0,4.199863107460644,0.4,0.6,0.0
0,225000.0,1489500.0,39289.5,0,10.524298425735797,0.4,0.6,0.0
0,112500.0,225000.0,11250.0,0,9.689253935660506,0.4,0.5,1.0
0,225000.0,485640.0,38263.5,0,14.921286789869953,0.4,0.6,0.0
0,202500.0,781920.0,28084.5,0,7.392197125256674,0.85,0.5,0.0
0,202500.0,863226.0,34362.0,0,0.7091033538672142,0.4,0.5,0.0
1,360000.0,781920.0,39924.0,0,3.9260780287474333,0.4,0.5,0.0
0,126000.0,2013840.0,55507.5,2,17.28952772073922,0.4,0.65,0.0
0,202500.0,913500.0,32494.5,1,13.650924024640657,0.85,0.65,0.0
0,270000.0,1008117.0,29605.5,0,3.132101300479124,0.4,0.6,0.0
0,67500.0,808650.0,26217.0,0,13.149897330595483,0.4,0.5,0.0
0,103500.0,135000.0,14175.0,0,10.505133470225873,0.4,0.5,0.0
0,144000.0,545040.0,17244.0,1,0.4654346338124572,0.85,0.6,0.0
0,450000.0,1125000.0,36423.0,2,8.681724845995893,0.85,0.6,0.0
0,315000.0,526491.0,32206.5,1,23.42505133470226,0.85,0.5,0.0
0,90000.0,381528.0,19885.5,0,2.784394250513347,0.4,0.5,0.0
0,225000.0,765000.0,22495.5,0,24.10130047912389,0.85,0.65,0.0
0,135000.0,180000.0,9000.0,1,14.929500342231348,0.4,0.6,1.0
0,270000.0,848745.0,46174.5,0,3.5208761122518824,0.4,0.6,0.0
0,157500.0,1749325.5,60934.5,1,7.8904859685147155,0.4,0.5,0.0
1,112500.0,1078200.0,31653.0,1,12.588637919233403,0.4,0.6,0.0
0,2930026.5,900000.0,36657.0,0,8.993839835728952,0.4,0.6,0.0
0,94500.0,239850.0,25960.5,1,0.49828884325804246,0.4,0.5,0.0
0,202500.0,906615.0,30091.5,0,8.388774811772759,0.4,0.5,0.0
0,135000.0,291384.0,25056.0,1,4.6269678302532515,0.85,0.5,0.0
0,144000.0,675000.0,21906.0,0,18.146475017111566,0.4,0.65,0.0
0,67500.0,157500.0,16960.5,1,2.951403148528405,0.4,0.5,0.0
1,112500.0,853285.5,27859.5,0,10.149212867898699,0.85,0.5,0.0
1,157500.0,521280.0,28408.5,0,6.398357289527721,0.4,0.6,0.0
0,202500.0,355536.0,18283.5,0,2.924024640657084,0.4,0.5,0.0
0,157500.0,1265724.0,41962.5,2,0.42984257357973993,0.4,0.6,0.0
0,202500.0,47970.0,5089.5,2,4.6269678302532515,0.4,0.5,0.0
0,337500.0,545040.0,26640.0,0,2.2258726899383983,0.4,0.6,0.0
0,157500.0,553581.0,31041.0,1,3.0171115674195756,0.4,0.6,0.0
0,247500.0,540000.0,51273.0,0,12.0766598220397,0.4,0.6,0.0
0,450000.0,180000.0,9000.0,2,8.772073921971252,0.85,0.5,1.0
0,90000.0,679500.0,22050.0,1,1.106091718001369,0.4,0.5,0.0
1,81000.0,107820.0,10017.0,2,1.3305954825462012,0.4,0.5,0.0
0,157500.0,373500.0,19197.0,1,4.186173853524983,0.4,0.5,0.0
0,225000.0,278811.0,15255.0,1,4.142368240930869,0.85,0.5,0.0
0,153000.0,325377.0,25551.0,0,2.8062970568104038,0.85,0.65,0.0
0,112500.0,651960.0,23418.0,0,10.91854893908282,0.4,0.6,0.0
0,157500.0,634500.0,46170.0,0,9.158110882956878,0.85,0.65,0.0
1,112500.0,1078200.0,31653.0,0,6.798083504449007,0.4,0.5,0.0
0,211500.0,1006920.0,38353.5,1,1.7796030116358659,0.6,0.6,0.0
0,135000.0,225000.0,20767.5,1,8.65160848733744,0.4,0.6,0.0
1,81000.0,180000.0,9000.0,0,1.0978781656399725,0.4,0.5,1.0
0,225000.0,180000.0,9000.0,0,10.967830253251197,0.6,0.65,1.0
0,166500.0,1585224.0,42637.5,0,3.1786447638603694,0.85,0.5,0.0
0,112500.0,508495.5,20295.0,0,12.695414099931554,0.4,0.5,0.0
0,270000.0,906615.0,32692.5,1,9.371663244353183,0.85,0.5,0.0
0,180000.0,1724688.0,56997.0,2,4.574948665297741,0.85,0.5,0.0
0,180000.0,860265.0,52758.0,0,7.750855578370979,0.85,0.6,0.0
1,157500.0,846387.0,24255.0,1,2.948665297741273,0.85,0.5,0.0
0,90000.0,192874.5,13846.5,3,21.357973990417523,0.4,0.5,0.0
0,225000.0,208512.0,22023.0,0,6.6447638603696095,0.4,0.5,0.0
0,135000.0,270000.0,13500.0,0,3.980835044490075,0.85,0.65,1.0
0,450000.0,848745.0,46044.0,0,0.27652292950034224,0.4,0.65,0.0
0,171000.0,1065433.5,45270.0,1,1.8672142368240932,0.4,0.65,0.0
0,153000.0,276903.0,21559.5,0,7.0335386721423685,0.4,0.5,0.0
0,126000.0,348264.0,27643.5,2,9.08145106091718,0.4,0.5,0.0
0,180000.0,675000.0,32602.5,1,19.62217659137577,0.4,0.5,0.0
0,112500.0,135000.0,6750.0,0,3.4715947980835042,0.85,0.5,1.0
1,270000.0,900000.0,45954.0,2,2.020533880903491,0.85,0.5,0.0
0,112500.0,200493.0,15646.5,0,16.78576317590691,0.4,0.5,0.0
0,135000.0,284400.0,18643.5,1,0.70362765229295,0.4,0.5,0.0
0,135000.0,840996.0,22315.5,1,1.2511978097193703,0.85,0.5,0.0
0,157500.0,1066320.0,38299.5,1,1.051334702258727,0.4,0.5,0.0
0,306000.0,835380.0,40320.0,0,1.1663244353182751,0.4,0.5,0.0
0,84505.5,247500.0,25110.0,0,1.3169062286105406,0.85,0.5,0.0
0,450000.0,270000.0,13500.0,1,18.535249828884325,0.4,0.6,1.0
0,135000.0,545040.0,26640.0,2,0.39698836413415467,0.4,0.5,0.0
0,180000.0,1350000.0,46926.0,0,24.49555099247091,0.4,0.65,0.0
0,180000.0,315666.0,28948.5,0,4.969199178644764,0.85,0.5,0.0
0,180000.0,1270746.0,42124.5,0,1.3278576317590691,0.85,0.5,0.0
0,157500.0,265851.0,14548.5,0,2.943189596167009,0.4,0.6,0.0
0,135000.0,315000.0,14004.0,0,4.030116358658453,0.85,0.5,0.0
0,270000.0,1428408.0,79758.0,0,3.1786447638603694,0.85,0.5,0.0
0,256500.0,675000.0,21775.5,3,12.865160848733744,0.4,0.65,0.0
0,90000.0,432661.5,19188.0,0,5.026694045174538,0.4,0.5,0.0
0,180000.0,1029658.5,34029.0,3,11.707049965776864,0.4,0.5,0.0
1,103500.0,592560.0,30294.0,0,2.305270362765229,0.4,0.5,0.0
0,49500.0,180000.0,9000.0,0,9.409993155373032,0.4,0.5,1.0
0,225000.0,495000.0,39109.5,0,2.5708418891170433,0.4,0.5,0.0
0,135000.0,369000.0,14040.0,1,0.5667351129363449,0.85,0.5,0.0
1,180000.0,450000.0,36081.0,0,19.340177960301162,0.4,0.5,0.0
0,157500.0,1350000.0,39604.5,0,14.119096509240247,0.85,0.5,0.0
0,360000.0,2301228.0,69772.5,0,5.730321697467488,0.85,0.6,0.0
1,135000.0,314100.0,16573.5,2,3.1047227926078027,0.4,0.5,0.0
0,112500.0,398160.0,25573.5,1,3.4223134839151266,0.4,0.5,0.0
1,202500.0,640080.0,29970.0,2,2.7652292950034223,0.4,0.5,0.0
0,157500.0,286704.0,18450.0,0,4.577686516084873,0.85,0.5,0.0
0,112500.0,270000.0,13500.0,1,0.32854209445585214,0.85,0.6,1.0
0,135000.0,269550.0,16416.0,0,3.6030116358658453,0.4,0.5,0.0
1,81000.0,900000.0,26446.5,0,4.6269678302532515,0.4,0.5,0.0
1,180000.0,781920.0,61906.5,1,1.1937029431895962,0.4,0.5,0.0
0,135000.0,320040.0,12195.0,0,1.270362765229295,0.4,0.6,0.0
0,135000.0,1190340.0,66595.5,2,4.629705681040384,0.6,0.5,0.0
1,135000.0,755190.0,31995.0,0,4.8350444900752905,0.85,0.6,0.0
0,157500.0,292500.0,30712.5,0,1.2402464065708418,0.4,0.6,0.0
0,135000.0,173092.5,11488.5,0,4.643394934976044,0.4,0.5,0.0
0,450000.0,1125000.0,47664.0,0,2.4695414099931554,0.4,0.5,0.0
0,81000.0,109467.0,11623.5,0,0.8761122518822724,0.4,0.6,0.0
0,135000.0,405000.0,20250.0,0,4.952772073921971,0.6,0.65,1.0
0,108000.0,269550.0,21739.5,0,0.2929500342231348,0.85,0.5,0.0
1,90000.0,1078200.0,31653.0,1,1.2539356605065024,0.85,0.5,0.0
0,180000.0,360000.0,28440.0,0,1.0841889117043122,0.4,0.5,0.0
0,112500.0,202500.0,10125.0,0,4.290212183436003,0.6,0.5,1.0
0,180000.0,2250000.0,59355.0,0,1.1526351813826146,0.85,0.6,0.0
0,153000.0,772686.0,22720.5,0,0.5722108145106092,0.85,0.5,0.0
0,157500.0,405000.0,20250.0,0,4.418891170431212,0.85,0.6,1.0
0,189000.0,1546020.0,45333.0,0,33.08418891170431,0.85,0.5,0.0
0,112500.0,545040.0,26640.0,0,5.861738535249829,0.85,0.5,0.0
0,315000.0,835380.0,38839.5,2,4.060232717316906,0.4,0.6,0.0
1,135000.0,163008.0,13009.5,0,7.29637234770705,0.85,0.6,0.0
0,54000.0,284400.0,13387.5,0,6.368240930869268,0.4,0.5,0.0
1,315000.0,500211.0,39649.5,2,4.459958932238193,0.4,0.65,0.0
0,135000.0,879934.5,34897.5,0,1.0978781656399725,0.4,0.5,0.0
0,180000.0,291915.0,11245.5,0,11.665982203969884,0.6,0.5,0.0
0,135000.0,167895.0,16605.0,0,10.896646132785763,0.4,0.5,0.0
0,76500.0,454500.0,14661.0,0,7.378507871321013,0.4,0.5,0.0
1,112500.0,423000.0,34042.5,0,1.103353867214237,0.4,0.5,0.0
1,180000.0,1185282.0,34096.5,0,1.1170431211498972,0.4,0.5,0.0
0,112500.0,1024290.0,36418.5,0,1.5633127994524298,0.4,0.5,0.0
0,72000.0,808650.0,23643.0,0,29.842573579739906,0.4,0.5,0.0
1,292500.0,846387.0,30114.0,1,2.6913073237508556,0.4,0.5,0.0
0,90000.0,195543.0,13198.5,0,1.9137577002053388,0.4,0.5,0.0
0,180000.0,553581.0,35509.5,0,3.249828884325804,0.4,0.5,0.0
0,135000.0,472104.0,12582.0,0,3.2908966461327855,0.4,0.5,0.0
0,193500.0,545040.0,26640.0,2,1.6372347707049966,0.4,0.5,0.0
0,157500.0,675000.0,19737.0,1,18.439425051334702,0.85,0.5,0.0
1,135000.0,199080.0,13432.5,2,4.632443531827516,0.85,0.5,0.0
1,90000.0,986274.0,35073.0,1,2.940451745379877,0.4,0.5,0.0
0,112500.0,225000.0,21919.5,0,1.0595482546201231,0.4,0.5,0.0
0,157500.0,608166.0,59377.5,2,2.524298425735797,0.4,0.5,0.0
0,189000.0,1133748.0,33147.0,0,3.241615331964408,0.4,0.6,0.0
0,225000.0,1012500.0,50625.0,0,1.9356605065023955,0.85,0.6,1.0
0,112500.0,376920.0,20574.0,0,12.164271047227926,0.4,0.5,0.0
1,180000.0,779688.0,39937.5,1,2.3134839151266258,0.6,0.5,0.0
1,144000.0,677664.0,24340.5,0,5.0102669404517455,0.4,0.5,0.0
0,135000.0,450000.0,16164.0,0,3.0417522245037647,0.4,0.5,0.0
1,90000.0,312768.0,19134.0,3,1.2238193018480492,0.4,0.5,0.0
0,540000.0,450000.0,35338.5,0,9.27857631759069,0.4,0.65,0.0
1,450000.0,490495.5,31477.5,0,8.648870636550308,0.4,0.5,0.0
0,247500.0,390960.0,23755.5,0,4.243668720054757,0.6,0.6,0.0
0,292500.0,900000.0,31887.0,1,10.735112936344969,0.85,0.5,0.0
0,202500.0,78192.0,9279.0,2,6.97056810403833,0.2,0.5,0.0
0,67500.0,573408.0,29407.5,2,0.39698836413415467,0.85,0.5,0.0
1,234000.0,1174500.0,46705.5,0,10.688569472963723,0.4,0.5,0.0
0,139500.0,888840.0,29506.5,2,17.60164271047228,0.4,0.5,0.0
0,108000.0,555273.0,16366.5,0,1.108829568788501,0.4,0.5,0.0
0,90000.0,225000.0,11250.0,0,1.8809034907597535,0.85,0.6,1.0
0,180000.0,441000.0,24052.5,0,8.955509924709103,0.4,0.6,0.0
0,135000.0,755190.0,36459.0,0,0.2299794661190965,0.4,0.5,0.0
0,139500.0,173092.5,14008.5,0,14.039698836413416,0.4,0.5,0.0
1,315000.0,855000.0,46381.5,2,11.942505133470226,0.85,0.65,0.0
0,121500.0,526491.0,28179.0,0,4.947296372347707,0.4,0.65,0.0
0,112500.0,315000.0,18211.5,0,3.8193018480492813,0.4,0.6,0.0
0,153612.0,1223010.0,46714.5,0,2.21492128678987,0.4,0.6,0.0
0,315000.0,497520.0,52920.0,0,0.3915126625598905,0.85,0.6,0.0
1,175500.0,540000.0,25978.5,0,4.717316906228611,0.4,0.5,0.0
0,297000.0,630000.0,49774.5,0,1.0869267624914443,0.4,0.6,0.0
0,135000.0,206280.0,10161.0,0,4.492813141683778,0.4,0.5,0.0
0,247500.0,1061599.5,31171.5,0,1.943874058863792,0.6,0.5,0.0
0,256500.0,509400.0,40243.5,3,1.5496235455167693,0.4,0.6,0.0
0,135000.0,143910.0,14017.5,0,2.5708418891170433,0.85,0.65,0.0
1,270000.0,959598.0,34128.0,0,31.11567419575633,0.4,0.6,0.0
1,90000.0,312768.0,19030.5,0,3.1019849418206706,0.4,0.5,0.0
0,225000.0,728460.0,76626.0,2,1.3990417522245038,0.4,0.5,0.0
0,45000.0,760131.0,22356.0,0,6.154688569472964,0.85,0.5,0.0
0,135000.0,755190.0,36459.0,0,4.48186173853525,0.6,0.6,0.0
0,121500.0,824823.0,24246.0,0,6.683093771389459,0.4,0.6,0.0
0,67500.0,152820.0,12073.5,0,4.969199178644764,0.4,0.5,0.0
1,112500.0,675000.0,24246.0,0,6.09719370294319,0.4,0.5,0.0
0,135000.0,157500.0,7875.0,1,6.633812457221081,0.6,0.65,1.0
0,180000.0,916299.0,36468.0,0,3.345653661875428,0.4,0.5,0.0
0,112500.0,157050.0,7047.0,0,7.340177960301164,0.4,0.5,0.0
1,90000.0,261000.0,27823.5,0,8.640657084188911,0.4,0.5,0.0
0,180000.0,770292.0,30676.5,0,5.897330595482546,0.2,0.6,0.0
0,118350.0,691020.0,22288.5,1,2.9623545516769334,0.4,0.65,0.0
0,112500.0,1252935.0,36765.0,1,2.4175222450376452,0.4,0.5,0.0
0,247500.0,225000.0,18040.5,2,6.017796030116359,0.85,0.65,0.0
1,180000.0,327024.0,21420.0,0,3.8548939082819986,0.4,0.6,0.0
1,121500.0,349609.5,13446.0,0,0.5503080082135524,0.4,0.6,0.0
0,540000.0,545040.0,36553.5,0,0.45722108145106094,0.4,0.6,0.0
0,103500.0,269550.0,14751.0,0,2.9295003422313486,0.4,0.5,0.0
0,67500.0,781695.0,25213.5,1,6.80082135523614,0.4,0.5,0.0
1,180000.0,349609.5,19093.5,0,2.0177960301163584,0.4,0.5,0.0
0,135000.0,781920.0,42547.5,0,3.4962354551676933,0.4,0.6,0.0
0,180000.0,152820.0,16587.0,2,3.4387405886379194,0.4,0.5,0.0
0,112500.0,824242.5,35050.5,1,9.522245037645447,0.4,0.6,0.0
0,216000.0,679896.0,35883.0,0,9.010266940451745,0.85,0.5,0.0
0,112500.0,244584.0,12793.5,1,0.36960985626283366,0.4,0.5,0.0
0,135000.0,526491.0,27009.0,0,7.685147159479809,0.85,0.5,0.0
1,135000.0,1054773.0,38016.0,0,2.439425051334702,0.4,0.6,0.0
0,157500.0,180000.0,9000.0,0,0.5639972621492129,0.6,0.6,1.0
0,144000.0,755190.0,38686.5,2,5.735797399041752,0.4,0.5,0.0
1,270000.0,1271929.5,54018.0,1,4.229979466119096,0.4,0.5,0.0
0,225000.0,1303200.0,46809.0,1,8.24914442162902,0.4,0.5,0.0
0,225000.0,630000.0,31500.0,0,5.754962354551677,0.4,0.6,1.0
0,121500.0,178290.0,17631.0,0,17.765913757700204,0.4,0.5,0.0
1,72000.0,450000.0,21888.0,1,4.772073921971253,0.4,0.5,0.0
1,90000.0,284400.0,22599.0,0,2.113620807665982,0.4,0.5,0.0
0,112500.0,213322.5,16983.0,1,4.0219028062970565,0.4,0.5,0.0
0,81000.0,270000.0,17383.5,0,0.34770704996577684,0.4,0.65,0.0
0,103500.0,1288350.0,41562.0,2,1.4236824093086926,0.2,0.5,0.0
0,135000.0,558706.5,39865.5,1,18.193018480492814,0.4,0.6,0.0
0,225000.0,450000.0,30204.0,1,0.5147159479808351,0.6,0.5,0.0
0,247500.0,971280.0,54364.5,0,8.747433264887064,0.4,0.5,0.0
0,90000.0,1314117.0,36265.5,0,20.752908966461327,0.4,0.6,0.0
1,103500.0,220500.0,15043.5,0,0.3613963039014374,0.4,0.6,0.0
1,225000.0,972000.0,28417.5,0,2.833675564681725,0.4,0.5,0.0
0,202500.0,755190.0,31995.0,0,7.58384668035592,0.4,0.5,0.0
0,225000.0,1039702.5,34492.5,0,16.843258042436688,0.4,0.6,0.0
0,315000.0,417915.0,33147.0,0,4.75564681724846,0.4,0.6,0.0
0,225000.0,876816.0,44896.5,0,3.6358658453114305,0.6,0.6,0.0
0,81000.0,67765.5,7425.0,1,4.731006160164271,0.4,0.5,0.0
0,112500.0,67500.0,3442.5,2,5.648186173853525,0.85,0.65,0.0
0,135000.0,180000.0,9000.0,0,1.270362765229295,0.6,0.6,1.0
0,180000.0,858114.0,55615.5,0,0.5722108145106092,0.4,0.5,0.0
0,81000.0,102384.0,6795.0,1,1.6974674880219027,0.4,0.5,0.0
0,328500.0,397881.0,28831.5,0,5.475701574264202,0.4,0.6,0.0
0,81000.0,269550.0,19300.5,2,5.28952772073922,0.4,0.5,0.0
0,157500.0,622188.0,25110.0,1,1.5523613963039014,0.85,0.5,0.0
0,360000.0,900000.0,50256.0,0,14.13552361396304,0.4,0.6,0.0
0,207000.0,1125000.0,47794.5,0,7.225188227241615,0.85,0.5,0.0
0,112500.0,450000.0,17095.5,0,11.868583162217659,0.4,0.5,0.0
0,225000.0,450000.0,47749.5,0,5.45927446954141,0.4,0.5,0.0
0,135000.0,450000.0,23107.5,0,5.464750171115674,0.85,0.5,0.0
0,126000.0,310500.0,24025.5,1,9.286789869952088,0.85,0.6,0.0
0,514480.5,1575000.0,41679.0,0,13.418206707734429,0.4,0.6,0.0
0,315000.0,582228.0,16686.0,0,4.739219712525667,0.4,0.6,0.0
0,180000.0,679500.0,28917.0,0,23.37303216974675,0.85,0.6,0.0
0,202500.0,450000.0,48595.5,0,0.2929500342231348,0.4,0.5,0.0
0,180000.0,835380.0,40189.5,0,3.077344284736482,0.4,0.5,0.0
0,360000.0,1724688.0,60079.5,1,1.160848733744011,0.85,0.6,0.0
1,315000.0,2220259.5,61186.5,0,1.5742642026009583,0.4,0.6,0.0
0,67500.0,157500.0,7875.0,1,3.1074606433949348,0.85,0.5,1.0
0,126000.0,99000.0,10791.0,0,0.2737850787132101,0.4,0.5,0.0
1,225000.0,835380.0,40320.0,0,2.921286789869952,0.4,0.5,0.0
0,90000.0,135000.0,8919.0,1,0.45722108145106094,0.4,0.6,0.0
0,135000.0,263686.5,26208.0,2,4.358658453114305,0.85,0.6,0.0
0,121500.0,835605.0,24561.0,0,4.490075290896646,0.4,0.5,0.0
0,342000.0,495351.0,39136.5,1,3.025325119780972,0.4,0.65,0.0
0,135000.0,284256.0,30159.0,0,6.505133470225872,0.4,0.5,0.0
0,202500.0,180000.0,9000.0,2,6.595482546201232,0.85,0.5,1.0
0,157500.0,900000.0,26316.0,0,10.603696098562628,0.85,0.5,0.0
0,112500.0,1024290.0,29947.5,0,6.945927446954141,0.85,0.65,0.0
0,67500.0,180000.0,9000.0,1,4.112251882272417,0.4,0.5,1.0
1,166500.0,588874.5,28773.0,1,1.51129363449692,0.4,0.6,0.0
0,112500.0,770913.0,24997.5,0,2.223134839151266,0.4,0.5,0.0
0,135000.0,247500.0,29371.5,0,4.720054757015743,0.4,0.5,0.0
1,121500.0,297000.0,7965.0,1,2.943189596167009,0.4,0.5,0.0
0,225000.0,540000.0,27000.0,0,18.151950718685832,0.85,0.5,1.0
1,270000.0,755190.0,38686.5,0,35.063655030800824,0.4,0.5,0.0
1,81000.0,675000.0,21906.0,0,0.29842573579739906,0.4,0.5,0.0
0,315000.0,514777.5,37588.5,0,23.091033538672143,0.4,0.5,0.0
0,270000.0,278613.0,30136.5,0,3.3347022587268995,0.4,0.6,0.0
1,144000.0,1078200.0,38200.5,0,2.915811088295688,0.4,0.6,0.0
0,211500.0,855000.0,33259.5,0,4.375085557837098,0.85,0.5,0.0
1,112500.0,255829.5,30361.5,0,1.2950034223134839,0.4,0.65,0.0
0,450000.0,1237500.0,61875.0,1,8.479123887748118,0.85,0.5,1.0
0,180000.0,900000.0,38263.5,0,7.682409308692677,0.85,0.6,0.0
0,270000.0,138204.0,7186.5,0,6.401095140314853,0.6,0.5,0.0
0,90000.0,970380.0,34510.5,1,8.071184120465434,0.4,0.5,0.0
1,180000.0,576072.0,28147.5,1,0.49007529089664614,0.4,0.5,0.0
0,180000.0,1046142.0,33876.0,0,5.152635181382615,0.4,0.5,0.0
0,94500.0,180000.0,9000.0,0,2.915811088295688,0.4,0.6,1.0
0,103500.0,315000.0,15750.0,0,1.4072553045859,0.4,0.5,1.0
1,108000.0,422235.0,28692.0,0,0.9691991786447639,0.4,0.5,0.0
0,315000.0,276277.5,19777.5,1,2.5845311430527036,0.4,0.6,0.0
0,135000.0,1312110.0,55723.5,1,6.718685831622176,0.4,0.5,0.0
0,315000.0,1096020.0,55962.0,1,3.485284052019165,0.4,0.5,0.0
0,202500.0,677664.0,21406.5,2,1.5989048596851472,0.85,0.5,0.0
0,90000.0,254700.0,24939.0,0,4.722792607802875,0.4,0.5,0.0
0,90000.0,270000.0,13500.0,2,17.924709103353866,0.85,0.5,1.0
0,67500.0,544491.0,16047.0,0,1.4099931553730323,0.4,0.5,0.0
0,121500.0,580707.0,25708.5,0,5.845311430527036,0.4,0.6,0.0
0,90000.0,171000.0,8860.5,0,0.6433949349760438,0.85,0.5,0.0
0,270000.0,533304.0,27360.0,0,1.51129363449692,0.4,0.65,0.0
0,112500.0,269982.0,32170.5,1,5.817932922655715,0.4,0.6,0.0
0,112500.0,640080.0,31261.5,0,1.270362765229295,0.4,0.5,0.0
1,319500.0,1006920.0,51543.0,2,5.086926762491444,0.4,0.5,0.0
0,144000.0,1006920.0,39933.0,2,3.679671457905544,0.4,0.6,0.0
0,112500.0,445500.0,47268.0,0,3.0444900752908968,0.85,0.5,0.0
1,90000.0,98910.0,7929.0,2,0.5229295003422314,0.4,0.5,0.0
0,90000.0,309420.0,11241.0,0,2.4695414099931554,0.4,0.5,0.0
0,97200.0,269550.0,17689.5,1,3.1129363449691994,0.85,0.6,0.0
0,270000.0,1800000.0,49630.5,1,1.3607118412046544,0.85,0.6,0.0
0,180000.0,292500.0,14625.0,1,12.596851471594798,0.85,0.5,1.0
0,225000.0,751842.0,31986.0,0,6.877481177275839,0.4,0.5,0.0
0,126000.0,491031.0,33075.0,0,13.431895961670088,0.4,0.6,0.0
0,135000.0,1006920.0,39933.0,0,6.006844626967831,0.4,0.5,0.0
0,72000.0,1288350.0,37800.0,0,3.3045859000684463,0.4,0.65,0.0
0,225000.0,900000.0,45000.0,0,9.806981519507186,0.4,0.5,1.0
0,112500.0,450000.0,22018.5,0,2.847364818617385,0.4,0.5,0.0
1,157500.0,755190.0,35122.5,0,12.640657084188911,0.4,0.5,0.0
0,270000.0,1078200.0,38331.0,0,3.4168377823408624,0.85,0.5,0.0
0,90000.0,152820.0,15241.5,0,6.7351129363449695,0.4,0.6,0.0
0,135000.0,729792.0,26343.0,0,1.6837782340862424,0.4,0.6,0.0
0,225000.0,185877.0,9490.5,1,1.995893223819302,0.85,0.5,0.0
0,76500.0,824823.0,24246.0,1,6.398357289527721,0.4,0.5,0.0
0,135000.0,270000.0,13500.0,1,4.476386036960986,0.4,0.5,1.0
0,94500.0,292500.0,14625.0,0,1.6563997262149213,0.85,0.5,1.0
0,225000.0,473760.0,53451.0,0,4.616016427104722,0.85,0.6,0.0
0,180000.0,180000.0,9000.0,0,2.272416153319644,0.4,0.5,1.0
0,126000.0,513531.0,24705.0,0,1.1143052703627652,0.4,0.5,0.0
0,270000.0,1488159.0,51727.5,0,17.631759069130734,0.4,0.5,0.0
0,225000.0,1288350.0,41562.0,0,3.6139630390143735,0.85,0.6,0.0
0,101250.0,397881.0,19480.5,1,1.6098562628336757,0.4,0.5,0.0
0,225000.0,630000.0,31500.0,1,12.459958932238193,0.85,0.5,1.0
0,90000.0,1056447.0,31018.5,0,14.872005475701574,0.4,0.6,0.0
0,202500.0,285723.0,21492.0,0,1.5277207392197125,0.85,0.6,0.0
0,90000.0,315000.0,21438.0,2,6.924024640657084,0.85,0.65,0.0
0,135000.0,526491.0,33777.0,0,8.695414099931554,0.4,0.5,0.0
0,225000.0,675000.0,33750.0,0,15.093771389459274,0.85,0.6,1.0
0,99000.0,592560.0,35937.0,4,2.8993839835728954,0.85,0.65,0.0
0,315000.0,450000.0,22500.0,0,6.2149212867898695,0.85,0.6,1.0
1,112500.0,152820.0,18265.5,1,1.9630390143737166,0.4,0.5,0.0
0,450000.0,868797.0,34587.0,2,2.2587268993839835,0.85,0.6,0.0
0,135000.0,490495.5,27517.5,1,28.240930869267626,0.4,0.6,0.0
0,247500.0,971280.0,51745.5,0,6.160164271047228,0.85,0.5,0.0
1,90000.0,814041.0,23931.0,0,12.88432580424367,0.4,0.6,0.0
0,252000.0,290088.0,21240.0,0,6.9897330595482545,0.4,0.6,0.0
0,126000.0,1288350.0,37800.0,0,12.695414099931554,0.4,0.5,0.0
0,157500.0,1800000.0,62568.0,0,2.00684462696783,0.85,0.5,0.0
1,112500.0,523597.5,20893.5,0,25.5523613963039,0.4,0.6,0.0
0,180000.0,344043.0,18792.0,1,11.542778918548938,0.4,0.5,0.0
0,157500.0,1288350.0,37800.0,0,1.8590006844626967,0.85,0.6,0.0
0,202500.0,573408.0,19080.0,0,8.147843942505133,0.4,0.65,0.0
0,180000.0,1006920.0,42790.5,2,17.059548254620122,0.4,0.5,0.0
0,166500.0,94500.0,10156.5,1,1.051334702258727,0.85,0.6,0.0
0,540000.0,1125000.0,32242.5,0,2.1464750171115674,0.4,0.5,0.0
0,157500.0,450000.0,23562.0,0,1.267624914442163,0.4,0.5,0.0
0,135000.0,268659.0,17622.0,0,3.29637234770705,0.4,0.5,0.0
0,135000.0,327024.0,9913.5,0,7.279945242984257,0.4,0.5,0.0
0,180000.0,1054773.0,34987.5,0,8.37782340862423,0.85,0.65,0.0
0,135000.0,132768.0,5755.5,0,2.485968514715948,0.4,0.6,0.0
0,90000.0,450000.0,23692.5,0,5.1827515400410675,0.4,0.5,0.0
0,202500.0,785250.0,30555.0,0,2.2751540041067764,0.4,0.5,0.0
0,180000.0,1575000.0,41679.0,0,4.747433264887063,0.4,0.5,0.0
0,218700.0,894906.0,31833.0,0,21.864476386036962,0.4,0.6,0.0
0,270000.0,1166724.0,34245.0,1,12.777549623545516,0.4,0.5,0.0
0,315000.0,1056447.0,31018.5,4,17.620807665982205,0.4,0.6,0.0
0,67500.0,103500.0,8307.0,0,1.6043805612594113,0.4,0.5,0.0
0,126000.0,814041.0,23931.0,0,5.993155373032169,0.4,0.6,0.0
0,180000.0,172021.5,17145.0,0,1.379876796714579,0.85,0.6,0.0
0,225000.0,1800000.0,47614.5,0,12.969199178644764,0.4,0.6,0.0
0,157500.0,545040.0,19705.5,2,22.751540041067763,0.4,0.5,0.0
1,121500.0,203760.0,23044.5,1,5.467488021902806,0.4,0.65,0.0
0,315000.0,1762110.0,46611.0,0,1.6180698151950719,0.4,0.6,0.0
0,180000.0,691020.0,26775.0,1,7.838466803559206,0.4,0.6,0.0
1,103500.0,566055.0,18387.0,0,10.485968514715948,0.4,0.5,0.0
0,135000.0,592560.0,35937.0,0,2.403832991101985,0.6,0.5,0.0
1,315000.0,859500.0,30451.5,0,4.662559890485968,0.85,0.6,0.0
0,315000.0,685386.0,45931.5,1,9.987679671457906,0.4,0.6,0.0
0,216000.0,1288350.0,37669.5,0,6.650239561943874,0.4,0.5,0.0
0,180000.0,755856.0,31905.0,0,7.498973305954825,0.4,0.5,0.0
0,180000.0,754740.0,21757.5,1,5.973990417522245,0.4,0.6,0.0
0,180000.0,481855.5,45882.0,0,15.523613963039015,0.85,0.6,0.0
0,90000.0,808650.0,29839.5,1,2.412046543463381,0.4,0.5,0.0
0,144000.0,755190.0,36459.0,2,6.346338124572211,0.4,0.6,0.0
1,135000.0,90000.0,10809.0,3,3.600273785078713,0.4,0.5,0.0
1,225000.0,450000.0,22860.0,1,3.972621492128679,0.6,0.5,0.0
0,315000.0,630000.0,31500.0,0,0.5147159479808351,0.85,0.6,1.0
0,112500.0,953941.5,29052.0,0,6.417522245037645,0.85,0.5,0.0
0,243000.0,338832.0,14485.5,1,7.515400410677618,0.85,0.6,0.0
0,99000.0,50940.0,6174.0,0,0.758384668035592,0.4,0.5,0.0
0,67500.0,314100.0,16033.5,0,5.943874058863792,0.4,0.5,0.0
0,292500.0,1291500.0,51219.0,0,12.553045859000685,0.85,0.65,0.0
1,108000.0,675000.0,32602.5,2,3.033538672142368,0.4,0.5,0.0
0,225000.0,1125000.0,47794.5,1,11.21697467488022,0.85,0.5,0.0
0,180000.0,614574.0,16897.5,0,2.2861054072553046,0.85,0.5,0.0
0,135000.0,269982.0,27792.0,2,6.039698836413415,0.4,0.5,0.0
0,216000.0,454500.0,14661.0,0,18.067077344284737,0.4,0.5,0.0
1,270000.0,1256400.0,36864.0,0,3.2361396303901437,0.4,0.6,0.0
0,202500.0,780363.0,31077.0,1,3.0171115674195756,0.4,0.5,0.0
1,225000.0,1125000.0,33025.5,0,0.4188911704312115,0.4,0.5,0.0
0,315000.0,1800000.0,52632.0,2,7.080082135523614,0.4,0.6,0.0
0,225000.0,1886850.0,49774.5,0,4.202600958247776,0.4,0.65,0.0
1,90000.0,288000.0,13423.5,0,1.7905544147843941,0.85,0.5,0.0
0,270000.0,348264.0,22671.0,0,1.7631759069130732,0.4,0.5,0.0
0,112500.0,742500.0,39690.0,0,3.2334017796030117,0.85,0.6,0.0
0,135000.0,263686.5,29880.0,0,2.735112936344969,0.85,0.6,0.0
0,315000.0,1580863.5,46224.0,1,3.4414784394250515,0.4,0.5,0.0
0,157500.0,288873.0,19435.5,0,7.715263518138261,0.4,0.5,0.0
0,157500.0,1024290.0,30078.0,1,12.733744010951403,0.4,0.5,0.0
0,90000.0,495000.0,23944.5,0,5.286789869952088,0.85,0.5,0.0
0,45000.0,326439.0,11853.0,0,15.186858316221766,0.4,0.5,0.0
0,54000.0,225000.0,9909.0,0,31.38672142368241,0.4,0.5,0.0
1,180000.0,180000.0,9000.0,0,2.757015742642026,0.4,0.5,1.0
1,225000.0,1288350.0,41692.5,3,2.8528405201916494,0.4,0.5,0.0
0,180000.0,1174090.5,49743.0,0,8.402464065708418,0.4,0.65,0.0
1,112500.0,521280.0,35392.5,0,3.6331279945242985,0.4,0.5,0.0
0,270000.0,521280.0,28278.0,0,7.652292950034223,0.4,0.5,0.0
0,135000.0,679500.0,24201.0,1,3.6139630390143735,0.6,0.6,0.0
0,180000.0,783000.0,20785.5,2,11.063655030800822,0.85,0.5,0.0
0,67500.0,123637.5,10039.5,1,1.541409993155373,0.4,0.5,0.0
0,270000.0,260640.0,28197.0,1,2.724161533196441,0.4,0.6,0.0
0,81000.0,808650.0,21460.5,1,0.5694729637234771,0.4,0.5,0.0
0,171000.0,755190.0,36459.0,1,4.468172484599589,0.4,0.5,0.0
0,139500.0,540000.0,17419.5,0,4.142368240930869,0.4,0.6,0.0
0,225000.0,1256400.0,44644.5,0,12.511978097193703,0.85,0.6,0.0
0,202500.0,970380.0,34510.5,0,15.967145790554415,0.4,0.5,0.0
0,99000.0,299772.0,19647.0,0,2.674880219028063,0.4,0.5,0.0
0,180000.0,450000.0,22500.0,0,3.137577002053388,0.85,0.6,1.0
0,121500.0,284256.0,26302.5,1,0.8542094455852156,0.85,0.65,0.0
0,135000.0,900000.0,26316.0,1,9.440109514031485,0.4,0.5,0.0
0,157500.0,270000.0,13500.0,1,23.312799452429843,0.4,0.5,1.0
0,144000.0,291384.0,26725.5,0,1.9767282683093772,0.85,0.6,0.0
1,117000.0,592560.0,31023.0,1,1.5058179329226558,0.4,0.5,0.0
1,126000.0,808650.0,26086.5,1,8.544832306639288,0.4,0.5,0.0
0,202500.0,2013840.0,53253.0,0,4.85968514715948,0.4,0.65,0.0
0,112500.0,622413.0,31909.5,0,4.903490759753593,0.4,0.5,0.0
0,450000.0,1800000.0,62698.5,0,18.642026009582477,0.4,0.5,0.0
0,270000.0,1537434.0,53568.0,0,2.108145106091718,0.4,0.5,0.0
1,67500.0,639000.0,24759.0,0,2.948665297741273,0.4,0.5,0.0
0,202500.0,640080.0,31261.5,3,7.7782340862423,0.4,0.6,0.0
0,450000.0,1237684.5,49216.5,0,2.302532511978097,0.4,0.5,0.0
0,247500.0,1260000.0,36841.5,0,1.7686516084873374,0.4,0.5,0.0
0,162000.0,1777500.0,47020.5,0,10.190280629705681,0.4,0.65,0.0
0,540000.0,547344.0,30690.0,0,19.362080766598222,0.85,0.6,0.0
1,225000.0,545040.0,26640.0,0,1.5058179329226558,0.85,0.5,0.0
0,292500.0,450000.0,35554.5,1,3.969883641341547,0.85,0.6,0.0
1,225000.0,1042560.0,61087.5,1,3.6276522929500343,0.4,0.5,0.0
1,180000.0,755190.0,29947.5,0,4.396988364134154,0.4,0.5,0.0
0,112500.0,497520.0,39438.0,2,2.236824093086927,0.85,0.6,0.0
0,292500.0,1928304.0,73449.0,1,1.483915126625599,0.85,0.6,0.0
0,54000.0,270000.0,10309.5,0,5.4401095140314855,0.4,0.5,0.0
0,405000.0,521280.0,44725.5,1,3.0061601642710474,0.4,0.6,0.0
0,202500.0,773680.5,39501.0,0,1.754962354551677,0.4,0.6,0.0
0,135000.0,290358.0,32836.5,0,2.198494182067077,0.4,0.6,0.0
0,198000.0,1166724.0,37768.5,0,0.2245037645448323,0.85,0.5,0.0
0,211500.0,775327.5,39717.0,1,8.07939767282683,0.4,0.5,0.0
1,126000.0,284400.0,20740.5,0,6.491444216290212,0.4,0.5,0.0
0,180000.0,646920.0,20997.0,2,0.2464065708418891,0.4,0.5,0.0
0,144000.0,675000.0,21906.0,0,0.4517453798767967,0.4,0.6,0.0
0,157500.0,765000.0,28480.5,0,0.3915126625598905,0.4,0.5,0.0
0,216000.0,611577.0,39213.0,1,5.546885694729637,0.85,0.5,0.0
0,157500.0,557770.5,28606.5,0,4.227241615331964,0.4,0.6,0.0
0,85500.0,544491.0,17694.0,1,7.8028747433264884,0.4,0.5,0.0
0,137025.0,497520.0,25888.5,1,1.6043805612594113,0.4,0.6,0.0
1,72000.0,171000.0,13837.5,0,1.0157426420260096,0.4,0.5,0.0
0,337500.0,733315.5,71568.0,0,2.2833675564681726,0.85,0.6,0.0
0,112500.0,641043.0,62577.0,1,13.52498288843258,0.4,0.6,0.0
0,135000.0,675000.0,28597.5,0,17.52498288843258,0.4,0.5,0.0
0,90000.0,170640.0,9922.5,0,0.8186173853524983,0.4,0.5,0.0
0,180000.0,679266.0,22041.0,0,1.8754277891854894,0.85,0.65,0.0
0,135000.0,808650.0,31464.0,0,8.232717316906228,0.4,0.6,0.0
0,247500.0,193572.0,19273.5,0,1.0130047912388775,0.6,0.5,0.0
0,67500.0,76410.0,8748.0,1,3.2854209445585214,0.4,0.5,0.0
1,135000.0,352044.0,17253.0,1,1.2922655715263518,0.2,0.6,0.0
0,247500.0,900000.0,48082.5,0,12.522929500342231,0.4,0.5,0.0
0,135000.0,571486.5,24340.5,1,3.164955509924709,0.4,0.6,0.0
0,157500.0,254700.0,20119.5,1,2.212183436002738,0.4,0.5,0.0
1,112500.0,808650.0,26217.0,0,1.9411362080766599,0.4,0.6,0.0
0,112500.0,135000.0,6750.0,0,2.6338124572210813,0.4,0.6,1.0
0,202500.0,450000.0,48595.5,0,14.469541409993155,0.4,0.5,0.0
1,144000.0,485086.5,38457.0,0,1.2950034223134839,0.4,0.5,0.0
0,81000.0,225000.0,11074.5,0,4.558521560574949,0.4,0.5,0.0
0,198000.0,1671210.0,44217.0,0,11.28268309377139,0.85,0.6,0.0
0,202500.0,540000.0,27000.0,0,2.9623545516769334,0.85,0.5,1.0
1,180000.0,305221.5,24246.0,1,1.4017796030116358,0.4,0.6,0.0
0,112500.0,1125000.0,33025.5,1,8.323066392881588,0.4,0.6,0.0
1,283500.0,405000.0,27193.5,2,6.891170431211499,0.4,0.5,0.0
0,202500.0,1288350.0,37800.0,1,3.2826830937713893,0.4,0.6,0.0
0,135000.0,1096020.0,56092.5,1,0.6954140999315537,0.4,0.5,0.0
0,225000.0,1546020.0,40914.0,0,1.754962354551677,0.85,0.6,0.0
0,171000.0,679266.0,22041.0,0,2.1190965092402463,0.4,0.5,0.0
0,90000.0,803259.0,23616.0,0,5.127994524298426,0.4,0.5,0.0
0,225000.0,900000.0,45954.0,0,7.824777549623546,0.85,0.6,0.0
0,157500.0,625536.0,35059.5,0,9.686516084873375,0.4,0.5,0.0
0,90000.0,540000.0,20695.5,0,3.5455167693360714,0.4,0.5,0.0
0,171000.0,408865.5,22311.0,0,7.879534565366187,0.4,0.5,0.0
0,112500.0,648000.0,17221.5,1,3.1759069130732374,0.4,0.65,0.0
1,99000.0,161730.0,14832.0,0,0.7638603696098563,0.4,0.5,0.0
1,90000.0,256500.0,20394.0,1,2.4202600958247777,0.4,0.5,0.0
0,112500.0,284256.0,26302.5,0,2.507871321013005,0.85,0.5,0.0
0,108000.0,269550.0,11547.0,2,3.1704312114989732,0.4,0.5,0.0
0,72000.0,180000.0,9000.0,0,12.66255989048597,0.4,0.6,1.0
0,54000.0,1078200.0,34911.0,2,7.216974674880219,0.4,0.5,0.0
0,144000.0,553806.0,26770.5,0,3.893223819301848,0.4,0.5,0.0
1,157500.0,553806.0,23593.5,0,3.1978097193702943,0.4,0.5,0.0
0,90000.0,76410.0,8356.5,0,11.507186858316222,0.4,0.5,0.0
0,90000.0,364896.0,15588.0,0,1.1389459274469542,0.4,0.5,0.0
0,270000.0,765000.0,38250.0,0,8.435318275154003,0.4,0.5,1.0
0,315000.0,688090.5,38551.5,0,31.93429158110883,0.85,0.6,0.0
0,900000.0,675000.0,33750.0,0,4.824093086926762,0.85,0.5,1.0
0,180000.0,81000.0,9157.5,0,0.27652292950034224,0.85,0.6,0.0
0,180000.0,973710.0,28597.5,3,10.206707734428473,0.4,0.65,0.0
0,180000.0,187704.0,13729.5,0,4.372347707049966,0.4,0.5,0.0
1,135000.0,291915.0,20889.0,1,6.193018480492813,0.4,0.5,0.0
0,157500.0,526491.0,19039.5,0,14.841889117043122,0.85,0.6,0.0
0,180000.0,545040.0,26640.0,0,1.1006160164271048,0.4,0.5,0.0
0,157500.0,331920.0,18135.0,0,8.971937029431896,0.4,0.5,0.0
0,67500.0,202500.0,10125.0,0,22.138261464750173,0.4,0.5,1.0
0,180000.0,521280.0,26743.5,0,3.030800821355236,0.4,0.6,0.0
0,135000.0,540000.0,15606.0,0,0.7173169062286106,0.6,0.5,0.0
0,306000.0,904500.0,29178.0,0,15.29637234770705,0.85,0.65,0.0
1,202500.0,263686.5,31293.0,2,6.631074606433949,0.4,0.5,0.0
0,247500.0,1331019.0,43987.5,0,3.052703627652293,0.4,0.6,0.0
0,157500.0,777024.0,39600.0,0,12.744695414099931,0.4,0.65,0.0
0,324000.0,1012500.0,96264.0,0,21.51403148528405,0.85,0.65,0.0
0,90000.0,1006920.0,51412.5,2,4.900752908966461,0.4,0.5,0.0
1,225000.0,521280.0,28408.5,1,0.3997262149212868,0.4,0.6,0.0
1,202500.0,532345.5,35703.0,0,12.621492128678987,0.4,0.65,0.0
0,135000.0,239850.0,25317.0,0,0.6242299794661191,0.85,0.6,0.0
0,292500.0,202500.0,13068.0,0,4.0657084188911705,0.4,0.5,0.0
0,382500.0,254700.0,28867.5,2,4.618754277891855,0.4,0.5,0.0
1,202500.0,450000.0,32877.0,1,6.321697467488022,0.4,0.5,0.0
0,315000.0,497520.0,30568.5,0,0.919917864476386,0.85,0.5,0.0
0,135000.0,755190.0,32125.5,1,0.5612594113620808,0.85,0.5,0.0
0,225000.0,270000.0,27796.5,0,3.57015742642026,0.85,0.65,0.0
0,135000.0,1061599.5,31171.5,0,4.6269678302532515,0.85,0.5,0.0
0,90000.0,328500.0,21951.0,0,5.152635181382615,0.4,0.6,0.0
0,180000.0,709866.0,23026.5,0,2.3353867214236823,0.4,0.6,0.0
0,247500.0,625536.0,22599.0,1,0.7118412046543463,0.4,0.5,0.0
0,135000.0,900000.0,26446.5,0,6.0862422997946615,0.4,0.5,0.0
1,90000.0,450000.0,22977.0,0,1.8562628336755647,0.4,0.5,0.0
0,225000.0,1345500.0,51246.0,0,18.46406570841889,0.4,0.5,0.0
0,270000.0,454500.0,26091.0,0,0.29021218343600275,0.4,0.5,0.0
0,135000.0,485086.5,31158.0,0,2.8884325804243667,0.4,0.5,0.0
1,144000.0,521280.0,31630.5,1,0.8898015058179329,0.4,0.5,0.0
0,225000.0,1155226.5,38308.5,0,8.506502395619439,0.85,0.5,0.0
0,126000.0,225000.0,17775.0,1,1.4729637234770705,0.4,0.5,0.0
0,135000.0,900000.0,29164.5,0,2.403832991101985,0.4,0.5,0.0
0,90000.0,157500.0,10525.5,0,1.8234086242299794,0.4,0.5,0.0
0,292500.0,835380.0,31950.0,0,4.851471594798084,0.6,0.5,0.0
0,382500.0,1333179.0,71028.0,0,4.632443531827516,0.4,0.6,0.0
0,450000.0,1237500.0,61875.0,0,8.725530458590006,0.85,0.6,1.0
0,315000.0,1800000.0,49500.0,2,1.9575633127994525,0.85,0.6,0.0
0,315000.0,640080.0,29970.0,1,7.08829568788501,0.4,0.6,0.0
0,234000.0,308965.5,8851.5,0,5.45927446954141,0.4,0.5,0.0
0,283500.0,545040.0,26640.0,2,11.93429158110883,0.85,0.5,0.0
0,90000.0,542133.0,34807.5,0,6.3901437371663246,0.85,0.65,0.0
0,103500.0,152820.0,15016.5,0,7.687885010266941,0.4,0.5,0.0
0,112500.0,450000.0,22018.5,0,8.032854209445585,0.4,0.6,0.0
1,67500.0,225000.0,13725.0,1,0.9911019849418207,0.4,0.5,0.0
1,144000.0,104256.0,12501.0,0,3.2334017796030117,0.4,0.5,0.0
0,135000.0,225000.0,11250.0,0,3.0143737166324436,0.4,0.5,1.0
0,148500.0,180000.0,9000.0,0,2.2861054072553046,0.85,0.6,1.0
0,112500.0,1350000.0,43249.5,0,0.8295687885010267,0.85,0.6,0.0
0,315000.0,857169.0,25191.0,1,5.820670773442847,0.4,0.5,0.0
0,144000.0,490495.5,47911.5,1,11.134839151266256,0.85,0.65,0.0
0,112500.0,269550.0,14242.5,2,4.996577686516085,0.4,0.5,0.0
0,157500.0,900000.0,35824.5,0,38.48596851471595,0.4,0.65,0.0
0,175500.0,427500.0,21375.0,2,6.269678302532512,0.4,0.5,1.0
1,112500.0,147888.0,11812.5,0,2.083504449007529,0.4,0.5,0.0
0,225000.0,592560.0,31023.0,0,4.427104722792608,0.85,0.5,0.0
0,112500.0,787131.0,30762.0,1,4.802190280629706,0.6,0.5,0.0
0,675000.0,1113840.0,57001.5,0,2.0150581793292264,0.85,0.5,0.0
1,146250.0,450000.0,35685.0,0,2.516084873374401,0.4,0.5,0.0
0,202500.0,2250000.0,62005.5,0,9.174537987679672,0.4,0.6,0.0
0,315000.0,1800000.0,47484.0,0,38.16563997262149,0.85,0.65,0.0
0,112500.0,100737.0,10975.5,1,1.0924024640657084,0.4,0.5,0.0
0,76500.0,490495.5,26262.0,0,11.110198494182066,0.4,0.5,0.0
0,450000.0,1762110.0,48456.0,0,4.829568788501026,0.4,0.6,0.0
1,76500.0,296280.0,23539.5,0,3.868583162217659,0.2,0.5,0.0
0,360000.0,1260000.0,47992.5,0,5.746748802190281,0.85,0.6,0.0
0,85500.0,254700.0,14751.0,1,10.674880219028063,0.4,0.65,0.0
0,117000.0,808650.0,26217.0,2,0.3860369609856263,0.4,0.6,0.0
0,112500.0,562500.0,16578.0,1,9.155373032169747,0.4,0.5,0.0
0,121500.0,188478.0,20425.5,0,1.8726899383983573,0.4,0.5,0.0
1,180000.0,490495.5,30136.5,1,3.4223134839151266,0.4,0.5,0.0
0,90000.0,225000.0,11911.5,0,0.5913757700205339,0.4,0.5,0.0
0,90000.0,270000.0,13500.0,1,5.2676249144421625,0.85,0.5,1.0
0,202500.0,607050.0,62334.0,0,2.6338124572210813,0.6,0.6,0.0
0,180000.0,1462500.0,40216.5,0,0.6132785763175906,0.4,0.5,0.0
0,99000.0,50940.0,5616.0,2,1.0704996577686516,0.4,0.5,0.0
0,225000.0,2250000.0,68220.0,0,2.9842573579739904,0.85,0.6,0.0
0,225000.0,450000.0,19197.0,0,3.457905544147844,0.4,0.5,0.0
0,180000.0,1193580.0,34335.0,0,4.714579055441479,0.85,0.6,0.0
0,54000.0,808650.0,23643.0,0,8.654346338124572,0.4,0.5,0.0
0,225000.0,534204.0,35829.0,0,5.9137577002053385,0.4,0.6,0.0
0,135000.0,900000.0,26446.5,0,25.07049965776865,0.85,0.6,0.0
0,135000.0,664303.5,68067.0,2,0.6817248459958932,0.85,0.5,0.0
0,202500.0,1800000.0,62698.5,0,16.13141683778234,0.4,0.6,0.0
0,135000.0,335592.0,26644.5,0,2.8774811772758384,0.4,0.5,0.0
0,112500.0,337500.0,16875.0,0,3.8412046543463383,0.4,0.6,1.0
0,112500.0,1125000.0,33025.5,1,1.5359342915811087,0.4,0.5,0.0
0,90000.0,225000.0,11250.0,2,6.283367556468172,0.85,0.65,1.0
0,157500.0,130810.5,9517.5,0,4.662559890485968,0.4,0.5,0.0
0,270000.0,1035832.5,33543.0,0,10.198494182067078,0.85,0.65,0.0
0,202500.0,1339884.0,36846.0,1,3.1101984941820673,0.4,0.65,0.0
0,315000.0,1185120.0,39298.5,0,4.566735112936345,0.4,0.5,0.0
0,225000.0,450000.0,21888.0,0,0.33675564681724846,0.85,0.6,0.0
0,639000.0,450000.0,23562.0,0,2.510609171800137,0.85,0.6,0.0
0,112500.0,284400.0,19003.5,0,1.7960301163586585,0.4,0.6,0.0
0,90000.0,568800.0,15772.5,1,2.704996577686516,0.4,0.5,0.0
0,202500.0,1024740.0,52452.0,0,10.904859685147159,0.85,0.6,0.0
1,112500.0,450000.0,35554.5,0,1.0732375085557837,0.85,0.5,0.0
0,112500.0,813195.0,27004.5,2,7.958932238193018,0.4,0.6,0.0
0,225000.0,1125000.0,44617.5,0,6.767967145790554,0.4,0.5,0.0
0,76500.0,675000.0,21775.5,1,4.722792607802875,0.4,0.6,0.0
0,135000.0,270000.0,13500.0,2,0.5174537987679672,0.85,0.5,1.0
0,157500.0,325908.0,17811.0,0,16.071184120465436,0.85,0.5,0.0
0,112500.0,180000.0,9000.0,1,3.14031485284052,0.4,0.5,1.0
0,135000.0,307152.0,22347.0,0,6.5571526351813825,0.4,0.5,0.0
0,180000.0,781920.0,47965.5,0,16.246406570841888,0.4,0.6,0.0
1,90000.0,640080.0,29970.0,0,5.593429158110883,0.6,0.6,0.0
0,135000.0,382500.0,19125.0,0,0.5585215605749486,0.85,0.6,1.0
0,292500.0,1605312.0,59620.5,0,3.4277891854893907,0.4,0.5,0.0
1,157500.0,495000.0,31765.5,2,0.6324435318275154,0.4,0.5,0.0
0,135000.0,855000.0,25128.0,2,6.3874058863791925,0.4,0.5,0.0
1,90000.0,675000.0,22437.0,0,3.9370294318959616,0.4,0.5,0.0
0,90000.0,308133.0,13702.5,0,1.68104038329911,0.4,0.5,0.0
0,157500.0,337500.0,16875.0,0,2.9979466119096507,0.85,0.5,1.0
0,180000.0,521280.0,35262.0,1,3.682409308692676,0.85,0.6,0.0
0,45000.0,148500.0,7353.0,0,0.9336071184120466,0.4,0.5,0.0
0,180000.0,1125000.0,37309.5,0,8.626967830253252,0.4,0.5,0.0
0,112500.0,86346.0,9868.5,0,3.761806981519507,0.4,0.5,0.0
0,173524.5,427500.0,18481.5,0,1.2758384668035592,0.6,0.6,0.0
0,243000.0,157500.0,16677.0,0,19.983572895277206,0.4,0.5,0.0
0,148500.0,814041.0,23800.5,2,4.58590006844627,0.4,0.65,0.0
0,90000.0,819432.0,24088.5,1,4.251882272416153,0.4,0.5,0.0
1,157500.0,1080000.0,34969.5,2,16.555783709787818,0.4,0.5,0.0
0,171000.0,900000.0,41706.0,0,15.471594798083505,0.4,0.5,0.0
0,270000.0,507469.5,40225.5,2,8.577686516084873,0.85,0.6,0.0
0,148500.0,155938.5,11790.0,2,15.652292950034223,0.4,0.5,0.0
1,292500.0,1288350.0,37800.0,0,10.636550308008214,0.85,0.5,0.0
0,157500.0,258709.5,25717.5,0,9.371663244353183,0.4,0.6,0.0
0,148500.0,1668096.0,58113.0,2,7.115674195756331,0.85,0.5,0.0
0,180000.0,1078200.0,31653.0,0,35.233401779603014,0.4,0.6,0.0
1,112500.0,258709.5,27580.5,1,6.9431895961670085,0.4,0.6,0.0
0,315000.0,545040.0,26640.0,2,1.2950034223134839,0.85,0.6,0.0
0,112500.0,292500.0,15997.5,0,5.71937029431896,0.4,0.5,0.0
0,90000.0,225000.0,16371.0,0,12.550308008213552,0.4,0.6,0.0
0,112500.0,508495.5,24592.5,4,8.813141683778234,0.4,0.5,0.0
0,135000.0,499500.0,25632.0,0,20.28747433264887,0.4,0.5,0.0
0,90000.0,640080.0,29970.0,1,1.5249828884325805,0.4,0.5,0.0
0,247500.0,1288350.0,37800.0,2,17.295003422313485,0.85,0.5,0.0
0,202500.0,640458.0,28341.0,0,4.224503764544832,0.4,0.65,0.0
0,225000.0,835380.0,40320.0,0,4.854209445585216,0.4,0.5,0.0
0,157500.0,490500.0,15952.5,0,22.38740588637919,0.4,0.5,0.0
0,157500.0,900000.0,23742.0,1,4.251882272416153,0.4,0.6,0.0
1,112500.0,539100.0,27522.0,1,12.147843942505133,0.4,0.5,0.0
0,121500.0,202500.0,10125.0,0,1.2539356605065024,0.4,0.5,1.0
0,157500.0,1006920.0,40063.5,0,4.188911704312115,0.4,0.6,0.0
1,135000.0,848070.0,27486.0,0,9.196440793976729,0.4,0.5,0.0
0,247500.0,343800.0,13090.5,1,2.324435318275154,0.4,0.5,0.0
0,135000.0,640080.0,24259.5,0,7.956194387405886,0.4,0.5,0.0
0,315000.0,327024.0,25965.0,0,0.5667351129363449,0.4,0.5,0.0
0,157500.0,1506816.0,47443.5,0,20.00273785078713,0.6,0.5,0.0
0,184500.0,1051294.5,30870.0,0,4.473648186173854,0.4,0.5,0.0
0,157500.0,239850.0,24705.0,0,3.980835044490075,0.4,0.65,0.0
0,90000.0,119893.5,13041.0,1,2.6036960985626285,0.6,0.5,0.0
1,112500.0,460858.5,22545.0,1,12.563997262149213,0.4,0.5,0.0
0,315000.0,497520.0,52371.0,0,8.386036960985626,0.85,0.65,0.0
0,67500.0,225000.0,14679.0,0,6.455852156057495,0.85,0.5,0.0
0,315000.0,1193580.0,31486.5,0,4.520191649555099,0.85,0.6,0.0
0,157500.0,1078200.0,34911.0,0,13.483915126625599,0.4,0.5,0.0
0,247500.0,337500.0,16875.0,2,1.4428473648186173,0.4,0.5,1.0
0,202500.0,500211.0,54000.0,1,10.759753593429158,0.4,0.6,0.0
0,144000.0,539100.0,27522.0,0,8.106776180698152,0.4,0.5,0.0
0,189000.0,808650.0,26217.0,0,11.679671457905544,0.4,0.65,0.0
0,135000.0,338832.0,15052.5,0,1.0869267624914443,0.85,0.5,0.0
1,162000.0,753840.0,29340.0,0,0.2135523613963039,0.4,0.5,0.0
0,112500.0,711000.0,25317.0,1,1.8836413415468858,0.4,0.6,0.0
0,90000.0,900000.0,40801.5,0,1.2320328542094456,0.4,0.5,0.0
1,135000.0,900000.0,29164.5,0,1.3552361396303902,0.4,0.5,0.0
0,112500.0,225000.0,13594.5,0,3.6358658453114305,0.4,0.5,0.0
0,135000.0,1066752.0,31189.5,0,16.079397672826833,0.4,0.5,0.0
0,67500.0,202500.0,10125.0,0,11.709787816563997,0.4,0.5,1.0
0,112500.0,284400.0,13963.5,2,3.266255989048597,0.4,0.6,0.0
0,405000.0,900000.0,26316.0,0,9.086926762491444,0.4,0.5,0.0
0,126000.0,1113840.0,57001.5,0,0.7419575633127995,0.4,0.65,0.0
0,337500.0,1762110.0,46611.0,1,4.780287474332649,0.6,0.6,0.0
0,90000.0,284400.0,16456.5,1,1.3004791238877482,0.4,0.6,0.0
0,135000.0,242595.0,13288.5,0,3.5071868583162216,0.4,0.6,0.0
0,135000.0,906615.0,29961.0,0,11.277207392197125,0.85,0.65,0.0
0,180000.0,1329579.0,36693.0,2,4.569472963723477,0.85,0.65,0.0
0,202500.0,270000.0,13500.0,0,5.418206707734429,0.4,0.6,1.0
0,108000.0,180000.0,9000.0,0,1.6180698151950719,0.4,0.65,1.0
0,313650.0,472500.0,48546.0,0,34.496919917864474,0.85,0.6,0.0
0,202500.0,1078200.0,31653.0,0,0.9527720739219713,0.4,0.5,0.0
0,130500.0,1024290.0,30078.0,0,19.482546201232033,0.4,0.5,0.0
0,180000.0,270000.0,13500.0,1,13.982203969883642,0.4,0.5,1.0
0,90000.0,675000.0,21906.0,0,9.336071184120465,0.4,0.5,0.0
0,157500.0,1102171.5,45018.0,0,0.4216290212183436,0.85,0.6,0.0
0,180000.0,180000.0,9000.0,2,7.3730321697467485,0.85,0.5,1.0
1,117000.0,1261102.5,53559.0,2,17.746748802190282,0.4,0.5,0.0
0,292500.0,1221354.0,35842.5,5,12.145106091718,0.85,0.5,0.0
0,180000.0,202500.0,10125.0,0,15.049965776865161,0.85,0.5,1.0
1,112500.0,311877.0,15133.5,0,6.891170431211499,0.4,0.5,0.0
0,202500.0,450000.0,22018.5,0,15.214236824093087,0.4,0.6,0.0
0,112500.0,270000.0,13500.0,0,8.75564681724846,0.4,0.5,1.0
0,112500.0,337500.0,18436.5,0,0.974674880219028,0.4,0.65,0.0
1,270000.0,679500.0,30703.5,1,3.6057494866529773,0.2,0.5,0.0
0,202500.0,345843.0,34335.0,0,10.04517453798768,0.4,0.5,0.0
0,202500.0,733315.5,39199.5,0,7.79192334017796,0.4,0.6,0.0
0,270000.0,417024.0,18499.5,3,13.051334702258726,0.4,0.65,0.0
0,112500.0,900000.0,38133.0,0,10.078028747433265,0.4,0.5,0.0
0,193500.0,894906.0,31833.0,0,3.652292950034223,0.4,0.5,0.0
0,90000.0,135000.0,6750.0,1,0.6954140999315537,0.4,0.6,1.0
0,90000.0,284400.0,22599.0,1,1.4948665297741273,0.4,0.5,0.0
0,94500.0,251091.0,26509.5,0,0.3066392881587953,0.4,0.5,0.0
0,157500.0,1325475.0,56160.0,0,13.144421629021219,0.4,0.5,0.0
0,112500.0,225000.0,11250.0,0,8.032854209445585,0.4,0.5,1.0
0,315000.0,675000.0,53329.5,0,10.190280629705681,0.85,0.5,0.0
0,90000.0,459000.0,19444.5,0,14.620123203285422,0.4,0.5,0.0
0,810000.0,1800000.0,62568.0,0,27.16221765913758,0.4,0.5,0.0
0,90000.0,904500.0,32485.5,1,0.5557837097878165,0.2,0.5,0.0
0,144000.0,111384.0,8748.0,0,9.697467488021903,0.6,0.6,0.0
0,112500.0,45000.0,5467.5,1,0.3258042436687201,0.4,0.5,0.0
0,90000.0,247500.0,12375.0,0,25.587953456536617,0.4,0.5,1.0
0,67500.0,711612.0,27702.0,4,3.4277891854893907,0.4,0.5,0.0
0,135000.0,835380.0,40189.5,3,4.517453798767967,0.4,0.5,0.0
0,180000.0,381528.0,22032.0,0,1.103353867214237,0.4,0.6,0.0
0,337500.0,545040.0,26640.0,3,10.537987679671458,0.4,0.5,0.0
1,135000.0,562500.0,18274.5,0,0.9883641341546886,0.4,0.6,0.0
0,360000.0,521280.0,31630.5,0,5.089664613278576,0.85,0.6,0.0
0,207000.0,450000.0,47385.0,1,7.189596167008898,0.85,0.6,0.0
1,157500.0,652500.0,25281.0,1,2.9869952087611225,0.4,0.5,0.0
0,202500.0,348264.0,34056.0,1,13.754962354551678,0.85,0.5,0.0
0,292500.0,1006920.0,51412.5,0,3.7645448323066395,0.85,0.5,0.0
0,67500.0,319981.5,16884.0,0,0.5338809034907598,0.4,0.5,0.0
0,90000.0,284400.0,17527.5,0,9.070499657768652,0.4,0.5,0.0
0,112500.0,90000.0,9450.0,0,3.249828884325804,0.4,0.5,0.0
1,90000.0,180000.0,9000.0,0,1.3388090349075976,0.4,0.6,1.0
0,180000.0,760225.5,30150.0,0,5.845311430527036,0.85,0.6,0.0
0,112500.0,295776.0,19894.5,0,4.958247775496235,0.4,0.5,0.0
0,315000.0,900000.0,43299.0,2,0.4271047227926078,0.4,0.5,0.0
0,121500.0,746280.0,58963.5,0,8.145106091718,0.85,0.5,0.0
0,112500.0,840951.0,35761.5,0,0.8158795345653662,0.4,0.5,0.0
0,135000.0,539100.0,29245.5,1,1.7960301163586585,0.4,0.5,0.0
0,144000.0,545040.0,35487.0,0,4.848733744010952,0.6,0.6,0.0
1,270000.0,942300.0,30528.0,0,3.5318275154004106,0.4,0.5,0.0
0,121500.0,270000.0,13500.0,2,2.135523613963039,0.4,0.65,1.0
1,135000.0,263686.5,25038.0,0,4.958247775496235,0.4,0.5,0.0
1,67500.0,180000.0,9000.0,0,0.75564681724846,0.4,0.5,1.0
0,90000.0,270000.0,14647.5,0,0.2135523613963039,0.4,0.5,0.0
0,157500.0,418500.0,22833.0,0,5.149897330595483,0.85,0.6,0.0
0,90000.0,288873.0,19435.5,0,8.320328542094456,0.85,0.5,0.0
0,180000.0,239850.0,25578.0,0,3.3374401095140316,0.4,0.6,0.0
0,225000.0,487192.5,25006.5,2,3.2279260780287475,0.4,0.5,0.0
0,81000.0,1262583.0,36913.5,0,4.974674880219028,0.4,0.5,0.0
0,270000.0,539100.0,29245.5,0,8.14236824093087,0.85,0.5,0.0
0,157500.0,382500.0,19125.0,2,1.6016427104722792,0.85,0.5,1.0
1,157500.0,1056447.0,31018.5,1,0.5722108145106092,0.4,0.5,0.0
0,360000.0,1757074.5,49338.0,0,9.221081451060916,0.85,0.6,0.0
0,157500.0,912541.5,27796.5,3,7.299110198494182,0.4,0.5,0.0
1,247500.0,545040.0,36553.5,2,3.460643394934976,0.4,0.5,0.0
0,225000.0,983160.0,65704.5,0,2.220396988364134,0.2,0.5,0.0
0,225000.0,1256400.0,34681.5,0,1.8726899383983573,0.4,0.6,0.0
0,180000.0,450000.0,35554.5,2,4.292950034223135,0.4,0.6,0.0
0,315000.0,398160.0,31585.5,1,2.7679671457905544,0.4,0.6,0.0
0,157500.0,422451.0,15304.5,0,6.072553045859,0.4,0.6,0.0
0,315000.0,593010.0,17469.0,0,2.3901437371663246,0.4,0.65,0.0
0,360000.0,2013840.0,55377.0,0,2.0451745379876796,0.85,0.5,0.0
0,225000.0,450000.0,24543.0,0,0.5420944558521561,0.4,0.5,0.0
0,315000.0,675000.0,34596.0,0,3.575633127994524,0.4,0.5,0.0
0,162000.0,1174005.0,78772.5,0,5.270362765229295,0.4,0.5,0.0
0,135000.0,526500.0,25456.5,0,0.48459958932238195,0.4,0.5,0.0
0,292500.0,909000.0,58905.0,0,5.114305270362765,0.4,0.5,0.0
0,202500.0,675000.0,19867.5,1,0.9801505817932923,0.4,0.5,0.0
0,126000.0,382500.0,14418.0,1,17.338809034907598,0.4,0.5,0.0
0,180000.0,545040.0,26509.5,0,6.551676933607118,0.4,0.6,0.0
0,78750.0,225000.0,22383.0,1,8.492813141683778,0.4,0.5,0.0
0,175500.0,1082214.0,31770.0,0,3.2032854209445585,0.4,0.5,0.0
0,101250.0,247275.0,21280.5,0,25.796030116358658,0.4,0.5,0.0
0,157500.0,540000.0,27000.0,2,3.247091033538672,0.85,0.5,1.0
0,180000.0,555273.0,16236.0,0,3.912388774811773,0.4,0.5,0.0
0,135000.0,345645.0,16942.5,2,4.479123887748118,0.4,0.5,0.0
1,94500.0,314100.0,17167.5,0,3.7426420260095825,0.4,0.5,0.0
0,90000.0,562500.0,21793.5,1,4.287474332648871,0.4,0.5,0.0
0,180000.0,587619.0,19084.5,1,12.19438740588638,0.4,0.6,0.0
1,54000.0,225000.0,13725.0,1,3.7399041752224504,0.2,0.5,0.0
0,90000.0,521280.0,20524.5,0,1.514031485284052,0.4,0.5,0.0
0,54000.0,310500.0,9027.0,0,2.1464750171115674,0.4,0.5,0.0
0,202500.0,448056.0,16222.5,0,6.934976043805612,0.4,0.5,0.0
0,90000.0,87948.0,4734.0,0,0.8350444900752909,0.4,0.5,0.0
0,225000.0,270000.0,13500.0,1,4.046543463381246,0.4,0.5,1.0
0,202500.0,509602.5,27774.0,1,5.746748802190281,0.4,0.5,0.0
0,94500.0,888840.0,35815.5,2,1.2621492128678986,0.4,0.6,0.0
0,270000.0,1256400.0,36864.0,0,8.588637919233403,0.4,0.5,0.0
0,157500.0,225000.0,11250.0,0,3.3182751540041067,0.4,0.6,1.0
0,135000.0,180000.0,9000.0,0,1.6290212183436004,0.4,0.5,1.0
0,103500.0,178290.0,17761.5,0,1.108829568788501,0.4,0.6,0.0
0,112500.0,450000.0,22018.5,0,1.0951403148528405,0.4,0.5,0.0
0,112500.0,448299.0,20772.0,0,8.19712525667351,0.85,0.65,0.0
0,405000.0,2356920.0,119731.5,0,21.960301163586585,0.85,0.6,0.0
0,180000.0,337500.0,16875.0,1,4.574948665297741,0.4,0.5,1.0
0,112500.0,265851.0,11839.5,0,13.757700205338809,0.85,0.65,0.0
0,225000.0,1350000.0,37125.0,0,32.284736481861735,0.4,0.65,0.0
0,135000.0,180000.0,9000.0,0,4.383299110198494,0.4,0.5,1.0
0,112500.0,185877.0,8316.0,2,6.658453114305271,0.4,0.5,0.0
0,135000.0,523237.5,35095.5,0,1.516769336071184,0.4,0.5,0.0
0,135000.0,781920.0,34573.5,1,11.219712525667351,0.4,0.5,0.0
0,104850.0,1125000.0,33025.5,0,3.7344284736481863,0.4,0.5,0.0
0,303120.0,135000.0,6750.0,0,5.984941820670773,0.85,0.6,1.0
0,225000.0,251091.0,26770.5,0,11.980835044490075,0.4,0.5,0.0
0,135000.0,1318500.0,38551.5,1,17.13347022587269,0.85,0.5,0.0
0,171000.0,720000.0,36000.0,1,5.590691307323751,0.85,0.5,1.0
0,1350000.0,1350000.0,67500.0,0,3.8822724161533197,0.85,0.6,1.0
0,225000.0,991899.0,47848.5,1,7.121149897330596,0.4,0.5,0.0
0,135000.0,536917.5,19413.0,0,10.598220396988363,0.4,0.5,0.0
0,270000.0,639000.0,58608.0,0,3.436002737850787,0.85,0.6,0.0
0,90000.0,770292.0,32764.5,1,3.813826146475017,0.85,0.5,0.0
0,270000.0,243000.0,25645.5,3,1.1690622861054072,0.85,0.5,0.0
1,126000.0,521280.0,28278.0,0,5.727583846680356,0.4,0.5,0.0
0,135000.0,206280.0,9747.0,0,3.619438740588638,0.4,0.65,0.0
0,265500.0,720000.0,28683.0,0,18.431211498973305,0.4,0.5,0.0
0,180000.0,442791.0,52677.0,1,4.999315537303217,0.4,0.5,0.0
0,157500.0,254700.0,25321.5,2,5.01574264202601,0.4,0.5,0.0
1,202500.0,728460.0,57685.5,2,4.657084188911704,0.85,0.5,0.0
0,225000.0,781920.0,47965.5,0,7.145790554414784,0.4,0.5,0.0
0,270000.0,900000.0,45000.0,2,11.028062970568104,0.4,0.65,1.0
0,135000.0,675000.0,26770.5,2,4.331279945242985,0.4,0.65,0.0
0,220500.0,532494.0,38880.0,0,6.694045174537988,0.4,0.5,0.0
0,180000.0,334152.0,17190.0,0,5.032169746748802,0.4,0.5,0.0
0,135000.0,790830.0,45531.0,0,25.574264202600958,0.4,0.5,0.0
0,180000.0,254700.0,16713.0,2,3.02258726899384,0.4,0.5,0.0
0,157500.0,517500.0,16821.0,0,11.203285420944558,0.4,0.5,0.0
1,135000.0,450000.0,30573.0,0,2.2477754962354553,0.4,0.5,0.0
0,139500.0,760225.5,38947.5,0,9.938398357289527,0.4,0.5,0.0
0,247500.0,675000.0,17937.0,0,3.0116358658453115,0.85,0.6,0.0
0,121500.0,540000.0,15606.0,0,6.959616700889802,0.4,0.5,0.0
0,180000.0,269550.0,18234.0,0,3.34839151266256,0.4,0.6,0.0
0,270000.0,1575000.0,43312.5,0,7.772758384668036,0.85,0.6,0.0
0,130500.0,772686.0,21375.0,0,7.214236824093087,0.4,0.5,0.0
0,135000.0,542133.0,17748.0,1,7.5893223819301845,0.85,0.5,0.0
0,112500.0,298467.0,30712.5,0,13.34154688569473,0.4,0.5,0.0
0,202500.0,679500.0,22585.5,0,1.2292950034223136,0.85,0.5,0.0
0,135000.0,536917.5,30109.5,0,2.841889117043121,0.85,0.5,0.0
0,202500.0,547344.0,30690.0,2,2.951403148528405,0.85,0.5,0.0
0,112500.0,247275.0,22810.5,1,2.891170431211499,0.4,0.5,0.0
0,180000.0,454500.0,19386.0,1,1.1800136892539357,0.4,0.5,0.0
0,225000.0,225000.0,11560.5,2,16.320328542094455,0.85,0.5,0.0
0,112500.0,592560.0,30384.0,0,3.79192334017796,0.4,0.5,0.0
0,180000.0,233208.0,13518.0,0,1.5222450376454484,0.4,0.5,0.0
1,180000.0,450000.0,21109.5,0,3.6112251882272415,0.4,0.6,0.0
0,135000.0,296280.0,15124.5,1,2.8062970568104038,0.4,0.5,0.0
0,225000.0,225000.0,11250.0,0,5.188227241615332,0.85,0.6,1.0
0,112500.0,180000.0,9000.0,2,3.6303901437371664,0.85,0.5,1.0
0,270000.0,1125000.0,36292.5,0,6.5927446954141,0.4,0.5,0.0
0,337500.0,1908414.0,52609.5,0,3.9479808350444903,0.85,0.5,0.0
1,157500.0,250213.5,20191.5,0,28.243668720054757,0.4,0.6,0.0
0,225000.0,2013840.0,53253.0,0,1.9055441478439425,0.85,0.6,0.0
0,193500.0,1574532.0,62572.5,3,8.714579055441478,0.4,0.65,0.0
0,135000.0,585000.0,22279.5,0,6.376454483230664,0.4,0.5,0.0
0,121500.0,265851.0,13918.5,0,18.015058179329227,0.85,0.5,0.0
0,135000.0,485640.0,31401.0,0,14.220396988364135,0.6,0.5,0.0
0,180000.0,407727.0,32341.5,0,3.7097878165639973,0.85,0.6,0.0
0,265500.0,886500.0,51961.5,1,4.060232717316906,0.4,0.5,0.0
0,112500.0,225000.0,24003.0,1,6.677618069815195,0.85,0.5,0.0
0,157500.0,314100.0,16573.5,1,4.454483230663929,0.85,0.5,0.0
0,225000.0,450000.0,23107.5,0,2.088980150581793,0.4,0.6,0.0
0,180000.0,328405.5,16897.5,1,2.4722792607802875,0.4,0.5,0.0
0,301500.0,545040.0,20547.0,0,8.032854209445585,0.4,0.5,0.0
0,148500.0,172512.0,7726.5,0,8.542094455852157,0.4,0.5,0.0
0,189000.0,331632.0,32305.5,0,3.0116358658453115,0.4,0.5,0.0
0,157500.0,414792.0,22630.5,1,3.8165639972621492,0.4,0.5,0.0
0,135000.0,253737.0,14697.0,1,0.35592060232717315,0.4,0.5,0.0
1,112500.0,333000.0,20250.0,0,4.498288843258043,0.4,0.65,0.0
1,135000.0,697500.0,26694.0,0,5.28952772073922,0.4,0.65,0.0
0,157500.0,1024290.0,30078.0,2,0.6324435318275154,0.4,0.65,0.0
0,81000.0,382500.0,16848.0,0,3.600273785078713,0.4,0.5,0.0
0,180000.0,497520.0,39438.0,1,2.206707734428474,0.6,0.6,0.0
1,135000.0,462694.5,36684.0,1,0.3915126625598905,0.4,0.5,0.0
0,157500.0,625536.0,19093.5,0,6.80082135523614,0.4,0.5,0.0
0,135000.0,524403.0,36495.0,0,3.728952772073922,0.4,0.5,0.0
0,99000.0,343683.0,18774.0,0,0.31759069130732376,0.4,0.5,0.0
0,112500.0,659610.0,21406.5,1,9.062286105407255,0.4,0.5,0.0
1,81000.0,225000.0,17775.0,1,3.808350444900753,0.4,0.6,0.0
1,171000.0,573408.0,29277.0,3,1.3826146475017111,0.4,0.5,0.0
1,180000.0,704844.0,35986.5,0,2.5023956194387407,0.4,0.5,0.0
0,148500.0,405000.0,20250.0,1,2.2806297056810405,0.4,0.6,1.0
1,112500.0,202500.0,10125.0,2,3.5564681724845997,0.4,0.5,1.0
1,270000.0,942300.0,36643.5,0,6.316221765913758,0.85,0.6,0.0
0,112500.0,180000.0,9000.0,0,3.3401779603011637,0.4,0.5,1.0
0,81000.0,182448.0,18823.5,1,5.563312799452429,0.4,0.5,0.0
0,225000.0,1046142.0,30717.0,0,1.3114305270362765,0.4,0.5,0.0
0,157500.0,152820.0,12073.5,0,2.628336755646817,0.6,0.5,0.0
0,90000.0,253737.0,27054.0,1,1.3169062286105406,0.85,0.5,0.0
1,135000.0,314100.0,19215.0,1,6.5598904859685145,0.4,0.5,0.0
0,270000.0,1125000.0,33025.5,1,5.404517453798768,0.4,0.6,0.0
0,157500.0,675000.0,19867.5,0,2.099931553730322,0.4,0.65,0.0
0,90000.0,1125000.0,33025.5,1,10.595482546201232,0.4,0.5,0.0
0,90000.0,585000.0,16893.0,0,1.9548254620123204,0.85,0.6,0.0
0,112500.0,180000.0,9000.0,2,4.0657084188911705,0.4,0.5,1.0
0,67500.0,180000.0,9000.0,0,1.1800136892539357,0.4,0.5,1.0
0,94500.0,222547.5,17842.5,0,0.5913757700205339,0.4,0.5,0.0
0,180000.0,738108.0,47299.5,0,10.154688569472963,0.4,0.6,0.0
0,90000.0,135000.0,6750.0,1,0.7912388774811773,0.4,0.6,1.0
0,69750.0,545040.0,26640.0,1,2.269678302532512,0.4,0.6,0.0
0,135000.0,649462.5,33291.0,1,6.98425735797399,0.4,0.6,0.0
0,157500.0,1056447.0,31018.5,3,5.793292265571527,0.4,0.65,0.0
0,135000.0,814041.0,23931.0,0,3.4140999315537304,0.4,0.5,0.0
0,270000.0,640080.0,31261.5,1,3.589322381930185,0.85,0.65,0.0
0,180000.0,900000.0,43429.5,0,0.5147159479808351,0.85,0.5,0.0
0,427500.0,1762110.0,48586.5,0,0.5667351129363449,0.85,0.6,0.0
0,202500.0,781695.0,25344.0,0,1.215605749486653,0.85,0.5,0.0
0,135000.0,142632.0,15111.0,1,20.306639288158795,0.4,0.5,0.0
0,135000.0,1024740.0,49297.5,0,6.945927446954141,0.4,0.5,0.0
0,222750.0,1006920.0,40063.5,1,20.407939767282684,0.85,0.65,0.0
0,450000.0,900000.0,45000.0,0,8.487337440109513,0.85,0.6,1.0
0,135000.0,750154.5,36216.0,0,4.353182751540041,0.4,0.5,0.0
0,157500.0,787131.0,26145.0,0,1.7631759069130732,0.4,0.5,0.0
0,284400.0,315000.0,21051.0,0,0.7912388774811773,0.85,0.5,0.0
0,162000.0,247275.0,22810.5,0,6.234086242299795,0.4,0.5,0.0
0,157500.0,1028452.5,62919.0,0,1.6509240246406571,0.4,0.5,0.0
0,135000.0,167895.0,16735.5,0,3.997262149212868,0.85,0.6,0.0
0,72000.0,523597.5,25317.0,0,8.928131416837783,0.4,0.5,0.0
0,76500.0,142632.0,14238.0,1,13.91649555099247,0.4,0.5,0.0
0,103500.0,225000.0,25578.0,0,11.175906913073238,0.4,0.65,0.0
0,270000.0,1428408.0,87520.5,1,0.6379192334017796,0.85,0.5,0.0
1,112500.0,521280.0,35392.5,0,19.38672142368241,0.4,0.5,0.0
1,225000.0,840951.0,35761.5,0,4.049281314168378,0.85,0.5,0.0
0,90000.0,225000.0,8482.5,1,0.8459958932238193,0.85,0.5,0.0
0,202500.0,951538.5,37737.0,0,27.564681724845997,0.4,0.6,0.0
0,180000.0,284256.0,29979.0,0,4.076659822039699,0.85,0.5,0.0
0,117000.0,188685.0,9760.5,0,12.292950034223136,0.4,0.65,0.0
1,81000.0,240660.0,11835.0,0,9.806981519507186,0.4,0.5,0.0
0,81000.0,942300.0,24984.0,0,2.9869952087611225,0.4,0.5,0.0
0,76500.0,360364.5,9504.0,2,1.0130047912388775,0.4,0.6,0.0
0,112500.0,458235.0,22176.0,0,1.3689253935660506,0.4,0.5,0.0
0,135000.0,292500.0,17802.0,2,1.0212183436002737,0.4,0.5,0.0
0,90000.0,166810.5,17221.5,0,12.988364134154688,0.4,0.5,0.0
0,202500.0,1350000.0,39604.5,0,0.5886379192334018,0.4,0.5,0.0
0,108000.0,269550.0,18891.0,0,26.600958247775495,0.85,0.5,0.0
0,175050.0,300960.0,21897.0,0,15.550992470910336,0.4,0.6,0.0
0,81000.0,834048.0,27693.0,2,2.4175222450376452,0.4,0.5,0.0
0,76500.0,336924.0,15705.0,0,1.270362765229295,0.4,0.5,0.0
0,270000.0,463500.0,16645.5,1,15.21697467488022,0.85,0.6,0.0
0,162000.0,59701.5,6556.5,0,8.353182751540041,0.4,0.5,0.0
0,112500.0,1298655.0,38101.5,0,28.210814510609172,0.4,0.6,0.0
0,72000.0,454500.0,24214.5,0,27.32101300479124,0.4,0.65,0.0
0,157500.0,729792.0,39721.5,3,3.143052703627652,0.4,0.6,0.0
0,157500.0,175896.0,9670.5,1,2.537987679671458,0.4,0.5,0.0
0,202500.0,180000.0,9000.0,2,5.1800136892539355,0.85,0.5,1.0
1,247500.0,2013840.0,55507.5,0,0.8843258042436687,0.85,0.6,0.0
0,103500.0,1236816.0,36292.5,0,4.553045859000685,0.4,0.6,0.0
0,180000.0,592560.0,36139.5,0,2.138261464750171,0.4,0.5,0.0
0,157500.0,892044.0,26212.5,0,8.476386036960985,0.4,0.5,0.0
0,225000.0,490581.0,26743.5,0,10.316221765913758,0.4,0.5,0.0
1,180000.0,284400.0,13387.5,2,13.229295003422314,0.4,0.5,0.0
0,112500.0,900000.0,26316.0,0,10.193018480492814,0.85,0.5,0.0
1,90000.0,254700.0,20250.0,0,6.650239561943874,0.85,0.6,0.0
1,180000.0,1125000.0,60070.5,0,0.5201916495550992,0.4,0.5,0.0
1,135000.0,711612.0,27702.0,0,0.3942505133470226,0.85,0.5,0.0
0,90000.0,384048.0,18810.0,2,3.2224503764544834,0.4,0.6,0.0
0,157500.0,142213.5,10476.0,0,5.968514715947981,0.4,0.6,0.0
0,155250.0,497520.0,33376.5,1,6.893908281998631,0.85,0.5,0.0
0,225000.0,1125000.0,32895.0,0,2.4695414099931554,0.6,0.65,0.0
0,112500.0,263686.5,31423.5,2,7.928815879534565,0.4,0.6,0.0
0,135000.0,545040.0,26640.0,1,5.68104038329911,0.4,0.6,0.0
0,112500.0,180000.0,9000.0,0,7.397672826830938,0.4,0.5,1.0
0,121500.0,1042560.0,34587.0,1,7.069130732375085,0.4,0.6,0.0
0,315000.0,835380.0,40320.0,1,3.1731690622861053,0.85,0.6,0.0
0,112500.0,1036530.0,30307.5,0,1.2950034223134839,0.6,0.5,0.0
0,337500.0,135000.0,6750.0,0,2.5270362765229293,0.4,0.5,1.0
0,202500.0,590337.0,30271.5,1,8.687200547570157,0.4,0.5,0.0
0,112500.0,385164.0,20295.0,0,12.021902806297057,0.4,0.5,0.0
0,157500.0,436032.0,16434.0,0,3.2197125256673513,0.4,0.6,0.0
0,112500.0,253737.0,25227.0,1,13.13347022587269,0.85,0.5,0.0
0,202500.0,450000.0,21649.5,2,2.5270362765229293,0.4,0.5,0.0
0,135000.0,298512.0,17266.5,0,20.42984257357974,0.4,0.5,0.0
0,90000.0,66222.0,7155.0,0,1.2019164955509924,0.4,0.5,0.0
1,67500.0,729792.0,26343.0,2,2.0588637919233403,0.4,0.5,0.0
0,112500.0,900000.0,26446.5,0,5.002053388090349,0.4,0.6,0.0
0,90000.0,402993.0,24651.0,2,4.837782340862423,0.4,0.5,0.0
0,112500.0,1288350.0,37800.0,1,15.613963039014374,0.4,0.5,0.0
0,99000.0,1078200.0,28570.5,0,4.010951403148528,0.85,0.5,0.0
0,180000.0,835380.0,40320.0,0,3.049965776865161,0.4,0.6,0.0
0,184500.0,260640.0,31059.0,0,1.8726899383983573,0.85,0.5,0.0
0,121500.0,521280.0,26613.0,0,1.8042436687200547,0.4,0.5,0.0
1,67500.0,86598.0,9454.5,1,2.6338124572210813,0.4,0.5,0.0
0,247500.0,851778.0,27607.5,1,5.2648870636550305,0.85,0.5,0.0
1,148500.0,625536.0,22468.5,0,7.520876112251882,0.4,0.5,0.0
0,81000.0,142200.0,8068.5,1,3.0855578370978782,0.4,0.5,0.0
0,112500.0,810000.0,23814.0,0,1.2292950034223136,0.4,0.6,0.0
0,135000.0,62820.0,3537.0,1,21.415468856947296,0.4,0.5,0.0
1,135000.0,450000.0,22977.0,0,4.4435318275154,0.4,0.5,0.0
0,242100.0,1180129.5,32580.0,1,0.5612594113620808,0.85,0.6,0.0
0,157500.0,432990.0,31504.5,0,1.5797399041752225,0.4,0.6,0.0
0,135000.0,450000.0,30442.5,2,6.1738535249828885,0.4,0.6,0.0
1,157500.0,315000.0,15750.0,4,12.720054757015742,0.2,0.5,1.0
0,225000.0,549882.0,17869.5,2,13.418206707734429,0.4,0.5,0.0
1,180000.0,675000.0,21775.5,0,1.6043805612594113,0.85,0.6,0.0
0,135000.0,900000.0,34411.5,1,7.304585900068446,0.85,0.5,0.0
0,180000.0,135000.0,13482.0,1,8.167008898015059,0.85,0.5,0.0
0,225000.0,229500.0,14170.5,0,15.030800821355236,0.85,0.5,0.0
0,270000.0,450000.0,21109.5,0,3.8329911019849416,0.4,0.5,0.0
0,180000.0,1350000.0,37125.0,0,4.353182751540041,0.4,0.5,0.0
0,180000.0,684652.5,35086.5,0,20.301163586584533,0.4,0.5,0.0
0,202500.0,242595.0,13288.5,0,8.27378507871321,0.4,0.5,0.0
0,225000.0,364896.0,24682.5,0,3.154004106776181,0.4,0.6,0.0
0,292500.0,1369773.0,54454.5,2,7.534565366187543,0.4,0.5,0.0
0,112500.0,239850.0,24705.0,0,0.9883641341546886,0.4,0.5,0.0
0,180000.0,521280.0,24286.5,0,1.0759753593429158,0.85,0.5,0.0
0,180000.0,539100.0,29376.0,0,1.5523613963039014,0.4,0.6,0.0
1,180000.0,592560.0,32274.0,0,5.423682409308693,0.4,0.6,0.0
0,135000.0,760225.5,34483.5,1,6.924024640657084,0.4,0.5,0.0
0,112500.0,781920.0,28215.0,0,6.291581108829569,0.4,0.5,0.0
0,130500.0,868500.0,34573.5,1,7.646817248459959,0.4,0.5,0.0
0,103500.0,508495.5,21541.5,1,2.7186858316221767,0.85,0.6,0.0
0,202500.0,585000.0,29250.0,0,4.555783709787817,0.6,0.6,1.0
0,112500.0,517500.0,21924.0,0,0.8295687885010267,0.4,0.5,0.0
0,225000.0,149256.0,16204.5,2,15.471594798083505,0.4,0.5,0.0
0,225000.0,1170000.0,76914.0,2,7.600273785078714,0.4,0.5,0.0
0,360000.0,2250000.0,59485.5,0,15.0362765229295,0.85,0.6,0.0
0,225000.0,578979.0,29691.0,1,7.939767282683094,0.85,0.5,0.0
0,225000.0,74628.0,7645.5,0,1.9520876112251881,0.85,0.5,0.0
0,94500.0,286704.0,10755.0,2,6.321697467488022,0.4,0.5,0.0
0,180000.0,812983.5,31810.5,0,2.4421629021218343,0.85,0.6,0.0
0,157500.0,405000.0,20250.0,1,2.9869952087611225,0.4,0.6,1.0
0,157500.0,167895.0,16735.5,1,10.294318959616701,0.4,0.5,0.0
0,157500.0,900000.0,26446.5,0,19.030800821355236,0.85,0.5,0.0
0,144000.0,180000.0,9000.0,0,29.196440793976727,0.85,0.5,1.0
0,180000.0,296280.0,23409.0,0,0.48459958932238195,0.4,0.6,0.0
0,90000.0,272578.5,19962.0,0,0.5174537987679672,0.4,0.5,0.0
0,112500.0,1079050.5,38889.0,0,21.645448323066393,0.85,0.65,0.0
0,225000.0,101880.0,10971.0,0,5.08145106091718,0.4,0.65,0.0
0,270000.0,450000.0,21780.0,0,2.9103353867214237,0.4,0.5,0.0
0,112500.0,270000.0,16312.5,1,5.344284736481861,0.4,0.5,0.0
0,202500.0,269982.0,29074.5,0,5.103353867214237,0.4,0.5,0.0
0,121500.0,225000.0,8482.5,0,31.734428473648187,0.4,0.5,0.0
0,99000.0,808650.0,23773.5,1,9.648186173853524,0.4,0.5,0.0
0,180000.0,548770.5,23247.0,0,4.268309377138946,0.4,0.5,0.0
0,265500.0,180000.0,19386.0,0,0.813141683778234,0.6,0.5,0.0
0,112500.0,298512.0,28327.5,0,26.146475017111566,0.85,0.65,0.0
0,135000.0,571446.0,18432.0,0,4.774811772758385,0.4,0.5,0.0
1,202500.0,679896.0,52744.5,0,3.9315537303216974,0.4,0.5,0.0
1,112500.0,180000.0,9000.0,1,0.9664613278576317,0.4,0.5,1.0
0,126000.0,593010.0,17469.0,0,6.91854893908282,0.6,0.5,0.0
0,292500.0,528633.0,22527.0,1,4.457221081451061,0.4,0.5,0.0
0,180000.0,545040.0,34960.5,0,11.603011635865846,0.4,0.65,0.0
0,103500.0,74182.5,5292.0,1,11.323750855578371,0.4,0.5,0.0
1,90000.0,808650.0,26217.0,1,10.841889117043122,0.4,0.5,0.0
0,180000.0,450000.0,19953.0,2,2.0369609856262834,0.85,0.5,0.0
0,135000.0,425133.0,28539.0,0,2.5626283367556466,0.4,0.5,0.0
1,193500.0,225000.0,15349.5,0,1.8015058179329226,0.4,0.6,0.0
1,135000.0,697500.0,27274.5,0,3.1786447638603694,0.4,0.5,0.0
0,202500.0,135000.0,14305.5,0,5.204654346338125,0.4,0.6,0.0
0,292500.0,550980.0,40221.0,0,14.168377823408624,0.4,0.6,0.0
0,121500.0,720000.0,28552.5,0,0.39698836413415467,0.4,0.5,0.0
0,180000.0,381528.0,27648.0,1,3.3347022587268995,0.4,0.6,0.0
0,112500.0,315000.0,14814.0,0,22.308008213552363,0.85,0.5,0.0
0,270000.0,924858.0,62185.5,0,6.365503080082136,0.4,0.5,0.0
0,112500.0,319500.0,17968.5,0,8.501026694045175,0.4,0.5,0.0
1,157500.0,886176.0,29286.0,0,10.707734428473648,0.85,0.5,0.0
0,121500.0,157500.0,7875.0,0,1.264887063655031,0.6,0.5,1.0
0,171000.0,315000.0,20506.5,1,2.8856947296372346,0.85,0.5,0.0
0,202500.0,1040463.0,28741.5,1,3.134839151266256,0.6,0.6,0.0
0,135000.0,787131.0,42066.0,0,2.130047912388775,0.4,0.5,0.0
0,135000.0,704844.0,29862.0,0,1.1745379876796715,0.4,0.5,0.0
0,112500.0,797868.0,23458.5,0,14.291581108829568,0.4,0.5,0.0
0,126000.0,573628.5,27724.5,0,1.6016427104722792,0.4,0.6,0.0
0,225000.0,270000.0,13500.0,0,4.898015058179329,0.4,0.6,1.0
0,121500.0,808650.0,26217.0,0,14.858316221765914,0.4,0.5,0.0
0,202500.0,1555911.0,51552.0,2,11.906913073237508,0.4,0.5,0.0
0,450000.0,1971072.0,62019.0,1,7.958932238193018,0.85,0.5,0.0
0,81000.0,521280.0,31630.5,2,1.6016427104722792,0.4,0.5,0.0
0,180000.0,585000.0,29250.0,0,0.33127994524298426,0.85,0.6,1.0
1,180000.0,225000.0,12204.0,1,7.578370978781656,0.4,0.5,0.0
1,157500.0,281493.0,12847.5,1,8.646132785763175,0.4,0.5,0.0
0,270000.0,855000.0,24633.0,1,7.542778918548939,0.85,0.6,0.0
0,72000.0,824823.0,24246.0,2,1.1991786447638604,0.4,0.5,0.0
0,90000.0,308461.5,19840.5,1,4.084873374401095,0.4,0.6,0.0
0,270000.0,270000.0,13500.0,0,2.3600273785078714,0.4,0.5,1.0
0,90000.0,202500.0,10125.0,0,3.9507186858316223,0.4,0.5,1.0
0,157500.0,288873.0,16713.0,1,17.623545516769337,0.4,0.6,0.0
0,117000.0,555273.0,18040.5,1,9.670088980150581,0.4,0.5,0.0
0,238500.0,840951.0,33480.0,0,4.851471594798084,0.4,0.5,0.0
1,135000.0,1125000.0,33025.5,1,1.9630390143737166,0.4,0.5,0.0
0,202500.0,1643755.5,48190.5,0,2.7953456536618755,0.85,0.5,0.0
0,76500.0,454500.0,21996.0,0,2.349075975359343,0.4,0.5,0.0
0,225000.0,1440000.0,39730.5,1,18.22861054072553,0.4,0.6,0.0
0,90000.0,310500.0,16254.0,1,2.529774127310062,0.4,0.5,0.0
0,90000.0,339241.5,11155.5,0,2.080766598220397,0.85,0.6,0.0
0,337500.0,665892.0,21609.0,0,9.210130047912388,0.4,0.6,0.0
0,126000.0,52128.0,4162.5,0,2.8802190280629705,0.4,0.5,0.0
1,202500.0,545040.0,26640.0,1,3.756331279945243,0.4,0.5,0.0
0,360000.0,1575000.0,43312.5,0,3.164955509924709,0.4,0.5,0.0
1,121500.0,168147.0,13482.0,0,0.8350444900752909,0.4,0.5,0.0
0,157500.0,207117.0,16492.5,1,7.671457905544147,0.4,0.5,0.0
0,76500.0,265500.0,17869.5,0,18.29158110882957,0.4,0.5,0.0
0,247500.0,1305000.0,35887.5,0,2.921286789869952,0.85,0.65,0.0
1,126000.0,562491.0,28849.5,0,6.116358658453114,0.4,0.5,0.0
0,157500.0,343800.0,16024.5,1,4.676249144421629,0.85,0.5,0.0
0,90000.0,284400.0,13257.0,3,13.722108145106091,0.4,0.5,0.0
0,211500.0,752742.0,40104.0,0,4.407939767282683,0.4,0.65,0.0
0,101250.0,314055.0,13963.5,0,0.6187542778918549,0.4,0.6,0.0
0,180000.0,163008.0,19476.0,0,10.015058179329227,0.4,0.6,0.0
0,135000.0,1075932.0,42799.5,3,15.028062970568104,0.85,0.5,0.0
0,180000.0,1012500.0,29731.5,0,32.88158795345654,0.85,0.6,0.0
0,90000.0,315000.0,17217.0,0,1.8535249828884326,0.2,0.5,0.0
0,135000.0,677664.0,28615.5,0,0.5804243668720055,0.85,0.6,0.0
0,180000.0,993082.5,42205.5,0,3.0444900752908968,0.85,0.5,0.0
0,108000.0,521280.0,41926.5,1,2.1793292265571527,0.4,0.5,0.0
0,202500.0,900297.0,26320.5,0,17.05681040383299,0.4,0.5,0.0
0,87750.0,202500.0,10125.0,1,8.399726214921287,0.4,0.5,1.0
1,247500.0,935640.0,88834.5,0,8.342231348391513,0.85,0.5,0.0
0,81000.0,1078200.0,31653.0,0,5.347022587268994,0.4,0.5,0.0
0,90000.0,675000.0,37822.5,0,13.418206707734429,0.4,0.5,0.0
0,162000.0,453366.0,35950.5,0,2.5023956194387407,0.4,0.5,0.0
0,225000.0,239850.0,25960.5,0,10.269678302532512,0.4,0.6,0.0
0,117000.0,1061599.5,31171.5,0,8.2217659137577,0.4,0.5,0.0
0,157500.0,1061599.5,31171.5,1,0.7775496235455168,0.4,0.5,0.0
1,67500.0,180000.0,12159.0,0,0.7364818617385352,0.4,0.5,0.0
0,112500.0,900000.0,26446.5,0,19.54551676933607,0.4,0.5,0.0
1,112500.0,652500.0,31518.0,0,3.433264887063655,0.4,0.5,0.0
0,112500.0,254700.0,30357.0,0,0.30390143737166325,0.4,0.6,0.0
0,157500.0,360000.0,15858.0,0,18.535249828884325,0.4,0.5,0.0
0,450000.0,1436850.0,46480.5,0,4.577686516084873,0.4,0.6,0.0
0,112500.0,188460.0,9193.5,0,0.4681724845995893,0.4,0.6,0.0
0,45000.0,135000.0,7668.0,0,6.746064339493498,0.4,0.65,0.0
1,126000.0,360000.0,24354.0,0,1.322381930184805,0.85,0.5,0.0
0,360000.0,900000.0,89928.0,1,2.9596167008898013,0.85,0.5,0.0
0,315000.0,1971072.0,68643.0,1,31.561943874058862,0.4,0.6,0.0
0,112500.0,247500.0,6655.5,0,1.1279945242984257,0.85,0.65,0.0
0,292500.0,1350000.0,39604.5,1,9.697467488021903,0.85,0.65,0.0
0,166500.0,354276.0,16515.0,0,2.425735797399042,0.85,0.5,0.0
0,135000.0,697500.0,22072.5,0,1.9247091033538672,0.85,0.5,0.0
0,315000.0,2013840.0,53253.0,3,1.1225188227241616,0.4,0.6,0.0
0,157500.0,900000.0,46084.5,0,10.718685831622176,0.4,0.5,0.0
0,360000.0,728460.0,74772.0,0,9.74674880219028,0.85,0.6,0.0
0,112500.0,450000.0,22500.0,2,1.995893223819302,0.4,0.5,1.0
0,112500.0,143910.0,15399.0,0,3.509924709103354,0.4,0.5,0.0
0,54000.0,282690.0,17082.0,2,19.83025325119781,0.4,0.5,0.0
0,94500.0,675000.0,21906.0,2,8.347707049965777,0.4,0.5,0.0
0,180000.0,1227901.5,52155.0,1,15.570157426420261,0.4,0.5,0.0
0,180000.0,358213.5,28300.5,0,3.137577002053388,0.4,0.6,0.0
0,157500.0,1107981.0,29358.0,0,0.44353182751540043,0.85,0.6,0.0
0,67500.0,326439.0,11853.0,1,8.0,0.4,0.5,0.0
0,112500.0,276277.5,17784.0,1,7.3757700205338805,0.85,0.5,0.0
0,99000.0,900000.0,23742.0,0,17.336071184120467,0.85,0.65,0.0
0,202500.0,225000.0,17775.0,0,4.908966461327857,0.4,0.5,0.0
0,247500.0,835380.0,40320.0,0,3.8275154004106775,0.4,0.6,0.0
0,180000.0,573408.0,20596.5,1,4.317590691307323,0.4,0.5,0.0
1,81000.0,343800.0,16852.5,0,4.659822039698836,0.4,0.5,0.0
0,135000.0,288873.0,15376.5,0,5.426420260095825,0.4,0.6,0.0
0,90000.0,848745.0,36090.0,0,5.8288843258042435,0.4,0.5,0.0
0,202500.0,450000.0,21109.5,1,3.0143737166324436,0.4,0.6,0.0
1,135000.0,269550.0,14242.5,0,1.6071184120465434,0.4,0.5,0.0
0,225000.0,1288350.0,37800.0,0,23.019849418206707,0.4,0.5,0.0
0,90000.0,787131.0,26145.0,2,7.816563997262149,0.4,0.5,0.0
0,135000.0,270000.0,13500.0,0,2.7104722792607805,0.85,0.6,1.0
1,157500.0,1024740.0,52452.0,1,2.631074606433949,0.4,0.5,0.0
0,157500.0,315000.0,15750.0,1,1.462012320328542,0.85,0.5,1.0
0,180000.0,582804.0,25803.0,0,18.584531143052704,0.85,0.65,0.0
0,135000.0,140166.0,11367.0,2,2.869267624914442,0.4,0.5,0.0
0,135000.0,269550.0,17559.0,0,3.02258726899384,0.4,0.5,0.0
0,202500.0,450000.0,32742.0,1,2.650239561943874,0.85,0.6,0.0
1,216000.0,808650.0,29839.5,0,2.0314852840520192,0.4,0.5,0.0
0,157500.0,966555.0,51628.5,2,6.899383983572895,0.4,0.6,0.0
1,198000.0,523278.0,28516.5,0,2.8774811772758384,0.4,0.5,0.0
0,135000.0,152820.0,16047.0,1,2.4804928131416837,0.4,0.5,0.0
0,225000.0,675000.0,34465.5,0,6.803559206023272,0.85,0.5,0.0
0,112500.0,545040.0,26640.0,0,2.647501711156742,0.4,0.6,0.0
0,225000.0,1288350.0,37800.0,0,3.033538672142368,0.4,0.6,0.0
0,202500.0,797557.5,28777.5,0,5.960301163586585,0.4,0.5,0.0
0,180000.0,1724688.0,54283.5,0,5.9575633127994525,0.85,0.5,0.0
0,135000.0,509400.0,40374.0,1,0.39698836413415467,0.85,0.65,0.0
0,247500.0,1216201.5,34983.0,0,2.5489390828199863,0.4,0.5,0.0
0,112500.0,517788.0,19647.0,1,0.6735112936344969,0.4,0.5,0.0
1,157500.0,355536.0,19417.5,1,2.2559890485968515,0.4,0.5,0.0
0,225000.0,2377431.0,62847.0,2,1.5468856947296372,0.4,0.5,0.0
0,135000.0,202500.0,10125.0,0,2.102669404517454,0.4,0.5,1.0
0,99000.0,270000.0,28777.5,0,0.6105407255304586,0.4,0.5,0.0
0,202500.0,1182051.0,42457.5,0,2.7953456536618755,0.4,0.6,0.0
0,67500.0,325908.0,14355.0,1,0.23819301848049282,0.4,0.5,0.0
0,49500.0,157500.0,7875.0,0,2.433949349760438,0.2,0.6,1.0
0,157500.0,1046142.0,30717.0,0,5.749486652977413,0.4,0.65,0.0
0,135000.0,1125000.0,33025.5,0,2.2614647501711156,0.4,0.6,0.0
0,225000.0,640080.0,29970.0,2,5.691991786447638,0.85,0.5,0.0
0,292500.0,900000.0,45954.0,1,7.2060232717316905,0.4,0.6,0.0
0,225000.0,450000.0,30073.5,0,1.3634496919917864,0.4,0.5,0.0
1,202500.0,712858.5,34294.5,0,0.7775496235455168,0.85,0.65,0.0
0,105750.0,521280.0,23089.5,0,9.34154688569473,0.4,0.5,0.0
1,67500.0,270000.0,21330.0,1,2.105407255304586,0.4,0.6,0.0
0,67500.0,450000.0,29299.5,0,0.3531827515400411,0.4,0.5,0.0
0,270000.0,1206954.0,35419.5,0,32.40246406570842,0.4,0.5,0.0
0,148500.0,2013840.0,53122.5,0,20.815879534565365,0.85,0.5,0.0
0,108000.0,427450.5,16852.5,0,12.2217659137577,0.4,0.5,0.0
0,135000.0,405000.0,27063.0,1,6.3901437371663246,0.4,0.5,0.0
0,189000.0,675000.0,34596.0,0,5.930184804928132,0.4,0.6,0.0
0,225000.0,177903.0,12780.0,0,5.434633812457221,0.4,0.6,0.0
0,180000.0,349609.5,18963.0,0,5.456536618754278,0.85,0.6,0.0
0,49500.0,284400.0,10345.5,0,0.648870636550308,0.4,0.5,0.0
0,135000.0,1350000.0,37125.0,0,0.676249144421629,0.85,0.5,0.0
0,225000.0,251091.0,28525.5,0,1.8124572210814511,0.85,0.5,0.0
0,112500.0,239850.0,28593.0,3,7.29637234770705,0.4,0.5,0.0
0,135000.0,170640.0,9922.5,0,0.4271047227926078,0.4,0.6,0.0
0,180000.0,640080.0,24259.5,0,5.916495550992471,0.4,0.6,0.0
0,180000.0,1323000.0,38682.0,0,34.299794661190965,0.4,0.5,0.0
0,171000.0,562491.0,23962.5,0,5.973990417522245,0.4,0.5,0.0
0,135000.0,545040.0,26640.0,0,11.742642026009582,0.4,0.6,0.0
0,180000.0,760225.5,51138.0,0,5.371663244353183,0.4,0.6,0.0
0,180000.0,481320.0,13923.0,0,8.303901437371664,0.85,0.6,0.0
1,180000.0,640080.0,31261.5,0,0.3066392881587953,0.4,0.5,0.0
0,67500.0,216144.0,14571.0,0,4.180698151950718,0.4,0.5,0.0
0,112500.0,513000.0,21694.5,1,2.3737166324435317,0.4,0.5,0.0
0,157500.0,855000.0,43785.0,0,1.1553730321697468,0.4,0.5,0.0
0,135000.0,198000.0,20920.5,1,8.6652977412731,0.2,0.5,0.0
0,144000.0,755190.0,32125.5,0,1.3470225872689938,0.4,0.5,0.0
0,135000.0,540000.0,23917.5,0,2.639288158795346,0.85,0.5,0.0
0,112500.0,275040.0,10008.0,0,7.600273785078714,0.4,0.6,0.0
0,148500.0,326439.0,15214.5,2,1.6098562628336757,0.4,0.5,0.0
0,180000.0,459000.0,25758.0,0,8.574948665297741,0.4,0.5,0.0
0,360000.0,755190.0,36459.0,0,1.0047912388774811,0.85,0.5,0.0
0,112500.0,180000.0,9000.0,1,0.8021902806297057,0.4,0.5,1.0
0,94500.0,180000.0,9000.0,1,2.245037645448323,0.4,0.5,1.0
0,112500.0,297000.0,18076.5,0,13.065023956194388,0.4,0.5,0.0
0,76500.0,109453.5,11916.0,0,8.05201916495551,0.4,0.65,0.0
0,252000.0,781920.0,43789.5,0,5.607118412046543,0.85,0.5,0.0
0,405000.0,1155226.5,33907.5,0,9.49760438056126,0.6,0.6,0.0
0,67500.0,225000.0,13896.0,0,1.4455852156057496,0.85,0.6,0.0
1,54000.0,450000.0,35685.0,0,4.722792607802875,0.4,0.5,0.0
0,112500.0,315000.0,15750.0,0,7.882272416153319,0.85,0.6,1.0
0,315000.0,1552221.0,54085.5,0,11.958932238193018,0.85,0.6,0.0
0,157500.0,558706.5,43236.0,0,2.817248459958932,0.6,0.65,0.0
1,90000.0,753840.0,20016.0,0,2.412046543463381,0.4,0.5,0.0
0,135000.0,889515.0,28822.5,0,2.3846680355920604,0.85,0.5,0.0
0,292500.0,835380.0,42781.5,0,3.0636550308008212,0.4,0.5,0.0
0,112500.0,140166.0,6741.0,0,4.301163586584531,0.4,0.5,0.0
0,270000.0,270000.0,13500.0,0,11.885010266940451,0.85,0.6,1.0
1,130500.0,314100.0,13963.5,0,9.760438056125942,0.4,0.5,0.0
0,90000.0,405000.0,20250.0,0,21.149897330595483,0.4,0.5,1.0
0,202500.0,509400.0,40243.5,0,2.9130732375085557,0.4,0.5,0.0
0,225000.0,733315.5,39069.0,0,3.871321013004791,0.85,0.5,0.0
0,225000.0,500490.0,48757.5,0,15.326488706365502,0.85,0.6,0.0
1,450000.0,701730.0,73687.5,0,4.969199178644764,0.4,0.6,0.0
0,67500.0,152820.0,16587.0,0,1.620807665982204,0.4,0.65,0.0
0,189000.0,863226.0,32121.0,2,2.198494182067077,0.4,0.6,0.0
0,90000.0,900000.0,35694.0,0,4.643394934976044,0.4,0.5,0.0
0,225000.0,679500.0,19867.5,2,0.4736481861738535,0.4,0.5,0.0
0,166500.0,797557.5,44662.5,0,3.4195756331279945,0.85,0.5,0.0
0,225000.0,447768.0,35374.5,0,1.894592744695414,0.85,0.6,0.0
0,270000.0,675000.0,24799.5,0,10.012320328542094,0.6,0.5,0.0
0,112500.0,460858.5,22545.0,0,0.9089664613278576,0.4,0.5,0.0
0,270000.0,1312110.0,55593.0,1,7.652292950034223,0.4,0.5,0.0
0,247500.0,450000.0,32004.0,0,7.436002737850787,0.85,0.5,0.0
0,180000.0,1390315.5,70627.5,1,1.9356605065023955,0.85,0.5,0.0
0,225000.0,202500.0,10125.0,0,7.641341546885695,0.4,0.5,1.0
0,337500.0,1006920.0,42660.0,0,15.080082135523615,0.85,0.5,0.0
0,157500.0,854896.5,41256.0,1,0.8788501026694046,0.4,0.6,0.0
0,144000.0,781920.0,43789.5,0,3.978097193702943,0.4,0.5,0.0
0,202500.0,315000.0,21051.0,0,4.084873374401095,0.4,0.5,0.0
0,90000.0,270000.0,13500.0,0,0.6899383983572895,0.85,0.5,1.0
0,135000.0,521280.0,26613.0,2,0.9336071184120466,0.4,0.5,0.0
0,274500.0,2517300.0,66532.5,0,2.3381245722108144,0.85,0.6,0.0
0,450000.0,900000.0,45000.0,0,1.0376454483230664,0.85,0.6,1.0
1,112500.0,380533.5,20772.0,1,3.5318275154004106,0.4,0.5,0.0
0,90000.0,1078200.0,31522.5,0,21.645448323066393,0.4,0.5,0.0
0,180000.0,380533.5,30010.5,1,2.346338124572211,0.4,0.5,0.0
1,99000.0,1656000.0,39609.0,0,0.36413415468856947,0.85,0.5,0.0
1,81000.0,117162.0,12433.5,0,1.1827515400410678,0.4,0.5,0.0
0,135000.0,450000.0,22018.5,0,2.1546885694729636,0.85,0.5,0.0
0,540000.0,983299.5,39127.5,0,2.425735797399042,0.4,0.6,0.0
1,162000.0,469152.0,25578.0,1,2.8774811772758384,0.4,0.5,0.0
0,225000.0,398016.0,31576.5,0,1.8042436687200547,0.85,0.6,0.0
0,270000.0,755190.0,31995.0,1,2.8501026694045173,0.6,0.6,0.0
1,157500.0,337761.0,17374.5,1,1.3360711841204653,0.4,0.5,0.0
1,90000.0,270000.0,15498.0,1,1.1471594798083504,0.6,0.6,0.0
1,90000.0,180000.0,9000.0,0,4.049281314168378,0.6,0.5,1.0
0,112500.0,328405.5,17946.0,0,3.509924709103354,0.4,0.6,0.0
0,202500.0,585000.0,29997.0,2,9.190965092402465,0.4,0.5,0.0
0,162000.0,135000.0,6750.0,1,0.2737850787132101,0.4,0.6,1.0
0,450000.0,612612.0,27112.5,0,5.451060917180014,0.85,0.6,0.0
0,135000.0,675000.0,32602.5,0,7.800136892539356,0.4,0.6,0.0
0,112500.0,792000.0,31410.0,1,0.999315537303217,0.4,0.5,0.0
0,135000.0,270000.0,13500.0,0,3.0006844626967832,0.85,0.5,1.0
1,72000.0,254700.0,20119.5,2,1.9055441478439425,0.85,0.5,0.0
0,90000.0,760500.0,21042.0,0,6.611909650924025,0.85,0.5,0.0
0,67500.0,161730.0,7254.0,0,3.5482546201232035,0.4,0.5,0.0
0,126000.0,490536.0,17748.0,0,0.6598220396988365,0.4,0.6,0.0
0,59850.0,450000.0,20979.0,2,10.496919917864476,0.4,0.65,0.0
0,157500.0,990432.0,32863.5,1,4.97741273100616,0.4,0.6,0.0
0,166500.0,521280.0,31630.5,1,3.433264887063655,0.4,0.5,0.0
0,180000.0,810000.0,23814.0,0,19.055441478439427,0.85,0.5,0.0
0,67500.0,343800.0,13090.5,0,4.906228610540725,0.4,0.65,0.0
0,202500.0,900000.0,35158.5,0,4.361396303901437,0.4,0.5,0.0
0,270000.0,341280.0,27094.5,0,2.839151266255989,0.4,0.5,0.0
0,202500.0,202500.0,13662.0,0,1.0485968514715949,0.6,0.6,0.0
0,157500.0,778500.0,41607.0,1,4.629705681040384,0.4,0.6,0.0
0,225000.0,1165500.0,38646.0,0,4.125941136208077,0.4,0.5,0.0
0,157500.0,586764.0,22248.0,1,3.403148528405202,0.4,0.6,0.0
0,202500.0,117162.0,12748.5,0,2.940451745379877,0.4,0.6,0.0
0,126000.0,225000.0,22612.5,1,1.3059548254620124,0.85,0.65,0.0
0,157500.0,497520.0,33376.5,0,3.912388774811773,0.4,0.5,0.0
0,135000.0,405000.0,20250.0,0,8.407939767282683,0.4,0.65,1.0
0,225000.0,664299.0,52614.0,0,11.19233401779603,0.85,0.6,0.0
1,247500.0,728460.0,58536.0,0,0.2874743326488706,0.4,0.6,0.0
0,135000.0,1078200.0,31653.0,1,3.277207392197125,0.4,0.6,0.0
1,198000.0,1216201.5,35689.5,0,0.13415468856947296,0.4,0.5,0.0
0,112500.0,202500.0,10125.0,0,1.2539356605065024,0.4,0.6,1.0
1,157500.0,270000.0,13500.0,0,0.7802874743326489,0.85,0.5,1.0
0,112500.0,900000.0,26446.5,1,0.5448323066392882,0.4,0.6,0.0
0,225000.0,269982.0,32040.0,1,4.878850102669404,0.4,0.6,0.0
0,180000.0,481500.0,38173.5,0,0.29568788501026694,0.4,0.6,0.0
0,112500.0,180000.0,9000.0,0,27.26899383983573,0.4,0.5,1.0
0,157500.0,720000.0,21181.5,0,3.14031485284052,0.85,0.6,0.0
0,112500.0,284256.0,30289.5,1,4.216290212183436,0.4,0.5,0.0
0,112500.0,295254.0,15205.5,1,4.3203285420944555,0.4,0.5,0.0
0,135000.0,835744.5,33273.0,1,3.594798083504449,0.4,0.6,0.0
0,135000.0,900000.0,26316.0,1,2.7980835044490076,0.85,0.65,0.0
0,234000.0,720000.0,36000.0,0,3.1293634496919918,0.4,0.5,1.0
0,162000.0,1129500.0,31189.5,0,22.11362080766598,0.4,0.5,0.0
0,540000.0,2261803.5,68706.0,0,4.043805612594114,0.85,0.6,0.0
0,74250.0,203760.0,16227.0,0,1.7713894592744694,0.4,0.5,0.0
0,225000.0,630000.0,35176.5,0,4.388774811772758,0.6,0.6,0.0
0,180000.0,450000.0,22018.5,2,19.33196440793977,0.4,0.5,0.0
0,234000.0,1695483.0,48721.5,1,8.131416837782341,0.4,0.65,0.0
0,157500.0,292500.0,29061.0,0,30.28336755646817,0.4,0.5,0.0
0,225000.0,1082214.0,31770.0,0,14.584531143052704,0.4,0.5,0.0
0,202500.0,1006920.0,42790.5,1,10.934976043805612,0.4,0.5,0.0
0,180000.0,814041.0,23931.0,1,4.418891170431212,0.4,0.5,0.0
0,81000.0,269550.0,19300.5,2,7.748117727583847,0.4,0.5,0.0
0,135000.0,417024.0,25330.5,0,0.9801505817932923,0.85,0.5,0.0
0,85500.0,180000.0,9000.0,0,0.5147159479808351,0.4,0.6,1.0
0,126000.0,450000.0,25965.0,0,0.39698836413415467,0.4,0.5,0.0
0,90000.0,314100.0,16573.5,1,3.753593429158111,0.4,0.5,0.0
0,157500.0,405000.0,20250.0,0,6.809034907597536,0.85,0.5,1.0
0,247500.0,1041219.0,53293.5,0,12.988364134154688,0.4,0.5,0.0
0,202500.0,270000.0,13500.0,2,20.758384668035593,0.4,0.5,1.0
0,424350.0,2013840.0,53253.0,0,2.3134839151266258,0.85,0.65,0.0
0,135000.0,1113840.0,44302.5,1,3.652292950034223,0.85,0.5,0.0
0,135000.0,675000.0,28377.0,0,2.0342231348391513,0.4,0.5,0.0
0,247500.0,225000.0,11911.5,0,9.026694045174539,0.85,0.5,0.0
0,337500.0,254700.0,30357.0,0,13.423682409308693,0.4,0.6,0.0
0,112500.0,307557.0,19782.0,0,7.15400410677618,0.4,0.6,0.0
0,450000.0,1729615.5,54306.0,0,15.307323750855579,0.4,0.6,0.0
0,112500.0,469017.0,25443.0,3,0.8761122518822724,0.4,0.5,0.0
0,202500.0,900000.0,26446.5,0,6.38466803559206,0.4,0.5,0.0
0,157500.0,521280.0,28278.0,1,1.7631759069130732,0.4,0.5,0.0
1,135000.0,247986.0,16906.5,0,1.0622861054072552,0.4,0.5,0.0
0,157500.0,481320.0,13234.5,0,0.758384668035592,0.4,0.6,0.0
0,112500.0,355536.0,18742.5,0,4.955509924709103,0.6,0.5,0.0
0,135000.0,78192.0,8140.5,0,10.04517453798768,0.85,0.6,0.0
0,157500.0,1113840.0,57001.5,1,0.5503080082135524,0.4,0.5,0.0
0,225000.0,1057500.0,44802.0,0,0.3258042436687201,0.85,0.5,0.0
0,135000.0,1275921.0,37435.5,0,5.4401095140314855,0.4,0.5,0.0
0,121500.0,127350.0,12532.5,1,7.690622861054073,0.85,0.65,0.0
0,112500.0,1288350.0,37800.0,0,11.342915811088295,0.4,0.6,0.0
1,112500.0,257562.0,13482.0,0,0.3915126625598905,0.85,0.5,0.0
0,112500.0,284400.0,22599.0,3,1.8179329226557153,0.4,0.5,0.0
0,121500.0,755190.0,36459.0,0,6.5160848733744015,0.4,0.5,0.0
0,315000.0,270000.0,13500.0,0,5.519507186858316,0.4,0.6,1.0
1,112500.0,545040.0,25537.5,1,0.9226557152635181,0.4,0.5,0.0
0,135000.0,283500.0,22860.0,1,3.5564681724845997,0.4,0.5,0.0
0,144000.0,835380.0,45445.5,0,2.751540041067762,0.6,0.5,0.0
0,180000.0,518562.0,19881.0,0,2.4503764544832305,0.85,0.5,0.0
0,135000.0,599472.0,20619.0,0,3.216974674880219,0.85,0.5,0.0
0,202500.0,675000.0,66892.5,2,20.438056125941138,0.85,0.5,0.0
0,162000.0,343377.0,22486.5,1,3.8357289527720737,0.85,0.6,0.0
0,450000.0,1381500.0,36441.0,1,1.946611909650924,0.85,0.6,0.0
1,360000.0,1305000.0,38155.5,0,0.7802874743326489,0.85,0.6,0.0
1,126000.0,284400.0,18643.5,0,2.7871321013004793,0.4,0.6,0.0
0,243000.0,835380.0,36927.0,0,2.001368925393566,0.85,0.6,0.0
0,117000.0,1006920.0,42660.0,0,0.3203285420944558,0.85,0.5,0.0
0,247500.0,913347.0,38826.0,0,4.142368240930869,0.4,0.5,0.0
1,103500.0,360000.0,24187.5,0,3.0663928815879533,0.4,0.5,0.0
1,180000.0,331834.5,18130.5,0,5.47296372347707,0.4,0.65,0.0
0,135000.0,180000.0,9000.0,0,1.9000684462696784,0.4,0.5,1.0
0,135000.0,1113840.0,57001.5,0,1.3661875427789185,0.4,0.6,0.0
0,112500.0,286704.0,23116.5,1,4.876112251882272,0.4,0.5,0.0
0,126000.0,315000.0,17086.5,1,2.458590006844627,0.4,0.5,0.0
1,297000.0,783927.0,40153.5,0,13.984941820670773,0.85,0.65,0.0
0,189000.0,830214.0,24403.5,0,1.106091718001369,0.4,0.5,0.0
0,135000.0,225000.0,12915.0,0,4.301163586584531,0.4,0.6,0.0
0,157500.0,640080.0,29970.0,3,5.078713210130048,0.4,0.5,0.0
0,225000.0,61128.0,6084.0,0,16.290212183436,0.85,0.5,0.0
1,45000.0,119925.0,11988.0,1,2.316221765913758,0.4,0.5,0.0
0,495000.0,1852537.5,101646.0,0,27.34839151266256,0.4,0.6,0.0
0,180000.0,1125000.0,32895.0,0,26.90759753593429,0.4,0.6,0.0
0,225000.0,1800000.0,49500.0,0,3.0390143737166326,0.85,0.6,0.0
1,112500.0,1113840.0,57001.5,3,8.654346338124572,0.4,0.6,0.0
0,202500.0,1006920.0,37444.5,1,3.1211498973305956,0.85,0.5,0.0
0,189000.0,497520.0,27909.0,1,2.735112936344969,0.4,0.5,0.0
0,157500.0,835380.0,40320.0,2,11.961670088980151,0.4,0.5,0.0
0,67500.0,497520.0,39438.0,0,10.30800821355236,0.4,0.5,0.0
0,157500.0,675000.0,29731.5,0,1.9931553730321698,0.4,0.5,0.0
0,135000.0,285723.0,22239.0,0,1.160848733744011,0.6,0.5,0.0
0,157500.0,270000.0,13500.0,1,10.699520876112253,0.85,0.65,1.0
0,202500.0,497520.0,32521.5,0,5.859000684462697,0.85,0.5,0.0
0,112500.0,755190.0,32125.5,0,7.737166324435318,0.4,0.6,0.0
0,135000.0,358344.0,22900.5,0,6.034223134839151,0.85,0.5,0.0
0,135000.0,539100.0,29376.0,1,3.436002737850787,0.4,0.5,0.0
1,180000.0,239850.0,28593.0,0,1.002053388090349,0.4,0.5,0.0
0,157500.0,304933.5,24088.5,1,1.7960301163586585,0.4,0.5,0.0
0,270000.0,135000.0,6750.0,2,1.3086926762491444,0.6,0.6,1.0
0,292500.0,1078200.0,31522.5,0,3.252566735112936,0.85,0.65,0.0
1,135000.0,270000.0,13500.0,0,3.8576317590691307,0.4,0.6,1.0
0,97650.0,315000.0,9027.0,0,0.6187542778918549,0.85,0.6,0.0
0,225000.0,900000.0,45000.0,0,0.3066392881587953,0.85,0.6,1.0
0,135000.0,592560.0,31153.5,0,3.8412046543463383,0.4,0.6,0.0
0,270000.0,634482.0,20596.5,0,9.686516084873375,0.4,0.5,0.0
0,130500.0,1092190.5,46404.0,1,1.1772758384668036,1.0,0.65,0.0
0,90000.0,348826.5,17847.0,2,2.7816563997262147,0.4,0.5,0.0
0,157500.0,495000.0,15966.0,1,17.409993155373034,0.4,0.5,0.0
0,157500.0,590071.5,15565.5,0,0.5995893223819302,0.4,0.5,0.0
0,157500.0,485901.0,25569.0,2,7.38672142368241,0.85,0.6,0.0
0,225000.0,270000.0,13500.0,0,4.59958932238193,0.85,0.5,1.0
0,90000.0,450000.0,22500.0,0,5.604380561259411,0.85,0.65,1.0
0,247500.0,1506816.0,47443.5,0,1.431895961670089,0.4,0.5,0.0
0,202500.0,269550.0,19170.0,0,16.186173853524984,0.4,0.5,0.0
0,121500.0,459000.0,22081.5,0,1.8179329226557153,0.4,0.65,0.0
1,81000.0,1193580.0,38632.5,0,7.006160164271047,0.4,0.5,0.0
0,180000.0,1287000.0,35523.0,1,10.55441478439425,0.4,0.5,0.0
0,180000.0,746280.0,59094.0,2,7.044490075290897,0.4,0.5,0.0
0,157500.0,1546020.0,40914.0,2,14.576317590691307,0.4,0.65,0.0
1,135000.0,225000.0,24363.0,0,0.6187542778918549,0.6,0.6,0.0
0,135000.0,337500.0,16875.0,0,8.867898699520875,0.85,0.65,1.0
0,108000.0,286704.0,21564.0,0,15.586584531143053,0.4,0.5,0.0
0,166500.0,814041.0,23800.5,1,6.009582477754963,0.6,0.65,0.0
0,76500.0,135000.0,6750.0,0,0.6680355920602327,0.85,0.65,1.0
1,189000.0,454500.0,43281.0,0,3.058179329226557,0.85,0.6,0.0
0,450000.0,1314117.0,38421.0,2,8.966461327857632,0.4,0.6,0.0
0,63000.0,203760.0,13396.5,0,10.924024640657084,0.4,0.5,0.0
0,157500.0,542133.0,27810.0,0,32.563997262149215,0.4,0.65,0.0
1,157500.0,276277.5,22279.5,0,3.800136892539357,0.4,0.5,0.0
0,72000.0,562491.0,27058.5,2,1.6919917864476386,0.85,0.5,0.0
0,270000.0,720000.0,30505.5,1,4.919917864476386,0.4,0.6,0.0
0,202500.0,1129500.0,46134.0,0,12.487337440109513,0.4,0.5,0.0
0,157500.0,450000.0,16294.5,0,6.409308692676249,0.4,0.6,0.0
0,202500.0,728460.0,67540.5,1,3.378507871321013,0.85,0.5,0.0
0,225000.0,675000.0,34465.5,0,8.903490759753593,0.4,0.5,0.0
0,157500.0,1125000.0,30168.0,0,28.076659822039698,0.85,0.65,0.0
0,90000.0,112500.0,11812.5,1,9.1088295687885,0.4,0.5,0.0
0,270000.0,1436850.0,42142.5,0,1.7056810403832992,0.85,0.5,0.0
1,112500.0,177903.0,13968.0,1,1.160848733744011,0.4,0.6,0.0
0,171000.0,1129500.0,43150.5,0,6.1300479123887746,0.4,0.5,0.0
0,117000.0,526491.0,19039.5,0,6.0862422997946615,0.4,0.5,0.0
1,202500.0,343377.0,22486.5,0,6.620123203285421,0.4,0.6,0.0
0,135000.0,180000.0,9000.0,3,6.609171800136893,0.4,0.5,1.0
0,112500.0,270126.0,18400.5,0,1.1553730321697468,0.4,0.5,0.0
0,90000.0,270000.0,13500.0,1,5.716632443531828,0.4,0.5,1.0
0,135000.0,1188000.0,34735.5,1,2.431211498973306,0.4,0.65,0.0
0,94500.0,286704.0,23116.5,1,8.2984257357974,0.85,0.65,0.0
0,135000.0,675000.0,32602.5,2,1.571526351813826,0.85,0.6,0.0
1,135000.0,142200.0,9630.0,1,3.24435318275154,0.85,0.5,0.0
0,112500.0,119893.5,14355.0,0,3.14031485284052,0.4,0.5,0.0
0,67500.0,180000.0,9000.0,0,1.842573579739904,0.4,0.6,1.0
1,225000.0,1096020.0,56092.5,1,10.902121834360027,0.4,0.5,0.0
0,135000.0,679500.0,27076.5,0,7.189596167008898,0.85,0.6,0.0
1,180000.0,383089.5,30397.5,0,4.372347707049966,0.4,0.5,0.0
0,202500.0,450000.0,21888.0,0,2.4476386036960984,0.4,0.5,0.0
1,180000.0,619254.0,23076.0,0,4.933607118412047,0.4,0.5,0.0
0,225000.0,202500.0,10125.0,0,6.053388090349076,0.4,0.6,1.0
0,166500.0,161730.0,13963.5,0,4.739219712525667,0.4,0.6,0.0
0,225000.0,1125000.0,33025.5,0,24.53388090349076,0.4,0.6,0.0
0,175500.0,211500.0,10305.0,1,4.205338809034908,0.4,0.5,0.0
0,337500.0,1006920.0,40059.0,0,2.5708418891170433,0.85,0.65,0.0
0,112500.0,450000.0,36211.5,0,8.845995893223819,0.4,0.5,0.0
0,67500.0,343800.0,16852.5,0,3.463381245722108,0.4,0.5,0.0
0,135000.0,571446.0,22270.5,0,3.5208761122518824,0.4,0.6,0.0
0,202500.0,450000.0,35554.5,1,0.5804243668720055,0.4,0.5,0.0
1,180000.0,755190.0,38686.5,1,1.1526351813826146,0.4,0.6,0.0
0,405000.0,900000.0,29164.5,0,10.819986310746064,0.85,0.5,0.0
0,135000.0,270000.0,13500.0,1,6.217659137577002,0.4,0.5,1.0
0,405000.0,191880.0,20794.5,1,5.560574948665297,0.85,0.65,0.0
0,112500.0,278460.0,25668.0,0,0.4462696783025325,0.6,0.5,0.0
1,90000.0,277969.5,13648.5,1,3.0034223134839153,0.85,0.5,0.0
0,81000.0,135000.0,12946.5,0,1.6317590691307324,0.4,0.6,0.0
0,112500.0,229500.0,22698.0,1,3.1019849418206706,0.6,0.5,0.0
0,180000.0,562491.0,23962.5,0,17.522245037645447,0.4,0.65,0.0
0,126000.0,518562.0,38902.5,0,3.6030116358658453,0.4,0.5,0.0
0,180000.0,545040.0,26509.5,0,11.077344284736482,0.4,0.6,0.0
1,135000.0,276813.0,22324.5,0,11.24435318275154,0.4,0.5,0.0
0,45000.0,55692.0,4437.0,0,15.537303216974674,0.4,0.5,0.0
0,112500.0,474048.0,17698.5,1,0.6954140999315537,0.4,0.5,0.0
1,83304.0,341280.0,9382.5,0,0.9418206707734429,0.85,0.6,0.0
0,112500.0,180000.0,9000.0,0,3.7097878165639973,0.4,0.6,1.0
0,157500.0,1078200.0,31522.5,0,3.3319644079397674,0.4,0.6,0.0
0,270000.0,247675.5,22716.0,0,4.6680355920602326,0.4,0.5,0.0
0,90000.0,942300.0,30528.0,1,3.8494182067077345,0.2,0.6,0.0
0,153000.0,909000.0,36180.0,0,5.546885694729637,0.4,0.6,0.0
0,225000.0,531706.5,28458.0,0,5.368925393566051,0.4,0.5,0.0
0,171000.0,439074.0,22549.5,0,9.64271047227926,0.4,0.5,0.0
0,225000.0,450000.0,21888.0,1,5.059548254620124,0.6,0.6,0.0
0,135000.0,625500.0,26500.5,0,2.8747433264887063,0.85,0.6,0.0
0,382500.0,797818.5,40864.5,0,3.7754962354551678,0.6,0.6,0.0
0,135000.0,274500.0,21240.0,0,0.30937713894592744,0.4,0.5,0.0
0,130500.0,675000.0,29862.0,0,35.01437371663244,0.4,0.5,0.0
0,180000.0,331632.0,37548.0,0,7.975359342915811,0.85,0.5,0.0
0,112500.0,485640.0,34668.0,1,2.6995208761122518,0.4,0.5,0.0
0,130500.0,805500.0,23679.0,0,1.4455852156057496,0.4,0.6,0.0
0,72000.0,536917.5,19413.0,0,32.27926078028747,0.4,0.65,0.0
0,225000.0,790830.0,57676.5,1,1.1964407939767283,0.4,0.5,0.0
0,270000.0,814041.0,26388.0,2,7.945242984257358,0.4,0.5,0.0
0,112500.0,337500.0,16875.0,1,15.099247091033538,0.85,0.5,1.0
1,90000.0,360000.0,17509.5,0,2.0670773442847366,0.4,0.6,0.0
0,103500.0,450000.0,21888.0,0,1.5003422313483916,0.4,0.5,0.0
0,90000.0,270000.0,13500.0,1,1.8507871321013005,0.4,0.6,1.0
0,157500.0,254700.0,27558.0,2,4.678986995208761,0.4,0.5,0.0
0,90000.0,450000.0,20979.0,0,2.9596167008898013,0.4,0.5,0.0
0,135000.0,845410.5,29074.5,2,0.5694729637234771,0.4,0.6,0.0
0,135000.0,270000.0,13500.0,0,1.5906913073237507,0.4,0.5,1.0
0,202500.0,1223010.0,48631.5,0,13.492128678986996,0.85,0.6,0.0
0,135000.0,225000.0,11781.0,0,2.3381245722108144,0.4,0.5,0.0
0,63000.0,352044.0,17253.0,0,18.69678302532512,0.4,0.5,0.0
0,117000.0,382500.0,23242.5,0,8.498288843258042,0.4,0.5,0.0
1,202500.0,601470.0,32760.0,0,0.6406570841889117,0.4,0.6,0.0
0,72000.0,384048.0,18810.0,1,0.24093086926762491,0.4,0.5,0.0
0,157500.0,314100.0,13833.0,0,20.525667351129364,0.4,0.5,0.0
0,292500.0,630000.0,23476.5,0,3.2032854209445585,0.4,0.5,0.0
1,63000.0,433458.0,22261.5,0,0.06297056810403832,0.85,0.65,0.0
0,135000.0,430258.5,37057.5,1,2.6584531143052703,0.4,0.6,0.0
0,135000.0,1012500.0,32791.5,0,1.103353867214237,0.85,0.6,0.0
0,202500.0,239850.0,23719.5,2,2.9979466119096507,0.4,0.5,0.0
0,180000.0,450000.0,28890.0,0,0.4106776180698152,0.4,0.5,0.0
0,225000.0,450000.0,22018.5,1,2.113620807665982,0.6,0.5,0.0
0,180000.0,979992.0,34848.0,0,12.952772073921972,0.4,0.5,0.0
0,270000.0,1011955.5,43006.5,0,0.3997262149212868,0.4,0.65,0.0
0,135000.0,478836.0,37831.5,0,4.079397672826831,0.4,0.6,0.0
0,225000.0,540000.0,27000.0,0,4.635181382614648,0.4,0.6,1.0
0,112500.0,490536.0,25047.0,0,13.932922655715263,0.4,0.6,0.0
0,90000.0,135000.0,6750.0,0,4.035592060232717,0.4,0.5,1.0
0,135000.0,266832.0,21523.5,1,0.34496919917864477,0.85,0.5,0.0
0,261000.0,585000.0,29250.0,1,9.886379192334017,0.4,0.5,1.0
0,67500.0,270126.0,14782.5,0,1.5085557837097878,0.4,0.65,0.0
0,135000.0,207396.0,16515.0,0,2.245037645448323,0.4,0.5,0.0
0,135000.0,254700.0,17149.5,0,1.7385352498288844,0.85,0.65,0.0
0,202500.0,450000.0,32877.0,0,0.6406570841889117,0.85,0.6,0.0
0,180000.0,225000.0,11250.0,0,15.110198494182066,0.85,0.65,1.0
0,180000.0,539100.0,27522.0,0,2.74880219028063,0.4,0.6,0.0
0,112500.0,545040.0,36553.5,3,8.175222450376454,0.4,0.5,0.0
0,180000.0,901813.5,29934.0,0,6.3709787816564,0.4,0.5,0.0
0,180000.0,1082214.0,31770.0,0,17.790554414784395,0.85,0.65,0.0
0,76500.0,942300.0,27549.0,0,8.306639288158795,0.4,0.5,0.0
0,180000.0,296280.0,14382.0,0,29.062286105407257,0.4,0.5,0.0
0,112500.0,225000.0,11502.0,0,19.638603696098563,0.4,0.5,0.0
0,180000.0,848745.0,36090.0,0,5.987679671457905,0.85,0.5,0.0
1,157500.0,1024740.0,49297.5,0,2.6885694729637235,0.4,0.6,0.0
1,337500.0,808650.0,26086.5,0,0.5776865160848734,0.4,0.5,0.0
0,112500.0,900000.0,26316.0,0,7.5482546201232035,0.4,0.5,0.0
0,135000.0,818410.5,27175.5,1,26.34633812457221,0.4,0.5,0.0
0,382500.0,840951.0,38002.5,0,1.943874058863792,0.85,0.5,0.0
0,67500.0,175500.0,13711.5,0,0.487337440109514,0.4,0.5,0.0
0,585000.0,328365.0,30829.5,1,2.269678302532512,0.85,0.6,0.0
0,247500.0,521280.0,31630.5,0,7.2470910335386725,0.85,0.6,0.0
0,99000.0,454500.0,27936.0,1,0.5585215605749486,0.4,0.65,0.0
0,81000.0,168102.0,16506.0,0,18.847364818617386,0.4,0.5,0.0
0,148500.0,1035000.0,30393.0,0,8.511978097193703,0.4,0.5,0.0
0,126000.0,254700.0,14220.0,0,2.97056810403833,0.4,0.5,0.0
1,135000.0,592560.0,32274.0,2,5.223819301848049,0.4,0.5,0.0
0,162000.0,265306.5,27990.0,1,19.906913073237508,0.4,0.65,0.0
0,90000.0,704844.0,36117.0,1,0.9034907597535934,0.6,0.5,0.0
0,225000.0,900000.0,45954.0,0,4.722792607802875,0.4,0.6,0.0
0,112500.0,755190.0,35122.5,0,1.5605749486652978,0.4,0.6,0.0
1,450000.0,855000.0,28255.5,0,13.530458590006845,0.4,0.65,0.0
0,315000.0,312768.0,13378.5,1,8.722792607802875,0.4,0.65,0.0
0,103500.0,261000.0,10341.0,1,6.2121834360027375,0.85,0.5,0.0
0,270000.0,621621.0,49243.5,1,17.61533196440794,0.85,0.5,0.0
0,112500.0,668484.0,26032.5,2,8.19712525667351,0.4,0.5,0.0
1,126000.0,988191.0,40378.5,0,3.972621492128679,0.4,0.5,0.0
0,202500.0,1540305.0,42484.5,0,1.1307323750855578,0.85,0.6,0.0
0,153000.0,187704.0,12348.0,0,32.153319644079396,0.4,0.5,0.0
0,112500.0,1293502.5,35698.5,0,3.693360711841205,0.4,0.5,0.0
0,67500.0,495000.0,16096.5,2,0.8350444900752909,0.4,0.65,0.0
0,270000.0,1288350.0,37669.5,0,8.208076659822039,0.4,0.5,0.0
0,135000.0,545040.0,25537.5,0,1.5304585900068446,0.4,0.6,0.0
1,180000.0,521280.0,31630.5,1,4.339493497604381,0.85,0.5,0.0
0,157500.0,247500.0,14206.5,0,1.0047912388774811,0.4,0.5,0.0
0,112500.0,511249.5,26230.5,3,4.832306639288158,0.4,0.5,0.0
1,180000.0,539100.0,27522.0,0,4.818617385352498,0.4,0.5,0.0
0,360000.0,1125000.0,36423.0,0,18.220396988364133,0.4,0.5,0.0
0,108000.0,788103.0,33259.5,1,1.943874058863792,0.4,0.5,0.0
0,157500.0,942300.0,27679.5,0,1.3114305270362765,0.2,0.5,0.0
1,315000.0,502186.5,52861.5,1,5.8726899383983575,0.4,0.6,0.0
0,540000.0,805536.0,31945.5,1,4.791238877481177,0.85,0.5,0.0
0,180000.0,254700.0,27153.0,2,4.010951403148528,0.4,0.65,0.0
0,135000.0,810000.0,40500.0,0,12.922655715263518,0.85,0.5,1.0
1,112500.0,270000.0,14647.5,1,5.13347022587269,0.4,0.5,0.0
0,202500.0,405000.0,20250.0,0,0.6652977412731006,0.4,0.5,1.0
0,261000.0,454500.0,30946.5,0,27.89869952087611,0.4,0.5,0.0
0,202500.0,729792.0,26343.0,1,4.402464065708419,0.4,0.5,0.0
0,157500.0,983299.5,41791.5,0,1.5441478439425051,0.4,0.5,0.0
0,135000.0,808650.0,23773.5,0,1.5277207392197125,0.4,0.5,0.0
0,225000.0,469152.0,24691.5,0,8.668035592060233,0.85,0.5,0.0
0,126000.0,781920.0,26856.0,0,2.0095824777549622,0.4,0.65,0.0
0,225000.0,808650.0,26217.0,1,10.036960985626283,0.4,0.6,0.0
0,315000.0,675000.0,49248.0,0,2.7707049965776864,0.6,0.6,0.0
0,126000.0,592560.0,31153.5,3,1.5550992470910336,0.4,0.5,0.0
1,112500.0,450000.0,22018.5,0,2.524298425735797,0.6,0.5,0.0
0,112500.0,381528.0,22032.0,0,1.1937029431895962,0.4,0.5,0.0
0,135000.0,675000.0,27621.0,0,10.464065708418891,0.4,0.5,0.0
0,135000.0,1006920.0,40063.5,1,1.3552361396303902,0.85,0.5,0.0
0,135000.0,270000.0,13500.0,2,3.813826146475017,0.85,0.65,1.0
1,112500.0,270000.0,13131.0,2,2.193018480492813,0.4,0.5,0.0
0,225000.0,506754.0,27621.0,0,1.6892539356605065,0.6,0.6,0.0
0,450000.0,1190340.0,63549.0,0,7.655030800821355,0.85,0.5,0.0
0,67500.0,135000.0,6750.0,0,0.6652977412731006,0.4,0.5,1.0
0,180000.0,993082.5,39514.5,1,2.7789185489390826,0.4,0.6,0.0
0,135000.0,270000.0,20893.5,0,2.811772758384668,0.4,0.5,0.0
0,360000.0,270000.0,13500.0,1,7.392197125256674,0.4,0.5,1.0
0,90000.0,1125000.0,32895.0,1,18.373716632443532,0.4,0.5,0.0
0,135000.0,545040.0,33475.5,0,2.507871321013005,0.85,0.5,0.0
0,76500.0,403249.5,15331.5,1,0.6981519507186859,0.85,0.6,0.0
0,126000.0,1165500.0,34078.5,0,4.1943874058863795,0.4,0.5,0.0
0,585000.0,1885536.0,103324.5,0,17.919233401779604,0.85,0.6,0.0
0,67500.0,225000.0,15034.5,0,3.1813826146475015,0.4,0.5,0.0
0,171000.0,832977.0,42660.0,0,22.015058179329227,0.4,0.5,0.0
0,180000.0,454500.0,19386.0,1,3.247091033538672,0.85,0.5,0.0
0,144000.0,814041.0,23931.0,1,4.424366872005476,0.4,0.65,0.0
0,135000.0,448056.0,21015.0,0,0.3586584531143053,0.85,0.5,0.0
0,180000.0,675000.0,34596.0,1,1.5633127994524298,0.85,0.5,0.0
0,157500.0,247500.0,12375.0,0,1.4154688569472964,0.6,0.5,1.0
1,211500.0,450000.0,22018.5,0,7.408624229979466,0.4,0.5,0.0
0,247500.0,481320.0,13234.5,0,9.013004791238878,0.4,0.5,0.0
0,135000.0,270000.0,13500.0,0,1.486652977412731,0.85,0.5,1.0
0,270000.0,1507869.0,49135.5,0,20.66255989048597,0.85,0.5,0.0
0,225000.0,568800.0,15133.5,1,6.321697467488022,0.4,0.5,0.0
0,112500.0,585000.0,29250.0,0,11.107460643394935,0.4,0.5,1.0
0,63000.0,900000.0,26446.5,0,2.1574264202600957,0.4,0.5,0.0
0,342000.0,840951.0,33480.0,1,8.109514031485284,0.4,0.5,0.0
1,198000.0,467257.5,17743.5,0,1.242984257357974,0.4,0.5,0.0
0,157500.0,1125000.0,40540.5,1,1.1827515400410678,0.4,0.5,0.0
0,171000.0,105534.0,10278.0,2,17.574264202600958,0.85,0.65,0.0
0,157500.0,1147500.0,33552.0,0,2.6584531143052703,0.4,0.5,0.0
0,135000.0,474183.0,23193.0,0,6.1711156741957565,0.4,0.5,0.0
0,315000.0,254700.0,27022.5,0,3.923340177960301,0.85,0.6,0.0
0,94500.0,891000.0,26050.5,1,13.232032854209445,0.4,0.5,0.0
0,157500.0,1113840.0,57001.5,2,6.151950718685832,0.4,0.65,0.0
0,225000.0,545040.0,25537.5,1,1.4264202600958247,0.4,0.6,0.0
0,337500.0,1289313.0,89865.0,0,8.131416837782341,0.85,0.5,0.0
0,135000.0,755190.0,30078.0,0,20.468172484599588,0.4,0.5,0.0
0,315000.0,319500.0,12172.5,0,3.6139630390143735,0.4,0.6,0.0
0,180000.0,296280.0,23539.5,2,7.989048596851472,0.4,0.5,0.0
0,90000.0,432567.0,19183.5,1,1.7357973990417521,0.85,0.5,0.0
0,270000.0,900000.0,46084.5,0,1.8617385352498288,0.4,0.5,0.0
0,108000.0,891000.0,29443.5,0,14.310746064339494,0.4,0.5,0.0
0,144000.0,225000.0,18040.5,0,5.883641341546886,0.85,0.5,0.0
0,157500.0,337500.0,16875.0,0,3.058179329226557,0.4,0.6,1.0
0,135000.0,1076247.0,42813.0,0,4.388774811772758,0.4,0.5,0.0
0,238500.0,766282.5,25452.0,1,30.365503080082135,0.4,0.6,0.0
0,108000.0,204858.0,15984.0,1,1.9301848049281314,0.85,0.5,0.0
0,90000.0,585000.0,29250.0,0,1.056810403832991,0.4,0.6,1.0
0,234000.0,315000.0,12006.0,0,10.16290212183436,0.85,0.5,0.0
0,225000.0,299772.0,15358.5,1,6.639288158795345,0.85,0.6,0.0
0,270000.0,315000.0,15750.0,1,3.0390143737166326,0.4,0.6,1.0
0,202500.0,490495.5,26131.5,0,3.2032854209445585,0.4,0.6,0.0
0,202500.0,402214.5,31905.0,0,10.789869952087612,0.4,0.6,0.0
0,112500.0,227520.0,13059.0,0,3.3894592744695413,0.4,0.6,0.0
0,225000.0,2250000.0,59485.5,1,3.1704312114989732,0.85,0.5,0.0
0,157500.0,943515.0,31311.0,0,1.626283367556468,0.4,0.5,0.0
0,103500.0,139405.5,7690.5,2,9.957563312799453,0.4,0.5,0.0
0,162000.0,544491.0,17694.0,1,21.097878165639973,0.4,0.5,0.0
0,166500.0,677664.0,36891.0,0,1.2046543463381245,0.4,0.6,0.0
0,427500.0,270000.0,13500.0,0,4.213552361396304,0.4,0.5,1.0
0,270000.0,921861.0,27085.5,1,1.3470225872689938,0.6,0.6,0.0
0,112500.0,292500.0,14202.0,0,14.491444216290212,0.4,0.5,0.0
0,94500.0,270000.0,13500.0,0,2.8199863107460645,0.4,0.5,1.0
1,270000.0,930055.5,47619.0,1,7.479808350444901,0.4,0.5,0.0
0,157500.0,787131.0,46021.5,1,4.216290212183436,0.4,0.6,0.0
1,315000.0,284400.0,22468.5,0,6.798083504449007,0.4,0.5,0.0
0,135000.0,225000.0,16371.0,0,6.7734428473648185,0.4,0.5,0.0
0,270000.0,1027327.5,43654.5,0,8.013689253935661,0.85,0.6,0.0
1,126000.0,454500.0,44406.0,0,3.2553045859000687,0.4,0.5,0.0
0,98550.0,239850.0,25960.5,1,4.744695414099931,0.4,0.5,0.0
1,135000.0,640080.0,31261.5,0,1.2785763175906912,0.85,0.5,0.0
0,90000.0,942300.0,34749.0,0,0.8487337440109514,0.4,0.5,0.0
1,135000.0,684657.0,22216.5,1,2.726899383983573,0.4,0.5,0.0
0,202500.0,170640.0,9922.5,1,12.082135523613964,0.4,0.5,0.0
0,189000.0,143910.0,14233.5,0,0.3860369609856263,0.4,0.6,0.0
0,81000.0,283585.5,18252.0,1,9.51129363449692,0.4,0.5,0.0
0,360000.0,1800000.0,47484.0,1,2.4202600958247777,0.85,0.5,0.0
0,135000.0,263686.5,17298.0,0,0.4928131416837782,0.4,0.5,0.0
0,202500.0,142200.0,10305.0,0,2.236824093086927,0.4,0.5,0.0
0,27000.0,225000.0,9531.0,0,0.4407939767282683,0.4,0.65,0.0
0,360000.0,958131.0,49050.0,1,11.411362080766597,0.4,0.5,0.0
1,90000.0,545040.0,25407.0,1,1.4948665297741273,0.4,0.6,0.0
0,234000.0,618840.0,17865.0,1,2.461327857631759,0.85,0.5,0.0
0,225000.0,1125000.0,33025.5,0,3.7125256673511293,0.4,0.5,0.0
0,112500.0,1007352.0,33421.5,2,12.292950034223136,0.4,0.5,0.0
0,90000.0,1078200.0,31653.0,0,6.477754962354552,0.85,0.5,0.0
0,162000.0,337500.0,16875.0,1,3.2142368240930868,0.4,0.5,1.0
0,157500.0,604413.0,20106.0,0,19.638603696098563,0.4,0.5,0.0
1,72000.0,675000.0,49117.5,1,8.588637919233403,0.4,0.6,0.0
0,202500.0,1125000.0,36423.0,1,0.6735112936344969,0.6,0.5,0.0
0,121500.0,161730.0,11632.5,0,29.49486652977413,0.4,0.5,0.0
0,157500.0,1093500.0,38871.0,0,7.96167008898015,0.4,0.6,0.0
0,157500.0,1436850.0,42142.5,3,3.375770020533881,0.85,0.6,0.0
0,81000.0,553806.0,23593.5,0,2.4531143052703626,0.4,0.5,0.0
0,112500.0,312768.0,22374.0,1,0.26283367556468173,0.6,0.5,0.0
1,135000.0,450000.0,27324.0,0,7.383983572895278,0.4,0.6,0.0
0,225000.0,592560.0,31153.5,0,8.607802874743326,0.4,0.5,0.0
0,270000.0,675000.0,36747.0,0,6.250513347022587,0.4,0.6,0.0
0,166500.0,772686.0,25056.0,2,0.5475701574264202,0.4,0.5,0.0
0,225000.0,1622691.0,44752.5,1,2.732375085557837,0.4,0.5,0.0
0,135000.0,1467612.0,54517.5,1,1.0458590006844628,0.85,0.65,0.0
0,76500.0,299772.0,14710.5,2,1.0787132101300478,0.4,0.5,0.0
0,157500.0,879480.0,28498.5,0,5.434633812457221,0.4,0.5,0.0
0,202500.0,1260702.0,39712.5,0,16.202600958247775,0.4,0.5,0.0
1,135000.0,364896.0,19795.5,1,1.4702258726899384,0.85,0.5,0.0
0,112500.0,288873.0,16713.0,0,0.6078028747433265,0.4,0.5,0.0
0,90000.0,270000.0,13500.0,0,0.9856262833675564,0.4,0.6,1.0
0,157500.0,808650.0,31333.5,0,6.674880219028063,0.4,0.5,0.0
1,157500.0,641173.5,21190.5,1,7.433264887063655,0.4,0.5,0.0
1,225000.0,1215000.0,33543.0,0,3.433264887063655,0.4,0.5,0.0
0,90000.0,270000.0,13500.0,1,1.6372347707049966,0.4,0.5,1.0
0,337500.0,679500.0,19867.5,0,0.7145790554414785,0.4,0.6,0.0
0,157500.0,337500.0,16546.5,0,0.8350444900752909,0.6,0.6,0.0
0,180000.0,180000.0,15390.0,1,2.0342231348391513,0.85,0.5,0.0
1,225000.0,473760.0,51151.5,0,1.6892539356605065,0.2,0.5,0.0
1,157500.0,835380.0,42651.0,1,4.4106776180698155,0.85,0.5,0.0
0,112500.0,573408.0,17514.0,0,9.363449691991786,0.4,0.5,0.0
0,67500.0,545040.0,26640.0,0,2.458590006844627,0.4,0.5,0.0
0,112500.0,180000.0,11632.5,0,9.768651608487337,0.4,0.6,0.0
0,166500.0,604152.0,23139.0,0,41.02669404517454,0.4,0.6,0.0
0,166500.0,536917.5,32976.0,0,4.605065023956194,0.4,0.6,0.0
0,450000.0,1389204.0,130554.0,0,25.95208761122519,0.4,0.5,0.0
0,126000.0,521280.0,28408.5,1,13.957563312799453,0.4,0.6,0.0
0,112500.0,76410.0,8748.0,2,12.539356605065024,0.4,0.5,0.0
0,157500.0,505246.5,51903.0,1,11.813826146475018,0.4,0.5,0.0
1,270000.0,315000.0,16213.5,0,5.453798767967146,0.85,0.5,0.0
0,166500.0,790830.0,48510.0,1,3.5263518138261465,0.4,0.6,0.0
0,90000.0,148365.0,11479.5,1,2.1437371663244353,0.85,0.5,0.0
0,112500.0,239787.0,25308.0,2,4.791238877481177,0.4,0.5,0.0
0,157500.0,1683990.0,46309.5,0,4.878850102669404,0.4,0.5,0.0
0,157500.0,180000.0,9000.0,0,2.11088295687885,0.4,0.5,1.0
0,112500.0,270000.0,13500.0,1,29.82340862422998,0.85,0.5,1.0
0,382500.0,485640.0,38938.5,0,6.86652977412731,0.85,0.6,0.0
0,135000.0,675000.0,26284.5,0,0.5859000684462696,0.4,0.6,0.0
0,148500.0,269550.0,21739.5,1,4.733744010951403,0.4,0.5,0.0
0,180000.0,1546020.0,40914.0,0,3.455167693360712,0.85,0.5,0.0
0,180000.0,781920.0,47965.5,0,10.617385352498289,0.4,0.6,0.0
0,405000.0,790830.0,57676.5,2,3.3867214236824092,0.85,0.6,0.0
0,292500.0,1762110.0,48456.0,0,5.388090349075975,0.85,0.6,0.0
1,180000.0,675000.0,65889.0,1,16.27104722792608,0.4,0.5,0.0
0,202500.0,671652.0,53194.5,1,4.32580424366872,0.85,0.6,0.0
1,135000.0,135000.0,8856.0,0,1.2484599589322383,0.4,0.6,0.0
0,292500.0,371862.0,29511.0,0,0.8295687885010267,0.4,0.5,0.0
0,180000.0,364896.0,28957.5,0,5.155373032169747,0.4,0.6,0.0
0,157500.0,562981.5,28872.0,0,3.156741957563313,0.4,0.5,0.0
0,180000.0,835380.0,33259.5,2,7.260780287474333,0.4,0.5,0.0
0,126000.0,373140.0,20965.5,0,10.888432580424366,0.85,0.5,0.0
0,225000.0,540000.0,23917.5,0,4.574948665297741,0.4,0.65,0.0
0,135000.0,755190.0,32125.5,0,0.4654346338124572,0.85,0.5,0.0
1,157500.0,1350000.0,37125.0,0,0.6187542778918549,0.85,0.5,0.0
0,85500.0,269550.0,13761.0,0,6.850102669404517,0.4,0.5,0.0
0,180000.0,979992.0,28782.0,1,8.147843942505133,0.85,0.6,0.0
1,112500.0,675000.0,32602.5,0,1.88911704312115,0.4,0.5,0.0
0,99000.0,168102.0,19093.5,1,4.035592060232717,0.4,0.5,0.0
0,126000.0,1078200.0,31653.0,0,12.473648186173854,0.4,0.65,0.0
0,270000.0,675000.0,26770.5,0,16.42984257357974,0.4,0.5,0.0
1,135000.0,125640.0,5530.5,0,7.879534565366187,0.4,0.5,0.0
0,135000.0,405000.0,20250.0,1,1.3114305270362765,0.4,0.6,1.0
0,247500.0,1527579.0,53226.0,1,21.998631074606433,0.4,0.65,0.0
0,247500.0,285723.0,22108.5,2,10.190280629705681,0.85,0.65,0.0
0,270000.0,450000.0,17095.5,2,3.1266255989048597,0.4,0.5,0.0
0,225000.0,1305000.0,38155.5,0,1.9137577002053388,0.85,0.6,0.0
0,87750.0,1056447.0,31018.5,0,1.0458590006844628,0.85,0.5,0.0
0,225000.0,201469.5,14787.0,0,10.787132101300479,0.4,0.5,0.0
0,157500.0,97038.0,6561.0,0,0.5256673511293635,0.4,0.5,0.0
0,112500.0,1350000.0,37255.5,0,9.333333333333334,0.4,0.5,0.0
1,135000.0,364896.0,28827.0,0,2.568104038329911,0.6,0.5,0.0
0,112500.0,429763.5,33952.5,0,2.130047912388775,0.4,0.5,0.0
0,112500.0,877500.0,25654.5,0,3.3347022587268995,0.4,0.5,0.0
0,225000.0,808650.0,26217.0,0,7.668720054757015,0.85,0.5,0.0
0,112500.0,144000.0,11304.0,0,8.435318275154003,0.85,0.5,0.0
0,81000.0,135000.0,6750.0,2,7.846680355920602,0.85,0.5,1.0
0,360000.0,900000.0,60390.0,0,11.446954140999315,0.4,0.6,0.0
1,225000.0,640080.0,29970.0,0,1.864476386036961,0.4,0.5,0.0
0,225000.0,540000.0,27000.0,0,3.0390143737166326,0.4,0.6,1.0
0,76500.0,152820.0,12204.0,0,0.8898015058179329,0.85,0.6,0.0
0,112500.0,294322.5,11223.0,3,8.618754277891854,0.4,0.5,0.0
0,67500.0,225000.0,14377.5,0,5.675564681724846,0.4,0.65,0.0
0,117000.0,675000.0,21775.5,1,2.108145106091718,0.4,0.6,0.0
0,157500.0,225000.0,14647.5,0,0.7474332648870636,0.6,0.6,0.0
0,100800.0,225000.0,11619.0,0,12.09034907597536,0.4,0.5,0.0
0,135000.0,1061599.5,31171.5,2,1.2594113620807665,0.85,0.5,0.0
0,225000.0,972000.0,54405.0,1,3.241615331964408,0.4,0.5,0.0
0,225000.0,318411.0,23202.0,1,3.490759753593429,0.4,0.6,0.0
0,225000.0,381528.0,18553.5,0,5.475701574264202,0.4,0.5,0.0
1,202500.0,948582.0,30730.5,0,5.505817932922656,0.85,0.6,0.0
0,225000.0,518562.0,20695.5,0,5.144421629021219,0.4,0.6,0.0
1,99000.0,163008.0,11020.5,1,11.709787816563997,0.4,0.5,0.0
0,495000.0,1467612.0,62311.5,2,4.057494866529774,0.85,0.5,0.0
0,157500.0,720000.0,21051.0,1,1.6509240246406571,0.4,0.5,0.0
0,180000.0,900000.0,35824.5,0,3.7180013689253935,0.85,0.5,0.0
0,81000.0,1255680.0,41629.5,0,3.583846680355921,0.4,0.65,0.0
0,45000.0,573408.0,30681.0,1,19.359342915811087,0.4,0.5,0.0
0,135000.0,1205896.5,35388.0,1,17.744010951403148,0.4,0.5,0.0
1,67500.0,202500.0,10125.0,0,4.27378507871321,0.4,0.6,1.0
0,67500.0,808650.0,26217.0,2,4.457221081451061,0.4,0.6,0.0
0,157500.0,270000.0,13500.0,1,10.403832991101986,0.4,0.5,1.0
0,99000.0,848745.0,46174.5,2,1.5578370978781657,0.4,0.5,0.0
0,270000.0,1063719.0,54441.0,0,1.4264202600958247,0.4,0.65,0.0
0,90000.0,270000.0,14778.0,0,2.379192334017796,0.4,0.6,0.0
0,540000.0,1125000.0,109728.0,0,14.715947980835045,0.4,0.5,0.0
1,103500.0,457834.5,22396.5,0,2.628336755646817,0.4,0.6,0.0
